date,open,high,low,close,adjusted_close,volume,warning,symbol
2025-02-03,9400,9400,9225,9350,9011.3255,90439906,,BBCA.JK
2025-02-04,9350,9400,9175,9175,8842.6643,94607695,,BBCA.JK
2025-02-05,9100,9175,9100,9125,8794.4754,98229906,,BBCA.JK
2025-02-06,9075,9100,8850,8950,8625.8142,171477797,,BBCA.JK
2025-02-07,8950,9350,8825,9350,9011.3255,131162203,,BBCA.JK
2025-02-10,9025,9250,9025,9150,8818.5698,76209102,,BBCA.JK
2025-02-11,9025,9100,9000,9075,8746.2865,71188305,,BBCA.JK
2025-02-12,8950,9150,8950,9150,8818.5698,121172602,,BBCA.JK
2025-02-13,9100,9150,9000,9000,8674.0031,90439695,,BBCA.JK
2025-02-14,9000,9075,8950,8975,8649.9087,116274492,,BBCA.JK
2025-02-17,8975,9325,8975,9325,8987.231,89096398,,BBCA.JK
2025-02-18,9325,9575,9250,9300,8963.1366,107318305,,BBCA.JK
2025-02-19,9225,9250,8950,8950,8625.8142,154438203,,BBCA.JK
2025-02-20,8975,9025,8950,9000,8674.0031,119260797,,BBCA.JK
2025-02-21,8950,9000,8925,9000,8674.0031,106054703,,BBCA.JK
2025-02-24,8925,8975,8875,8925,8601.7198,108530305,,BBCA.JK
2025-02-25,8900,9000,8825,8825,8505.3419,101592703,,BBCA.JK
2025-02-26,8800,8900,8725,8775,8457.153,117843508,,BBCA.JK
2025-02-27,8800,8800,8500,8525,8216.2085,199991594,,BBCA.JK
2025-02-28,8525,8675,8425,8425,8119.8307,293095000,,BBCA.JK
2025-03-03,8600,8900,8550,8800,8481.2475,192944297,,BBCA.JK
2025-03-04,8900,8925,8675,8850,8529.4364,125418492,,BBCA.JK
2025-03-05,8825,9175,8825,9000,8674.0031,155207906,,BBCA.JK
2025-03-06,9200,9200,8975,8975,8649.9087,96270094,,BBCA.JK
2025-03-07,9000,9000,8925,8925,8601.7198,82295297,,BBCA.JK
2025-03-10,8750,8975,8725,8925,8601.7198,97652094,,BBCA.JK
2025-03-11,8950,9050,8875,8925,8601.7198,109295602,,BBCA.JK
2025-03-12,9025,9125,8975,9125,8794.4754,87968898,,BBCA.JK
2025-03-13,9150,9175,8975,8975,8649.9087,83030703,,BBCA.JK
2025-03-14,8800,8925,8750,8750,8433.0586,111397797,,BBCA.JK
2025-03-17,8750,8775,8550,8600,8288.4919,151365703,,BBCA.JK
2025-03-18,8500,8550,8075,8300,7999.3584,417305656,,BBCA.JK
2025-03-19,8300,8400,8225,8325,8023.4529,214108188,,BBCA.JK
2025-03-20,8450,8475,8350,8375,8071.6418,152917297,,BBCA.JK
2025-03-21,8275,8275,7900,7900,7848.1194,377916406,,BBCA.JK
2025-03-24,7825,8100,7625,7950,7897.791,331836812,,BBCA.JK
2025-03-25,8075,8150,8000,8050,7997.1343,136341703,,BBCA.JK
2025-03-26,8300,8650,8275,8525,8469.0149,283104594,,BBCA.JK
2025-03-27,8425,8575,8375,8500,8444.1791,122943906,,BBCA.JK
2025-04-08,7400,8000,7275,7775,7723.9403,533073625,,BBCA.JK
2025-04-09,7700,7950,7675,7925,7872.9552,136753906,,BBCA.JK
2025-04-10,8500,8650,8175,8225,8170.9851,144148609,,BBCA.JK
2025-04-11,8200,8325,8050,8275,8220.6567,82612398,,BBCA.JK
2025-04-14,8250,8400,8250,8400,8344.8358,83319297,,BBCA.JK
2025-04-15,8575,8600,8450,8575,8518.6866,83432797,,BBCA.JK
2025-04-16,8500,8550,8425,8475,8419.3433,76886000,,BBCA.JK
2025-04-17,8450,8500,8350,8500,8444.1791,83540602,,BBCA.JK
2025-04-21,8500,8500,8300,8300,8245.4925,40683801,,BBCA.JK
2025-04-22,8325,8500,8325,8500,8444.1791,56537102,,BBCA.JK
2025-04-23,8550,8725,8550,8725,8667.7015,92329602,,BBCA.JK
2025-04-24,8850,8850,8475,8475,8419.3433,143675297,,BBCA.JK
2025-04-25,8650,8650,8575,8600,8543.5224,58297000,,BBCA.JK
2025-04-28,8750,8775,8650,8775,8717.3731,73235398,,BBCA.JK
2025-04-29,8800,8825,8700,8725,8667.7015,60315699,,BBCA.JK
2025-04-30,8800,8925,8675,8825,8767.0448,164597500,,BBCA.JK
2025-05-02,9000,9000,8850,8975,8916.0597,92219000,,BBCA.JK
2025-05-05,9000,9050,8975,8975,8916.0597,86385602,,BBCA.JK
2025-05-06,9050,9050,8975,9025,8965.7313,48860500,,BBCA.JK
2025-05-07,9075,9100,9000,9075,9015.403,77382000,,BBCA.JK
2025-05-08,9075,9200,8925,8975,8916.0597,99614492,,BBCA.JK
2025-05-09,9050,9050,8975,9000,8940.8955,47167500,,BBCA.JK
2025-05-14,9250,9300,9150,9275,9214.0896,149002891,,BBCA.JK
2025-05-15,9275,9400,9250,9275,9214.0896,101401297,,BBCA.JK
2025-05-16,9300,9325,9225,9300,9238.9254,63007500,,BBCA.JK
2025-05-19,9275,9500,9250,9500,9437.6119,111597203,,BBCA.JK
2025-05-20,9500,9675,9475,9475,9412.7761,160614797,,BBCA.JK
2025-05-21,9700,9725,9550,9700,9636.2985,169739203,,BBCA.JK
2025-05-22,9800,9800,9650,9650,9586.6269,103113000,,BBCA.JK
2025-05-23,9775,9775,9625,9675,9611.4627,61189699,,BBCA.JK
2025-05-26,9600,9650,9500,9625,9561.791,56625301,,BBCA.JK
2025-05-27,9550,9600,9450,9450,9387.9403,93212000,,BBCA.JK
2025-05-28,9450,9550,9400,9400,9338.2687,236950797,,BBCA.JK
2025-06-02,9025,9175,9025,9100,9040.2388,264428719,,BBCA.JK
2025-06-03,9050,9125,8950,9050,8990.5672,128318094,,BBCA.JK
2025-06-04,9100,9125,8950,8975,8916.0597,93357203,,BBCA.JK
2025-06-05,9000,9050,8900,8925,8866.3881,95529000,,BBCA.JK
2025-06-10,8975,9100,8950,9100,9040.2388,80406398,,BBCA.JK
2025-06-11,9100,9125,9050,9050,8990.5672,56632602,,BBCA.JK
2025-06-12,9000,9125,9000,9125,9065.0746,41337301,,BBCA.JK
2025-06-13,9100,9125,8975,9025,8965.7313,83318000,,BBCA.JK
2025-06-16,8925,9000,8900,8925,8866.3881,57825000,,BBCA.JK
2025-06-17,8975,9100,8975,9075,9015.403,54927898,,BBCA.JK
2025-06-18,8950,9025,8900,8900,8841.5522,86270203,,BBCA.JK
2025-06-19,8900,8925,8750,8775,8717.3731,78879508,,BBCA.JK
2025-06-20,8700,8875,8625,8700,8642.8657,445915125,,BBCA.JK
2025-06-23,8575,8700,8500,8625,8568.3582,87324492,,BBCA.JK
2025-06-24,8725,8850,8700,8775,8717.3731,110158898,,BBCA.JK
2025-06-25,8725,8775,8475,8600,8543.5224,117561000,,BBCA.JK
2025-06-26,8525,8650,8525,8650,8593.194,117281695,,BBCA.JK
2025-06-30,8575,8825,8550,8675,8618.0299,185441797,,BBCA.JK
2025-07-01,8750,8775,8600,8700,8642.8657,82390602,,BBCA.JK
2025-07-02,8575,8675,8575,8675,8618.0299,68545102,,BBCA.JK
2025-07-03,8700,8750,8600,8600,8543.5224,50370801,,BBCA.JK
2025-07-04,8650,8700,8550,8650,8593.194,43593301,,BBCA.JK
2025-07-07,8625,8650,8550,8625,8568.3582,49936898,,BBCA.JK
2025-07-08,8550,8600,8425,8500,8444.1791,215611016,,BBCA.JK
2025-07-09,8500,8550,8450,8500,8444.1791,94459297,,BBCA.JK
2025-07-10,8525,8650,8500,8600,8543.5224,111769398,,BBCA.JK
2025-07-11,8575,8675,8575,8625,8568.3582,135986500,,BBCA.JK
2025-07-14,8650,8675,8450,8525,8469.0149,125196000,,BBCA.JK
2025-07-15,8600,8600,8475,8550,8493.8507,77219297,,BBCA.JK
2025-07-16,8550,8600,8500,8525,8469.0149,97475297,,BBCA.JK
2025-07-17,8500,8550,8500,8525,8469.0149,86016398,,BBCA.JK
2025-07-18,8550,8575,8425,8425,8369.6716,80432203,,BBCA.JK
2025-07-21,8450,8500,8375,8450,8394.5075,95383508,,BBCA.JK
2025-07-22,8450,8475,8400,8400,8344.8358,77981695,,BBCA.JK
2025-07-23,8450,8500,8400,8425,8369.6716,70969508,,BBCA.JK
2025-07-24,8475,8550,8450,8500,8444.1791,138256797,,BBCA.JK
2025-07-25,8500,8525,8450,8450,8394.5075,58682801,,BBCA.JK
2025-07-28,8625,8625,8475,8500,8444.1791,99484305,,BBCA.JK
2025-07-29,8500,8500,8375,8400,8344.8358,104240305,,BBCA.JK
2025-07-30,8475,8475,8325,8375,8320.0,98098094,,BBCA.JK
2025-07-31,8350,8375,8250,8275,8220.6567,206006297,,BBCA.JK
2025-08-01,8400,8425,8300,8300,8245.4925,86196094,,BBCA.JK
2025-08-04,8325,8350,8275,8275,8220.6567,49054500,,BBCA.JK
2025-08-05,8350,8450,8325,8425,8369.6716,69475906,,BBCA.JK
2025-08-06,8425,8425,8300,8300,8245.4925,56325398,,BBCA.JK
2025-08-07,8325,8350,8300,8300,8245.4925,43621301,,BBCA.JK
2025-08-08,8325,8400,8300,8300,8245.4925,68378703,,BBCA.JK
2025-08-11,8500,8550,8425,8550,8493.8507,128561297,,BBCA.JK
2025-08-12,8625,8875,8575,8850,8791.8806,171015703,,BBCA.JK
2025-08-13,8975,8975,8725,8925,8866.3881,129083906,,BBCA.JK
2025-08-14,8925,8950,8750,8775,8717.3731,122930898,,BBCA.JK
2025-08-15,8825,8850,8700,8700,8642.8657,68754203,,BBCA.JK
2025-08-19,8600,8600,8450,8500,8444.1791,128591695,,BBCA.JK
2025-08-20,8375,8600,8350,8525,8469.0149,202260188,,BBCA.JK
2025-08-21,8550,8575,8500,8550,8493.8507,69470203,,BBCA.JK
2025-08-22,8575,8575,8450,8450,8394.5075,66394102,,BBCA.JK
2025-08-25,8525,8550,8475,8475,8419.3433,64052699,,BBCA.JK
2025-08-26,8450,8475,8250,8250,8195.8209,326794219,,BBCA.JK
2025-08-27,8250,8350,8200,8300,8245.4925,111915695,,BBCA.JK
2025-08-28,8350,8375,8275,8325,8270.3284,81281398,,BBCA.JK
2025-08-29,8250,8275,8075,8075,8021.9701,236499297,,BBCA.JK
2025-09-01,7650,8050,7600,8000,7947.4627,421127531,,BBCA.JK
2025-09-02,8000,8175,8000,8000,7947.4627,155531500,,BBCA.JK
2025-09-03,7900,8000,7900,7975,7922.6269,212372703,,BBCA.JK
2025-09-04,7975,8000,7925,8000,7947.4627,103534797,,BBCA.JK
2025-09-08,8025,8025,7700,7700,7649.4328,321191906,,BBCA.JK
2025-09-09,7625,7725,7475,7525,7475.5821,595368688,,BBCA.JK
2025-09-10,7550,7800,7550,7800,7748.7761,247204000,,BBCA.JK
2025-09-11,7900,7975,7850,7850,7798.4478,235173406,,BBCA.JK
2025-09-12,7975,7975,7850,7925,7872.9552,156084703,,BBCA.JK
2025-09-15,8000,8100,7975,8025,7972.2985,142567703,,BBCA.JK
2025-09-16,8050,8075,7900,7925,7872.9552,129312898,,BBCA.JK
2025-09-17,7850,7900,7800,7850,7798.4478,183725906,,BBCA.JK
2025-09-18,7850,7900,7650,7700,7649.4328,275378688,,BBCA.JK
2025-09-19,7650,7825,7650,7800,7748.7761,149025297,,BBCA.JK
2025-09-22,7800,7825,7725,7725,7674.2687,92588797,,BBCA.JK
2025-09-23,7750,7900,7750,7875,7823.2836,102606203,,BBCA.JK
2025-09-24,7950,7950,7725,7775,7723.9403,150428406,,BBCA.JK
2025-09-25,7725,7775,7700,7700,7649.4328,147986594,,BBCA.JK
2025-09-26,7575,7700,7575,7625,7574.9254,121657695,,BBCA.JK
2025-09-29,7750,7800,7700,7775,7723.9403,116454703,,BBCA.JK
2025-09-30,7700,7775,7625,7625,7574.9254,170666703,,BBCA.JK
2025-10-01,7600,7675,7500,7500,7450.7463,202433406,,BBCA.JK
2025-10-02,7500,7600,7500,7500,7450.7463,126952398,,BBCA.JK
2025-10-03,7525,7550,7500,7525,7475.5821,76787508,,BBCA.JK
2025-10-06,7500,7550,7450,7500,7450.7463,104035906,,BBCA.JK
2025-10-07,7550,7600,7500,7575,7525.2537,74282602,,BBCA.JK
2025-10-08,7500,7525,7375,7375,7326.5672,168080797,,BBCA.JK
2025-10-09,7375,7700,7300,7550,7500.4179,293567406,,BBCA.JK
2025-10-10,7450,7450,7350,7400,7351.403,107426000,,BBCA.JK
2025-10-13,7300,7375,7300,7325,7276.8955,101847906,,BBCA.JK
2025-10-14,7275,7350,7250,7250,7202.3881,151867594,,BBCA.JK
2025-10-15,7250,7350,7225,7250,7202.3881,133206406,,BBCA.JK
2025-10-16,7250,7325,7225,7300,7252.0597,120611203,,BBCA.JK
2025-10-17,7300,7525,7275,7500,7450.7463,157334406,,BBCA.JK
2025-10-20,7700,8000,7625,7875,7823.2836,393421781,,BBCA.JK
2025-10-21,8100,8475,8100,8475,8419.3433,529802562,,BBCA.JK
2025-10-22,8700,8700,8200,8200,8146.1493,392957188,,BBCA.JK
2025-10-23,8200,8350,8150,8325,8270.3284,187003906,,BBCA.JK
2025-10-24,8300,8375,8275,8275,8220.6567,133355109,,BBCA.JK
2025-10-27,8325,8425,8200,8350,8295.1642,182275594,,BBCA.JK
2025-10-28,8350,8400,8250,8275,8220.6567,180270000,,BBCA.JK
2025-10-29,8300,8600,8275,8600,8543.5224,239156797,,BBCA.JK
2025-10-30,8575,8750,8475,8525,8469.0149,259009797,,BBCA.JK
2025-10-31,8550,8650,8525,8525,8469.0149,177088000,,BBCA.JK
2025-11-03,8650,8650,8525,8650,8593.194,115007102,,BBCA.JK
2025-11-04,8650,8700,8625,8650,8593.194,155231500,,BBCA.JK
2025-11-05,8625,8700,8600,8700,8642.8657,125731508,,BBCA.JK
2025-11-06,8625,8675,8550,8550,8493.8507,89756898,,BBCA.JK
2025-11-07,8550,8675,8550,8675,8618.0299,75241906,,BBCA.JK
2025-11-10,8675,8675,8575,8575,8518.6866,79897695,,BBCA.JK
2025-11-11,8575,8600,8400,8400,8344.8358,130897602,,BBCA.JK
2025-11-12,8425,8550,8400,8500,8444.1791,85415602,,BBCA.JK
2025-11-13,8400,8475,8375,8375,8320.0,104113797,,BBCA.JK
2025-11-14,8375,8500,8375,8425,8369.6716,89815297,,BBCA.JK
2025-11-17,8500,8575,8475,8575,8518.6866,129411102,,BBCA.JK
2025-11-18,8550,8575,8400,8400,8344.8358,119377906,,BBCA.JK
2025-11-19,8350,8500,8325,8475,8419.3433,114209695,,BBCA.JK
2025-11-20,8475,8600,8400,8425,8369.6716,124087398,,BBCA.JK
2025-11-21,8375,8425,8350,8400,8344.8358,103917102,,BBCA.JK
2025-11-24,8400,8475,8350,8475,8419.3433,279590594,,BBCA.JK
2025-11-25,8475,8500,8375,8500,8444.1791,98807695,,BBCA.JK
2025-11-26,8400,8450,8375,8425,8369.6716,77094398,,BBCA.JK
2025-11-27,8425,8450,8325,8325,8270.3284,71051297,,BBCA.JK
2025-11-28,8325,8350,8275,8275,8220.6567,67559297,,BBCA.JK
2025-12-01,8450,8450,8350,8400,8344.8358,76359203,,BBCA.JK
2025-12-02,8350,8425,8350,8375,8320.0,97044000,,BBCA.JK
2025-12-03,8350,8400,8300,8300,8300.0,103550898,,BBCA.JK
2025-12-04,8325,8350,8225,8225,8225.0,71410398,,BBCA.JK
2025-12-05,8200,8300,8200,8300,8300.0,71162305,,BBCA.JK
2025-12-08,8350,8350,8250,8300,8300.0,61745199,,BBCA.JK
2025-12-09,8300,8300,8100,8100,8100.0,113057203,,BBCA.JK
2025-12-10,8100,8175,8025,8075,8075.0,143418297,,BBCA.JK
2025-12-11,8175,8200,7900,8000,8000.0,140766000,,BBCA.JK
2025-12-12,7900,8000,7850,8000,8000.0,100006797,,BBCA.JK
2025-12-15,7925,8300,7925,8300,8300.0,143105703,,BBCA.JK
2025-12-16,8375,8375,8025,8075,8075.0,122332000,,BBCA.JK
2025-12-17,8000,8125,7975,8025,8025.0,89802703,,BBCA.JK
2025-12-18,8025,8250,8025,8175,8175.0,88497203,,BBCA.JK
2025-12-19,8200,8225,8050,8050,8050.0,131069797,,BBCA.JK
2025-12-22,8050,8175,8025,8175,8175.0,72424203,,BBCA.JK
2025-12-23,8100,8125,7975,8025,8025.0,85044094,,BBCA.JK
2025-12-24,8025,8075,8000,8025,8025.0,71260492,,BBCA.JK
2025-12-29,8025,8025,7950,8025,8025.0,78399398,,BBCA.JK
2025-12-30,7950,8175,7950,8075,8075.0,101995602,,BBCA.JK
2026-01-02,8075,8075,8000,8025,8025.0,68612398,,BBCA.JK
2026-01-05,8000,8100,8000,8075,8075.0,73408797,,BBCA.JK
2026-01-06,8175,8175,8075,8175,8175.0,97624305,,BBCA.JK
2026-01-07,8125,8175,8025,8150,8150.0,93152492,,BBCA.JK
2026-01-08,8100,8150,8050,8050,8050.0,79823695,,BBCA.JK
2026-01-09,8125,8175,8050,8125,8125.0,79484703,,BBCA.JK
2026-01-12,8075,8100,8000,8025,8025.0,82935695,,BBCA.JK
2026-01-13,8025,8075,8000,8075,8075.0,80536305,,BBCA.JK
2026-01-14,8025,8050,7950,8000,8000.0,105724305,,BBCA.JK
2026-01-15,8000,8175,7975,8075,8075.0,151753109,,BBCA.JK
2026-01-19,8075,8125,7975,8125,8125.0,172100000,,BBCA.JK
2026-01-20,8050,8125,8000,8000,8000.0,82672492,,BBCA.JK
2026-01-21,7925,7950,7700,7700,7700.0,301825594,,BBCA.JK
2026-01-22,7700,7775,7600,7650,7650.0,268025906,,BBCA.JK
2026-01-23,7600,7675,7550,7650,7650.0,202878594,,BBCA.JK
2026-01-26,7550,7675,7525,7650,7650.0,213044094,,BBCA.JK
2026-01-27,7575,7625,7500,7500,7500.0,259830891,,BBCA.JK
2026-01-28,7050,7400,6925,7025,7025.0,1027287100,,BBCA.JK
2026-01-29,6675,7275,6375,7200,7200.0,1432993000,,BBCA.JK
2026-01-30,7200,7600,7200,7400,7400.0,528434900,Data is limited by one year as you have free subscription,BBCA.JK
2025-02-03,4200,4270,4150,4250,3871.3342,220285800,,BBRI.JK
2025-02-04,4260,4300,4200,4260,3880.4433,231917500,,BBRI.JK
2025-02-05,4250,4250,4140,4140,3771.135,209834400,,BBRI.JK
2025-02-06,4120,4160,3940,3970,3616.2816,378545500,,BBRI.JK
2025-02-07,3970,4030,3940,4030,3670.9358,259636200,,BBRI.JK
2025-02-10,4000,4050,3950,3970,3616.2816,201999400,,BBRI.JK
2025-02-11,3970,4040,3900,4010,3652.7177,276382800,,BBRI.JK
2025-02-12,3960,4060,3950,4030,3670.9358,362571900,,BBRI.JK
2025-02-13,4000,4030,3960,3990,3634.4997,341640600,,BBRI.JK
2025-02-14,4000,4010,3850,3860,3516.0824,524909600,,BBRI.JK
2025-02-17,3870,4030,3870,4030,3670.9358,265737100,,BBRI.JK
2025-02-18,4030,4180,4030,4150,3780.244,374350700,,BBRI.JK
2025-02-19,4160,4180,4010,4020,3661.8267,348358600,,BBRI.JK
2025-02-20,3970,4020,3910,3910,3561.6275,312753300,,BBRI.JK
2025-02-21,3910,3930,3870,3890,3543.4094,205268800,,BBRI.JK
2025-02-24,3900,3940,3870,3920,3570.7365,138610800,,BBRI.JK
2025-02-25,3880,3920,3800,3800,3461.4283,404555100,,BBRI.JK
2025-02-26,3800,3860,3760,3820,3479.6463,242834100,,BBRI.JK
2025-02-27,3790,3800,3610,3630,3306.5749,410928000,,BBRI.JK
2025-02-28,3500,3540,3360,3360,3060.6313,1000597600,,BBRI.JK
2025-03-03,3520,3740,3470,3670,3343.011,744626800,,BBRI.JK
2025-03-04,3680,3720,3600,3670,3343.011,338434700,,BBRI.JK
2025-03-05,3710,3900,3710,3840,3497.8643,441151000,,BBRI.JK
2025-03-06,3870,3990,3870,3950,3598.0636,434485100,,BBRI.JK
2025-03-07,3930,3930,3810,3810,3470.5373,243793600,,BBRI.JK
2025-03-10,3790,3810,3730,3760,3424.9922,232192200,,BBRI.JK
2025-03-11,3700,3790,3660,3790,3452.3192,273961800,,BBRI.JK
2025-03-12,3810,3920,3810,3890,3543.4094,271631200,,BBRI.JK
2025-03-13,3960,3970,3800,3800,3461.4283,209225700,,BBRI.JK
2025-03-14,3750,3840,3750,3750,3415.8831,156131900,,BBRI.JK
2025-03-17,3780,3840,3730,3830,3488.7553,162467700,,BBRI.JK
2025-03-18,3840,3860,3500,3680,3352.12,416894600,,BBRI.JK
2025-03-19,3710,3780,3680,3710,3379.4471,352217700,,BBRI.JK
2025-03-20,3730,3760,3640,3660,3333.9019,313033000,,BBRI.JK
2025-03-21,3600,3700,3550,3700,3370.338,627645600,,BBRI.JK
2025-03-24,3650,3740,3520,3610,3288.3568,342883200,,BBRI.JK
2025-03-25,3660,3840,3660,3800,3461.4283,331285900,,BBRI.JK
2025-03-26,3870,4020,3860,4000,3643.6087,540888800,,BBRI.JK
2025-03-27,4000,4050,3930,4050,3689.1538,322553200,,BBRI.JK
2025-04-08,3460,3750,3450,3640,3315.6839,734807100,,BBRI.JK
2025-04-09,3610,3710,3600,3630,3306.5749,366649900,,BBRI.JK
2025-04-10,3920,3930,3770,3800,3461.4283,417562900,,BBRI.JK
2025-04-11,3600,3650,3590,3630,3498.4365,301200600,,BBRI.JK
2025-04-14,3630,3690,3620,3690,3556.2619,169458300,,BBRI.JK
2025-04-15,3730,3780,3680,3690,3556.2619,254224400,,BBRI.JK
2025-04-16,3690,3700,3600,3650,3517.7116,233772400,,BBRI.JK
2025-04-17,3670,3670,3610,3640,3508.0741,121059300,,BBRI.JK
2025-04-21,3620,3660,3570,3620,3488.7989,107470200,,BBRI.JK
2025-04-22,3600,3650,3600,3630,3498.4365,147116900,,BBRI.JK
2025-04-23,3660,3790,3640,3760,3623.7249,432999900,,BBRI.JK
2025-04-24,3790,3840,3720,3730,3594.8122,272537300,,BBRI.JK
2025-04-25,3770,3790,3730,3740,3604.4497,136517100,,BBRI.JK
2025-04-28,3790,3850,3780,3840,3700.8254,212945800,,BBRI.JK
2025-04-29,3860,3870,3820,3850,3710.463,160631400,,BBRI.JK
2025-04-30,3810,3850,3770,3850,3710.463,226832200,,BBRI.JK
2025-05-02,3920,3920,3850,3880,3739.3757,205628100,,BBRI.JK
2025-05-05,3900,3920,3860,3860,3720.1005,196917100,,BBRI.JK
2025-05-06,3840,3900,3840,3880,3739.3757,111333800,,BBRI.JK
2025-05-07,3900,3910,3870,3910,3768.2884,119763100,,BBRI.JK
2025-05-08,3910,3960,3780,3790,3652.6376,224121900,,BBRI.JK
2025-05-09,3810,3840,3760,3840,3700.8254,147638100,,BBRI.JK
2025-05-14,4000,4090,3960,4090,3941.7646,461642400,,BBRI.JK
2025-05-15,4140,4310,4130,4270,4115.2407,537151700,,BBRI.JK
2025-05-16,4310,4330,4160,4250,4095.9656,289337600,,BBRI.JK
2025-05-19,4230,4260,4200,4230,4076.6905,145935500,,BBRI.JK
2025-05-20,4230,4280,4170,4210,4057.4153,209576900,,BBRI.JK
2025-05-21,4210,4310,4210,4260,4105.6032,256020200,,BBRI.JK
2025-05-22,4280,4310,4240,4300,4144.1534,208291800,,BBRI.JK
2025-05-23,4350,4370,4330,4350,4192.3413,108182800,,BBRI.JK
2025-05-26,4350,4350,4260,4320,4163.4286,149418600,,BBRI.JK
2025-05-27,4320,4370,4280,4370,4211.6164,180028000,,BBRI.JK
2025-05-28,4360,4450,4320,4450,4288.7169,466133500,,BBRI.JK
2025-06-02,4360,4390,4200,4200,4047.7778,389541100,,BBRI.JK
2025-06-03,4210,4230,4120,4200,4047.7778,277902300,,BBRI.JK
2025-06-04,4230,4230,4080,4080,3932.127,279755300,,BBRI.JK
2025-06-05,4110,4140,4050,4100,3951.4021,230129500,,BBRI.JK
2025-06-10,4100,4160,4100,4150,3999.5899,179827500,,BBRI.JK
2025-06-11,4130,4140,4060,4070,3922.4894,196558700,,BBRI.JK
2025-06-12,4070,4100,4060,4070,3922.4894,113850500,,BBRI.JK
2025-06-13,4020,4050,3980,4000,3855.0265,283826000,,BBRI.JK
2025-06-16,3980,4010,3960,3990,3845.3889,155450700,,BBRI.JK
2025-06-17,4010,4030,3960,3960,3816.4762,125769400,,BBRI.JK
2025-06-18,3950,3960,3900,3940,3797.2011,140882100,,BBRI.JK
2025-06-19,3900,3920,3800,3800,3662.2751,355413000,,BBRI.JK
2025-06-20,3740,3840,3740,3790,3652.6376,516177900,,BBRI.JK
2025-06-23,3730,3750,3660,3720,3585.1746,222067700,,BBRI.JK
2025-06-24,3820,3900,3770,3780,3643.0,281594300,,BBRI.JK
2025-06-25,3830,3830,3730,3760,3623.7249,164257700,,BBRI.JK
2025-06-26,3780,3830,3750,3830,3691.1878,171427000,,BBRI.JK
2025-06-30,3840,3840,3730,3740,3604.4497,271933200,,BBRI.JK
2025-07-01,3780,3790,3670,3700,3565.8995,212288800,,BBRI.JK
2025-07-02,3650,3700,3640,3680,3546.6243,220273500,,BBRI.JK
2025-07-03,3710,3730,3680,3680,3546.6243,119674300,,BBRI.JK
2025-07-04,3680,3710,3650,3670,3536.9868,91141200,,BBRI.JK
2025-07-07,3670,3700,3650,3700,3565.8995,78783800,,BBRI.JK
2025-07-08,3690,3700,3650,3670,3536.9868,115551200,,BBRI.JK
2025-07-09,3650,3700,3650,3680,3546.6243,92437900,,BBRI.JK
2025-07-10,3690,3880,3680,3870,3729.7381,290117200,,BBRI.JK
2025-07-11,3920,3920,3870,3880,3739.3757,255634700,,BBRI.JK
2025-07-14,3880,3890,3750,3780,3643.0,167151400,,BBRI.JK
2025-07-15,3800,3880,3780,3880,3739.3757,183209300,,BBRI.JK
2025-07-16,3950,3960,3880,3880,3739.3757,241966800,,BBRI.JK
2025-07-17,3930,3930,3880,3890,3749.0132,111359500,,BBRI.JK
2025-07-18,3910,3940,3860,3860,3720.1005,111030000,,BBRI.JK
2025-07-21,3890,3900,3830,3830,3691.1878,89765800,,BBRI.JK
2025-07-22,3860,3880,3830,3840,3700.8254,84902800,,BBRI.JK
2025-07-23,3840,3860,3790,3800,3662.2751,132305000,,BBRI.JK
2025-07-24,3830,3950,3820,3950,3806.8386,206654200,,BBRI.JK
2025-07-25,3950,3950,3870,3880,3739.3757,86263700,,BBRI.JK
2025-07-28,3940,3950,3920,3940,3797.2011,94898300,,BBRI.JK
2025-07-29,3930,3930,3900,3920,3777.9259,98887100,,BBRI.JK
2025-07-30,3910,3910,3770,3780,3643.0,206358500,,BBRI.JK
2025-07-31,3780,3790,3700,3710,3575.537,163371700,,BBRI.JK
2025-08-01,3800,3800,3740,3740,3604.4497,134100500,,BBRI.JK
2025-08-04,3720,3740,3690,3710,3575.537,104446300,,BBRI.JK
2025-08-05,3700,3790,3700,3740,3604.4497,184822600,,BBRI.JK
2025-08-06,3770,3780,3710,3710,3575.537,100168200,,BBRI.JK
2025-08-07,3730,3750,3700,3710,3575.537,92746000,,BBRI.JK
2025-08-08,3710,3730,3700,3700,3565.8995,133180100,,BBRI.JK
2025-08-11,3720,3810,3720,3810,3671.9127,143167900,,BBRI.JK
2025-08-12,3860,4050,3830,4050,3903.2143,404797800,,BBRI.JK
2025-08-13,4060,4100,3990,4080,3932.127,292104000,,BBRI.JK
2025-08-14,4080,4100,4040,4060,3912.8519,164408100,,BBRI.JK
2025-08-15,4100,4150,4070,4120,3970.6772,269255400,,BBRI.JK
2025-08-18,4120,4120,4120,4120,3970.6772,0,,BBRI.JK
2025-08-19,4090,4100,4010,4040,3893.5767,208409700,,BBRI.JK
2025-08-20,4050,4150,4050,4150,3999.5899,173260400,,BBRI.JK
2025-08-21,4160,4170,4090,4150,3999.5899,112477700,,BBRI.JK
2025-08-22,4170,4170,4100,4100,3951.4021,71971500,,BBRI.JK
2025-08-25,4180,4270,4170,4210,4057.4153,195322200,,BBRI.JK
2025-08-26,4220,4220,4170,4170,4018.8651,267465600,,BBRI.JK
2025-08-27,4130,4150,4070,4130,3980.3148,123874000,,BBRI.JK
2025-08-28,4130,4150,4110,4140,3989.9524,60838200,,BBRI.JK
2025-08-29,4100,4120,4020,4050,3903.2143,217276600,,BBRI.JK
2025-09-01,3930,4010,3860,3980,3835.7513,234206100,,BBRI.JK
2025-09-02,3980,4050,3960,3960,3816.4762,111856000,,BBRI.JK
2025-09-03,4020,4030,3950,4030,3883.9392,112507500,,BBRI.JK
2025-09-04,3980,4010,3960,4000,3855.0265,87402700,,BBRI.JK
2025-09-05,4000,4000,4000,4000,3855.0265,0,,BBRI.JK
2025-09-08,4070,4070,3890,3900,3758.6508,143993900,,BBRI.JK
2025-09-09,3870,3890,3750,3790,3652.6376,327167200,,BBRI.JK
2025-09-10,3820,3890,3820,3880,3739.3757,117680500,,BBRI.JK
2025-09-11,4000,4120,3980,4080,3932.127,281910400,,BBRI.JK
2025-09-12,4180,4190,4110,4180,4028.5026,235383800,,BBRI.JK
2025-09-15,4200,4220,4120,4140,3989.9524,157482000,,BBRI.JK
2025-09-16,4160,4170,4080,4130,3980.3148,167511900,,BBRI.JK
2025-09-17,4160,4220,4120,4220,4067.0529,245154800,,BBRI.JK
2025-09-18,4270,4270,4210,4250,4095.9656,332670300,,BBRI.JK
2025-09-19,4230,4250,4180,4250,4095.9656,211373200,,BBRI.JK
2025-09-22,4250,4250,4110,4160,4009.2275,157592800,,BBRI.JK
2025-09-23,4120,4170,4110,4140,3989.9524,110771700,,BBRI.JK
2025-09-24,4140,4170,4100,4170,4018.8651,124591600,,BBRI.JK
2025-09-25,4170,4170,4050,4070,3922.4894,129656800,,BBRI.JK
2025-09-26,4050,4080,4000,4040,3893.5767,146229200,,BBRI.JK
2025-09-29,4040,4040,3960,3980,3835.7513,126611800,,BBRI.JK
2025-09-30,3980,3980,3900,3900,3758.6508,217357100,,BBRI.JK
2025-10-01,3860,3940,3800,3810,3671.9127,223133600,,BBRI.JK
2025-10-02,3760,3790,3710,3710,3575.537,379620000,,BBRI.JK
2025-10-03,3710,3750,3680,3690,3556.2619,214737100,,BBRI.JK
2025-10-06,3700,3740,3640,3660,3527.3492,190283900,,BBRI.JK
2025-10-07,3690,3720,3670,3710,3575.537,155933000,,BBRI.JK
2025-10-08,3730,3740,3670,3720,3585.1746,148263700,,BBRI.JK
2025-10-09,3690,3930,3640,3860,3720.1005,479239500,,BBRI.JK
2025-10-10,3790,3790,3690,3730,3594.8122,277252300,,BBRI.JK
2025-10-13,3680,3710,3660,3660,3527.3492,181694400,,BBRI.JK
2025-10-14,3640,3690,3550,3550,3421.336,278639100,,BBRI.JK
2025-10-15,3570,3590,3450,3500,3373.1481,468733500,,BBRI.JK
2025-10-16,3500,3580,3480,3530,3402.0608,227629500,,BBRI.JK
2025-10-17,3530,3570,3490,3500,3373.1481,244442400,,BBRI.JK
2025-10-20,3550,3730,3540,3680,3546.6243,391510300,,BBRI.JK
2025-10-21,3780,3790,3710,3760,3623.7249,293000200,,BBRI.JK
2025-10-22,3790,3820,3680,3700,3565.8995,329470700,,BBRI.JK
2025-10-23,3720,3820,3700,3820,3681.5503,225902700,,BBRI.JK
2025-10-24,3820,3910,3820,3850,3710.463,313903600,,BBRI.JK
2025-10-27,3880,3930,3750,3860,3720.1005,332539600,,BBRI.JK
2025-10-28,3850,3860,3780,3850,3710.463,239026800,,BBRI.JK
2025-10-29,3830,3890,3790,3890,3749.0132,215008600,,BBRI.JK
2025-10-30,3900,3990,3870,3910,3768.2884,287905300,,BBRI.JK
2025-10-31,3930,4020,3920,3980,3835.7513,348755700,,BBRI.JK
2025-11-03,4050,4050,4010,4040,3893.5767,163770500,,BBRI.JK
2025-11-04,4030,4050,3970,3970,3826.1138,241154700,,BBRI.JK
2025-11-05,3940,3990,3910,3980,3835.7513,139859100,,BBRI.JK
2025-11-06,3980,4010,3950,4000,3855.0265,130808100,,BBRI.JK
2025-11-07,4000,4010,3980,3980,3835.7513,87287600,,BBRI.JK
2025-11-10,4010,4020,3930,3930,3787.5635,148552900,,BBRI.JK
2025-11-11,3940,3960,3860,3890,3749.0132,179000200,,BBRI.JK
2025-11-12,3890,3950,3890,3900,3758.6508,111115400,,BBRI.JK
2025-11-13,3900,3910,3870,3870,3729.7381,99373200,,BBRI.JK
2025-11-14,3860,3930,3860,3900,3758.6508,100717300,,BBRI.JK
2025-11-17,3880,3950,3880,3940,3797.2011,140868100,,BBRI.JK
2025-11-18,3950,3990,3930,3970,3826.1138,205257700,,BBRI.JK
2025-11-19,3990,4000,3970,4000,3855.0265,107451000,,BBRI.JK
2025-11-20,4020,4050,3990,3990,3845.3889,183008400,,BBRI.JK
2025-11-21,3980,4000,3940,3960,3816.4762,112666100,,BBRI.JK
2025-11-24,4000,4000,3940,3980,3835.7513,262302000,,BBRI.JK
2025-11-25,3980,3980,3830,3830,3691.1878,396959100,,BBRI.JK
2025-11-26,3800,3830,3780,3790,3652.6376,288419400,,BBRI.JK
2025-11-27,3800,3810,3720,3740,3604.4497,283451800,,BBRI.JK
2025-11-28,3710,3750,3680,3680,3546.6243,353872800,,BBRI.JK
2025-12-01,3680,3730,3660,3670,3536.9868,299669500,,BBRI.JK
2025-12-02,3690,3730,3670,3710,3575.537,277714300,,BBRI.JK
2025-12-03,3690,3700,3660,3660,3527.3492,225357100,,BBRI.JK
2025-12-04,3660,3690,3650,3690,3556.2619,221121100,,BBRI.JK
2025-12-05,3700,3700,3650,3650,3517.7116,156161100,,BBRI.JK
2025-12-08,3680,3690,3660,3670,3536.9868,124094700,,BBRI.JK
2025-12-09,3700,3700,3650,3680,3546.6243,201089800,,BBRI.JK
2025-12-10,3680,3680,3650,3660,3527.3492,172677700,,BBRI.JK
2025-12-11,3680,3700,3580,3620,3488.7989,327591200,,BBRI.JK
2025-12-12,3640,3640,3580,3630,3498.4365,169747600,,BBRI.JK
2025-12-15,3650,3810,3630,3780,3643.0,312694100,,BBRI.JK
2025-12-16,3800,3810,3680,3690,3556.2619,237949900,,BBRI.JK
2025-12-17,3690,3780,3680,3750,3614.0873,273544100,,BBRI.JK
2025-12-18,3750,3820,3750,3780,3643.0,262527300,,BBRI.JK
2025-12-19,3800,3810,3760,3770,3633.3624,228583500,,BBRI.JK
2025-12-22,3770,3780,3750,3760,3623.7249,161680300,,BBRI.JK
2025-12-23,3760,3780,3730,3770,3633.3624,138427000,,BBRI.JK
2025-12-24,3770,3790,3750,3770,3633.3624,121073600,,BBRI.JK
2025-12-25,3770,3770,3770,3770,3633.3624,0,,BBRI.JK
2025-12-26,3770,3770,3770,3770,3633.3624,0,,BBRI.JK
2025-12-29,3780,3790,3760,3780,3643.0,238061500,,BBRI.JK
2025-12-30,3690,3690,3650,3660,3660.0,274402200,,BBRI.JK
2025-12-31,3660,3660,3660,3660,3660.0,0,,BBRI.JK
2026-01-01,3660,3660,3660,3660,3660.0,0,,BBRI.JK
2026-01-02,3660,3670,3620,3640,3640.0,191985100,,BBRI.JK
2026-01-05,3630,3660,3590,3630,3630.0,230544800,,BBRI.JK
2026-01-06,3630,3690,3630,3680,3680.0,175820800,,BBRI.JK
2026-01-07,3680,3710,3660,3700,3700.0,195024700,,BBRI.JK
2026-01-08,3710,3760,3700,3710,3710.0,182019700,,BBRI.JK
2026-01-09,3730,3740,3670,3680,3680.0,143474700,,BBRI.JK
2026-01-12,3680,3740,3660,3700,3700.0,215159700,,BBRI.JK
2026-01-13,3700,3730,3670,3720,3720.0,227620800,,BBRI.JK
2026-01-14,3740,3750,3700,3720,3720.0,170097000,,BBRI.JK
2026-01-15,3730,3850,3730,3820,3820.0,407151300,,BBRI.JK
2026-01-16,3820,3820,3820,3820,3820.0,0,,BBRI.JK
2026-01-19,3850,3900,3810,3840,3840.0,359652500,,BBRI.JK
2026-01-20,3840,3880,3820,3850,3850.0,170245800,,BBRI.JK
2026-01-21,3850,3850,3800,3820,3820.0,273678200,,BBRI.JK
2026-01-22,3850,3850,3790,3810,3810.0,153742700,,BBRI.JK
2026-01-23,3810,3850,3760,3850,3850.0,164603900,,BBRI.JK
2026-01-26,3840,3850,3800,3850,3850.0,120002700,,BBRI.JK
2026-01-27,3850,3850,3780,3820,3820.0,157633200,,BBRI.JK
2026-01-28,3630,3780,3540,3590,3590.0,726740400,,BBRI.JK
2026-01-29,3550,3780,3290,3780,3780.0,781321200,,BBRI.JK
2026-01-30,3780,3890,3740,3810,3810.0,532329000,Data is limited by one year as you have free subscription,BBRI.JK
2025-02-03,5975,6000,5700,5800,5165.4765,182181700,,BMRI.JK
2025-02-04,5825,5850,5625,5675,5054.1516,121871500,,BMRI.JK
2025-02-05,5600,5600,5475,5525,4920.5617,185656000,,BMRI.JK
2025-02-06,5425,5425,5000,5100,4542.0569,642118700,,BMRI.JK
2025-02-07,5000,5150,4950,5150,4586.5869,407896100,,BMRI.JK
2025-02-10,5150,5150,4990,5000,4452.997,169384300,,BMRI.JK
2025-02-11,4750,4950,4750,4880,4346.1251,316743200,,BMRI.JK
2025-02-12,4920,4950,4830,4940,4399.561,225073300,,BMRI.JK
2025-02-13,4940,5075,4900,5025,4475.262,215271400,,BMRI.JK
2025-02-14,5100,5200,4970,5125,4564.3219,239709300,,BMRI.JK
2025-02-17,5200,5475,5175,5425,4831.5017,223837300,,BMRI.JK
2025-02-18,5450,5550,5375,5450,4853.7667,157430200,,BMRI.JK
2025-02-19,5375,5400,5125,5175,4608.8519,204335500,,BMRI.JK
2025-02-20,5125,5225,5100,5150,4586.5869,98363500,,BMRI.JK
2025-02-21,5000,5100,5000,5075,4519.7919,152528600,,BMRI.JK
2025-02-24,5050,5075,4980,5025,4475.262,127578500,,BMRI.JK
2025-02-25,5000,5025,4860,4870,4337.2191,224607800,,BMRI.JK
2025-02-26,4860,4980,4850,4920,4381.749,161836900,,BMRI.JK
2025-02-27,4930,4950,4660,4660,4150.1932,334919800,,BMRI.JK
2025-02-28,4620,4690,4550,4600,4096.7572,464696700,,BMRI.JK
2025-03-03,4750,4980,4700,4900,4363.9371,257118300,,BMRI.JK
2025-03-04,4900,4920,4750,4840,4310.5011,144346500,,BMRI.JK
2025-03-05,4860,5050,4860,4860,4328.3131,252222800,,BMRI.JK
2025-03-06,4910,4980,4870,4870,4337.2191,194909200,,BMRI.JK
2025-03-07,4870,4870,4810,4840,4310.5011,117916600,,BMRI.JK
2025-03-10,4730,4760,4660,4710,4194.7232,231152200,,BMRI.JK
2025-03-11,4650,4780,4640,4740,4221.4412,150738100,,BMRI.JK
2025-03-12,4750,4880,4750,4880,4346.1251,129973900,,BMRI.JK
2025-03-13,4940,4940,4710,4740,4221.4412,176286000,,BMRI.JK
2025-03-14,4640,4800,4640,4740,4221.4412,154331400,,BMRI.JK
2025-03-17,4740,4770,4660,4680,4168.0052,135692800,,BMRI.JK
2025-03-18,4680,4690,4300,4530,4034.4153,387565100,,BMRI.JK
2025-03-19,4530,4700,4440,4680,4168.0052,273084900,,BMRI.JK
2025-03-20,4760,4770,4610,4620,4114.5692,138209700,,BMRI.JK
2025-03-21,4600,4610,4380,4410,3927.5433,374396400,,BMRI.JK
2025-03-24,4350,4530,4250,4460,3972.0733,319017400,,BMRI.JK
2025-03-25,4500,4810,4500,4740,4221.4412,313034100,,BMRI.JK
2025-03-26,4980,5175,4930,5150,4586.5869,582172700,,BMRI.JK
2025-03-27,5150,5250,5050,5200,4631.1169,301025300,,BMRI.JK
2025-04-08,4500,4830,4500,4670,4159.0992,738455000,,BMRI.JK
2025-04-09,4630,4790,4630,4710,4194.7232,316821100,,BMRI.JK
2025-04-10,5200,5225,4970,5025,4475.262,559966600,,BMRI.JK
2025-04-11,5000,5175,4950,5100,4542.0569,384917500,,BMRI.JK
2025-04-14,4650,4750,4650,4750,4655.9406,423716000,,BMRI.JK
2025-04-15,4800,4820,4710,4710,4616.7327,230981700,,BMRI.JK
2025-04-16,4740,4750,4590,4630,4538.3168,201660000,,BMRI.JK
2025-04-17,4630,4660,4570,4600,4508.9109,165381400,,BMRI.JK
2025-04-21,4600,4640,4560,4610,4518.7129,83034600,,BMRI.JK
2025-04-22,4610,4720,4590,4720,4626.5347,126426200,,BMRI.JK
2025-04-23,4780,4900,4740,4900,4802.9703,273395600,,BMRI.JK
2025-04-24,4950,5025,4860,4890,4793.1683,282970000,,BMRI.JK
2025-04-25,4960,4960,4900,4900,4802.9703,134208400,,BMRI.JK
2025-04-28,4950,4980,4890,4920,4822.5743,90697900,,BMRI.JK
2025-04-29,4930,4950,4880,4940,4842.1782,108857600,,BMRI.JK
2025-04-30,4900,4920,4810,4890,4793.1683,278360600,,BMRI.JK
2025-05-02,4980,4980,4910,4960,4861.7822,146800800,,BMRI.JK
2025-05-05,4990,5100,4960,4980,4881.3861,154073100,,BMRI.JK
2025-05-06,5025,5050,4980,4980,4881.3861,120165500,,BMRI.JK
2025-05-07,5050,5050,4950,4950,4851.9802,100674600,,BMRI.JK
2025-05-08,4960,5025,4790,4790,4695.1485,205199700,,BMRI.JK
2025-05-09,4790,4830,4750,4770,4675.5446,164014200,,BMRI.JK
2025-05-14,4890,5050,4880,5050,4950.0,342468200,,BMRI.JK
2025-05-15,5075,5400,5050,5325,5219.5545,300147300,,BMRI.JK
2025-05-16,5425,5475,5200,5475,5366.5842,229382100,,BMRI.JK
2025-05-19,5450,5575,5400,5525,5415.5941,191440600,,BMRI.JK
2025-05-20,5500,5550,5350,5400,5293.0693,145525700,,BMRI.JK
2025-05-21,5400,5550,5375,5450,5342.0792,167239400,,BMRI.JK
2025-05-22,5450,5500,5400,5450,5342.0792,137585600,,BMRI.JK
2025-05-23,5450,5475,5375,5425,5317.5743,67336400,,BMRI.JK
2025-05-26,5425,5475,5300,5475,5366.5842,102960800,,BMRI.JK
2025-05-27,5500,5500,5400,5400,5293.0693,86083800,,BMRI.JK
2025-05-28,5400,5425,5300,5300,5195.0495,190669100,,BMRI.JK
2025-06-02,5200,5250,5025,5075,4974.505,373474500,,BMRI.JK
2025-06-03,5100,5125,4950,5050,4950.0,169321800,,BMRI.JK
2025-06-04,5125,5125,4980,5025,4925.495,139577800,,BMRI.JK
2025-06-05,5050,5075,5000,5075,4974.505,69179700,,BMRI.JK
2025-06-10,5075,5250,5075,5250,5146.0396,158265000,,BMRI.JK
2025-06-11,5300,5300,5150,5200,5097.0297,90666100,,BMRI.JK
2025-06-12,5225,5225,5125,5175,5072.5248,72423700,,BMRI.JK
2025-06-13,5175,5250,5100,5150,5048.0198,128071000,,BMRI.JK
2025-06-16,5150,5200,5100,5150,5048.0198,61695600,,BMRI.JK
2025-06-17,5175,5225,5100,5100,4999.0099,70657700,,BMRI.JK
2025-06-18,5075,5100,5025,5075,4974.505,53353000,,BMRI.JK
2025-06-19,5050,5050,4910,4970,4871.5842,114769600,,BMRI.JK
2025-06-20,4940,4990,4830,4930,4832.3762,301154300,,BMRI.JK
2025-06-23,4870,4930,4800,4920,4822.5743,119439200,,BMRI.JK
2025-06-24,5050,5125,5025,5025,4925.495,126563900,,BMRI.JK
2025-06-25,5025,5050,4880,4880,4783.3663,139963400,,BMRI.JK
2025-06-26,4950,5025,4910,5025,4925.495,94704500,,BMRI.JK
2025-06-30,5050,5050,4880,4880,4783.3663,220479900,,BMRI.JK
2025-07-01,4900,4910,4710,4750,4655.9406,319875800,,BMRI.JK
2025-07-02,4730,4770,4710,4770,4675.5446,159152200,,BMRI.JK
2025-07-03,4780,4850,4720,4740,4646.1386,103849000,,BMRI.JK
2025-07-04,4750,4790,4700,4740,4646.1386,104170500,,BMRI.JK
2025-07-07,4740,4750,4680,4740,4646.1386,120538300,,BMRI.JK
2025-07-08,4710,4750,4700,4720,4626.5347,132853800,,BMRI.JK
2025-07-09,4720,4760,4670,4710,4616.7327,110198500,,BMRI.JK
2025-07-10,4750,4830,4730,4820,4724.5545,160889700,,BMRI.JK
2025-07-11,4850,4990,4830,4970,4871.5842,219980300,,BMRI.JK
2025-07-14,4980,4990,4670,4690,4597.1287,429438700,,BMRI.JK
2025-07-15,4700,4740,4690,4700,4606.9307,206958200,,BMRI.JK
2025-07-16,4730,4760,4680,4690,4597.1287,323831100,,BMRI.JK
2025-07-17,4700,4720,4680,4720,4626.5347,120304000,,BMRI.JK
2025-07-18,4760,4810,4720,4740,4646.1386,161262400,,BMRI.JK
2025-07-21,4770,4770,4680,4680,4587.3267,103387400,,BMRI.JK
2025-07-22,4680,4710,4650,4660,4567.7228,132984400,,BMRI.JK
2025-07-23,4660,4690,4660,4680,4587.3267,115298400,,BMRI.JK
2025-07-24,4690,4840,4680,4800,4704.9505,273623100,,BMRI.JK
2025-07-25,4800,4800,4690,4690,4597.1287,88471700,,BMRI.JK
2025-07-28,4730,4750,4690,4700,4606.9307,112048900,,BMRI.JK
2025-07-29,4700,4720,4690,4710,4616.7327,74422700,,BMRI.JK
2025-07-30,4710,4720,4620,4620,4528.5149,141263400,,BMRI.JK
2025-07-31,4610,4640,4510,4510,4420.6931,155903600,,BMRI.JK
2025-08-01,4570,4610,4510,4530,4440.297,157949900,,BMRI.JK
2025-08-04,4530,4630,4510,4620,4528.5149,174404800,,BMRI.JK
2025-08-05,4690,4780,4660,4750,4655.9406,277668300,,BMRI.JK
2025-08-06,4750,4750,4690,4700,4606.9307,79277900,,BMRI.JK
2025-08-07,4740,4740,4680,4680,4587.3267,61453100,,BMRI.JK
2025-08-08,4680,4700,4660,4670,4577.5248,71516700,,BMRI.JK
2025-08-11,4710,4780,4700,4720,4626.5347,105204200,,BMRI.JK
2025-08-12,4770,4920,4750,4910,4812.7723,301599000,,BMRI.JK
2025-08-13,4930,4970,4860,4870,4773.5644,180844900,,BMRI.JK
2025-08-14,4910,4930,4840,4850,4753.9604,109457100,,BMRI.JK
2025-08-15,4890,4930,4850,4850,4753.9604,126685400,,BMRI.JK
2025-08-18,4850,4850,4850,4850,4753.9604,0,,BMRI.JK
2025-08-19,4860,4870,4780,4800,4704.9505,116454000,,BMRI.JK
2025-08-20,4790,4950,4780,4950,4851.9802,144622900,,BMRI.JK
2025-08-21,4950,4950,4860,4900,4802.9703,132019200,,BMRI.JK
2025-08-22,4920,4920,4870,4890,4793.1683,73104500,,BMRI.JK
2025-08-25,4950,4980,4920,4950,4851.9802,149580800,,BMRI.JK
2025-08-26,4950,4950,4860,4900,4802.9703,308891700,,BMRI.JK
2025-08-27,4840,4880,4800,4800,4704.9505,113576300,,BMRI.JK
2025-08-28,4790,4850,4770,4770,4675.5446,111707400,,BMRI.JK
2025-08-29,4720,4750,4660,4730,4636.3366,176485100,,BMRI.JK
2025-09-01,4550,4670,4460,4600,4508.9109,320335300,,BMRI.JK
2025-09-02,4610,4670,4560,4570,4479.505,150045600,,BMRI.JK
2025-09-03,4620,4660,4570,4620,4528.5149,131617900,,BMRI.JK
2025-09-04,4630,4680,4620,4680,4587.3267,88735300,,BMRI.JK
2025-09-05,4680,4680,4680,4680,4587.3267,0,,BMRI.JK
2025-09-08,4750,4750,4460,4490,4401.0891,200234500,,BMRI.JK
2025-09-09,4450,4480,4310,4310,4224.6535,509366600,,BMRI.JK
2025-09-10,4360,4420,4350,4400,4312.8713,293494200,,BMRI.JK
2025-09-11,4480,4540,4450,4480,4391.2871,366697800,,BMRI.JK
2025-09-12,4500,4550,4480,4520,4430.495,216960200,,BMRI.JK
2025-09-15,4550,4640,4520,4530,4440.297,231346000,,BMRI.JK
2025-09-16,4570,4570,4460,4480,4391.2871,122027400,,BMRI.JK
2025-09-17,4480,4520,4440,4510,4420.6931,232702500,,BMRI.JK
2025-09-18,4540,4550,4420,4420,4332.4752,177560100,,BMRI.JK
2025-09-19,4350,4420,4330,4380,4293.2673,235975900,,BMRI.JK
2025-09-22,4410,4420,4360,4420,4332.4752,107176100,,BMRI.JK
2025-09-23,4390,4430,4370,4410,4322.6733,90675500,,BMRI.JK
2025-09-24,4410,4430,4390,4390,4303.0693,85439100,,BMRI.JK
2025-09-25,4400,4410,4360,4360,4273.6634,73946900,,BMRI.JK
2025-09-26,4350,4430,4350,4420,4332.4752,86572900,,BMRI.JK
2025-09-29,4420,4430,4400,4400,4312.8713,63753600,,BMRI.JK
2025-09-30,4420,4450,4380,4400,4312.8713,108639600,,BMRI.JK
2025-10-01,4360,4400,4350,4380,4293.2673,92265100,,BMRI.JK
2025-10-02,4410,4440,4360,4360,4273.6634,93387400,,BMRI.JK
2025-10-03,4370,4380,4300,4310,4224.6535,102459100,,BMRI.JK
2025-10-06,4320,4330,4260,4260,4175.6436,96040500,,BMRI.JK
2025-10-07,4260,4320,4250,4290,4205.0495,100237500,,BMRI.JK
2025-10-08,4280,4290,4210,4250,4165.8416,97466800,,BMRI.JK
2025-10-09,4240,4450,4200,4390,4303.0693,183242600,,BMRI.JK
2025-10-10,4410,4420,4250,4250,4165.8416,139911200,,BMRI.JK
2025-10-13,4210,4240,4200,4230,4146.2376,79178600,,BMRI.JK
2025-10-14,4220,4270,4090,4090,4009.0099,188507000,,BMRI.JK
2025-10-15,4110,4140,4010,4050,3969.802,270562400,,BMRI.JK
2025-10-16,4050,4150,4050,4090,4009.0099,125979600,,BMRI.JK
2025-10-17,4110,4110,4030,4050,3969.802,247510000,,BMRI.JK
2025-10-20,4120,4320,4070,4300,4214.8515,331939200,,BMRI.JK
2025-10-21,4350,4390,4300,4350,4263.8614,230858900,,BMRI.JK
2025-10-22,4350,4460,4290,4330,4244.2574,216261300,,BMRI.JK
2025-10-23,4310,4440,4310,4430,4342.2772,202102500,,BMRI.JK
2025-10-24,4380,4590,4380,4550,4459.901,350420300,,BMRI.JK
2025-10-27,4590,4600,4410,4470,4381.4851,245576100,,BMRI.JK
2025-10-28,4490,4510,4440,4510,4420.6931,174666600,,BMRI.JK
2025-10-29,4500,4650,4490,4650,4557.9208,176978800,,BMRI.JK
2025-10-30,4670,4830,4650,4800,4704.9505,390256000,,BMRI.JK
2025-10-31,4790,4800,4720,4720,4626.5347,227378000,,BMRI.JK
2025-11-03,4710,4760,4700,4760,4665.7426,129834200,,BMRI.JK
2025-11-04,4760,4790,4720,4730,4636.3366,136412400,,BMRI.JK
2025-11-05,4690,4770,4680,4770,4675.5446,102878900,,BMRI.JK
2025-11-06,4790,4790,4750,4750,4655.9406,57932600,,BMRI.JK
2025-11-07,4750,4780,4740,4750,4655.9406,58845500,,BMRI.JK
2025-11-10,4790,4790,4730,4730,4636.3366,88738200,,BMRI.JK
2025-11-11,4740,4750,4610,4680,4587.3267,168794500,,BMRI.JK
2025-11-12,4680,4790,4680,4760,4665.7426,138539800,,BMRI.JK
2025-11-13,4760,4760,4690,4700,4606.9307,108100300,,BMRI.JK
2025-11-14,4690,4750,4680,4750,4655.9406,73479600,,BMRI.JK
2025-11-17,4780,4850,4770,4820,4724.5545,136477100,,BMRI.JK
2025-11-18,4810,4850,4780,4790,4695.1485,127022100,,BMRI.JK
2025-11-19,4820,4850,4800,4850,4753.9604,107585700,,BMRI.JK
2025-11-20,4940,4990,4900,4940,4842.1782,234717700,,BMRI.JK
2025-11-21,4940,4970,4900,4950,4851.9802,142452600,,BMRI.JK
2025-11-24,4910,5100,4870,5100,4999.0099,303252000,,BMRI.JK
2025-11-25,5075,5100,4950,5025,4925.495,169379300,,BMRI.JK
2025-11-26,5025,5025,4960,5025,4925.495,128492000,,BMRI.JK
2025-11-27,5025,5025,4850,4860,4763.7624,170213000,,BMRI.JK
2025-11-28,4800,4880,4800,4830,4734.3564,128777200,,BMRI.JK
2025-12-01,4850,4910,4820,4860,4763.7624,58603700,,BMRI.JK
2025-12-02,4920,4940,4820,4850,4753.9604,104013500,,BMRI.JK
2025-12-03,4850,4920,4820,4880,4783.3663,102556300,,BMRI.JK
2025-12-04,4930,4940,4880,4920,4822.5743,59392600,,BMRI.JK
2025-12-05,4940,4940,4870,4900,4802.9703,53969200,,BMRI.JK
2025-12-08,4950,4960,4910,4950,4851.9802,62947600,,BMRI.JK
2025-12-09,4970,4980,4870,4890,4793.1683,134575200,,BMRI.JK
2025-12-10,4950,4970,4870,4970,4871.5842,96005900,,BMRI.JK
2025-12-11,5000,5050,4830,4950,4851.9802,151956700,,BMRI.JK
2025-12-12,4980,4980,4820,4820,4724.5545,111830600,,BMRI.JK
2025-12-15,4820,5025,4790,4990,4891.1881,122451500,,BMRI.JK
2025-12-16,5025,5050,4920,5000,4900.9901,137373200,,BMRI.JK
2025-12-17,4990,5025,4960,5025,4925.495,94254100,,BMRI.JK
2025-12-18,5025,5175,5025,5150,5048.0198,150669000,,BMRI.JK
2025-12-19,5175,5200,5100,5175,5072.5248,161960800,,BMRI.JK
2025-12-22,5175,5200,5025,5100,4999.0099,93615600,,BMRI.JK
2025-12-23,5050,5100,5000,5050,4950.0,44307700,,BMRI.JK
2025-12-24,5025,5100,5025,5050,4950.0,40272500,,BMRI.JK
2025-12-25,5050,5050,5050,5050,4950.0,0,,BMRI.JK
2025-12-26,5050,5050,5050,5050,4950.0,0,,BMRI.JK
2025-12-29,5075,5150,5050,5075,4974.505,55697500,,BMRI.JK
2025-12-30,5075,5150,5050,5100,4999.0099,74077800,,BMRI.JK
2025-12-31,5100,5100,5100,5100,4999.0099,0,,BMRI.JK
2026-01-01,5100,5100,5100,5100,4999.0099,0,,BMRI.JK
2026-01-02,5125,5150,5025,5075,4974.505,59263700,,BMRI.JK
2026-01-05,5075,5100,5025,5050,4950.0,108458200,,BMRI.JK
2026-01-06,4990,4990,4880,4880,4880.0,180600600,,BMRI.JK
2026-01-07,4890,4900,4800,4810,4810.0,284261700,,BMRI.JK
2026-01-08,4820,4880,4810,4810,4810.0,108534300,,BMRI.JK
2026-01-09,4820,4840,4760,4760,4760.0,104703800,,BMRI.JK
2026-01-12,4780,4850,4720,4770,4770.0,118384500,,BMRI.JK
2026-01-13,4800,4840,4780,4820,4820.0,93419500,,BMRI.JK
2026-01-14,4840,4850,4770,4840,4840.0,114314800,,BMRI.JK
2026-01-15,4840,5075,4830,4990,4990.0,245024400,,BMRI.JK
2026-01-16,4990,4990,4990,4990,4990.0,0,,BMRI.JK
2026-01-19,5025,5100,4980,5000,5000.0,197645100,,BMRI.JK
2026-01-20,5000,5075,4990,5025,5025.0,93803800,,BMRI.JK
2026-01-21,5025,5025,4930,4990,4990.0,117548600,,BMRI.JK
2026-01-22,4990,5025,4930,4980,4980.0,145002200,,BMRI.JK
2026-01-23,4980,5000,4870,4990,4990.0,116237200,,BMRI.JK
2026-01-26,4910,4970,4870,4910,4910.0,225443300,,BMRI.JK
2026-01-27,4860,4910,4800,4810,4810.0,160620600,,BMRI.JK
2026-01-28,4570,4810,4410,4560,4560.0,643802800,,BMRI.JK
2026-01-29,4420,4640,4070,4630,4630.0,907054600,,BMRI.JK
2026-01-30,4700,4880,4630,4820,4820.0,343393600,Data is limited by one year as you have free subscription,BMRI.JK
2025-02-03,2620,2630,2560,2630,2437.977,91801900,,TLKM.JK
2025-02-04,2640,2660,2590,2640,2447.2469,95311100,,TLKM.JK
2025-02-05,2600,2640,2590,2620,2428.7071,110400300,,TLKM.JK
2025-02-06,2630,2630,2520,2560,2373.0879,90471900,,TLKM.JK
2025-02-07,2550,2590,2510,2590,2400.8975,105020200,,TLKM.JK
2025-02-10,2520,2550,2440,2440,2261.8494,153328500,,TLKM.JK
2025-02-11,2430,2450,2300,2320,2150.6109,254907800,,TLKM.JK
2025-02-12,2360,2480,2350,2480,2298.9289,173407600,,TLKM.JK
2025-02-13,2370,2420,2310,2420,2243.3096,219425500,,TLKM.JK
2025-02-14,2460,2530,2440,2530,2345.2783,156474300,,TLKM.JK
2025-02-17,2570,2650,2530,2650,2456.5168,113998200,,TLKM.JK
2025-02-18,2660,2710,2630,2680,2484.3264,115881200,,TLKM.JK
2025-02-19,2680,2690,2600,2670,2475.0565,119388200,,TLKM.JK
2025-02-20,2650,2680,2620,2670,2475.0565,90411700,,TLKM.JK
2025-02-21,2670,2680,2630,2650,2456.5168,75110600,,TLKM.JK
2025-02-24,2630,2640,2570,2600,2410.1674,42327600,,TLKM.JK
2025-02-25,2560,2580,2460,2460,2280.3891,111687700,,TLKM.JK
2025-02-26,2500,2520,2460,2520,2336.0084,65752000,,TLKM.JK
2025-02-27,2520,2560,2430,2490,2308.1988,88741400,,TLKM.JK
2025-02-28,2470,2470,2350,2350,2178.4205,249795300,,TLKM.JK
2025-03-03,2400,2420,2370,2400,2224.7699,178833400,,TLKM.JK
2025-03-04,2400,2440,2350,2380,2206.2301,131347800,,TLKM.JK
2025-03-05,2420,2470,2410,2450,2271.1193,167407400,,TLKM.JK
2025-03-06,2490,2510,2400,2400,2224.7699,131136100,,TLKM.JK
2025-03-07,2430,2470,2350,2410,2234.0398,182407000,,TLKM.JK
2025-03-10,2430,2430,2370,2390,2215.5,88949400,,TLKM.JK
2025-03-11,2380,2390,2350,2370,2196.9603,102235600,,TLKM.JK
2025-03-12,2410,2490,2400,2450,2271.1193,98938700,,TLKM.JK
2025-03-13,2470,2490,2420,2430,2252.5795,66706500,,TLKM.JK
2025-03-14,2450,2480,2410,2420,2243.3096,107627100,,TLKM.JK
2025-03-17,2420,2450,2410,2420,2243.3096,58129400,,TLKM.JK
2025-03-18,2450,2470,2300,2420,2243.3096,139758600,,TLKM.JK
2025-03-19,2420,2440,2380,2430,2252.5795,96825800,,TLKM.JK
2025-03-20,2440,2440,2350,2390,2215.5,94823100,,TLKM.JK
2025-03-21,2370,2380,2300,2310,2141.341,204534000,,TLKM.JK
2025-03-24,2320,2360,2240,2330,2159.8808,105865000,,TLKM.JK
2025-03-25,2340,2360,2300,2340,2169.1506,107964200,,TLKM.JK
2025-03-26,2360,2460,2350,2440,2261.8494,215856700,,TLKM.JK
2025-03-27,2430,2430,2390,2410,2234.0398,120411200,,TLKM.JK
2025-04-08,2050,2300,2050,2290,2122.8013,409973200,,TLKM.JK
2025-04-09,2440,2440,2300,2320,2150.6109,120363300,,TLKM.JK
2025-04-10,2450,2470,2320,2350,2178.4205,139327100,,TLKM.JK
2025-04-11,2320,2350,2300,2330,2159.8808,60214100,,TLKM.JK
2025-04-14,2320,2430,2310,2430,2252.5795,116968600,,TLKM.JK
2025-04-15,2460,2470,2420,2450,2271.1193,99064500,,TLKM.JK
2025-04-16,2490,2510,2450,2480,2298.9289,121853000,,TLKM.JK
2025-04-17,2500,2660,2490,2550,2363.818,195577900,,TLKM.JK
2025-04-21,2600,2610,2510,2570,2382.3578,84209300,,TLKM.JK
2025-04-22,2570,2570,2520,2550,2363.818,44958000,,TLKM.JK
2025-04-23,2580,2640,2570,2630,2437.977,128704200,,TLKM.JK
2025-04-24,2630,2650,2600,2630,2437.977,75733400,,TLKM.JK
2025-04-25,2630,2650,2570,2600,2410.1674,93439600,,TLKM.JK
2025-04-28,2600,2610,2560,2560,2373.0879,51086400,,TLKM.JK
2025-04-29,2570,2600,2560,2590,2400.8975,56546100,,TLKM.JK
2025-04-30,2600,2640,2600,2640,2447.2469,96333300,,TLKM.JK
2025-05-02,2640,2720,2620,2680,2484.3264,132357600,,TLKM.JK
2025-05-05,2710,2710,2670,2700,2502.8661,85592500,,TLKM.JK
2025-05-06,2720,2730,2680,2680,2484.3264,76948300,,TLKM.JK
2025-05-07,2680,2690,2620,2620,2428.7071,100293700,,TLKM.JK
2025-05-08,2630,2640,2570,2570,2382.3578,122965300,,TLKM.JK
2025-05-09,2570,2630,2570,2600,2410.1674,59433500,,TLKM.JK
2025-05-14,2530,2620,2530,2590,2400.8975,132760900,,TLKM.JK
2025-05-15,2580,2690,2580,2660,2465.7866,120039700,,TLKM.JK
2025-05-16,2710,2750,2680,2740,2539.9456,101569600,,TLKM.JK
2025-05-19,2760,2860,2740,2820,2614.1046,164194700,,TLKM.JK
2025-05-20,2830,2840,2740,2740,2539.9456,129805200,,TLKM.JK
2025-05-21,2710,2780,2690,2750,2549.2155,120242100,,TLKM.JK
2025-05-22,2750,2850,2750,2800,2595.5649,131277300,,TLKM.JK
2025-05-23,2710,2720,2690,2690,2493.5963,141199500,,TLKM.JK
2025-05-26,2720,2820,2700,2800,2595.5649,186806300,,TLKM.JK
2025-05-27,2840,2880,2790,2830,2623.3745,279180500,,TLKM.JK
2025-05-28,2860,2870,2800,2820,2614.1046,531309500,,TLKM.JK
2025-06-02,2780,2820,2750,2780,2577.0251,211393400,,TLKM.JK
2025-06-03,2780,2830,2730,2800,2595.5649,142896600,,TLKM.JK
2025-06-04,2810,2860,2810,2820,2614.1046,125006700,,TLKM.JK
2025-06-05,2850,2850,2820,2840,2632.6444,95008500,,TLKM.JK
2025-06-10,2920,2920,2880,2910,2697.5335,213564000,,TLKM.JK
2025-06-11,2750,2810,2730,2800,2800.0,200609800,,TLKM.JK
2025-06-12,2830,2830,2750,2780,2780.0,97099100,,TLKM.JK
2025-06-13,2770,2770,2720,2740,2740.0,81111300,,TLKM.JK
2025-06-16,2740,2770,2730,2740,2740.0,46641000,,TLKM.JK
2025-06-17,2800,2800,2760,2760,2760.0,59643500,,TLKM.JK
2025-06-18,2770,2800,2760,2770,2770.0,70757600,,TLKM.JK
2025-06-19,2740,2780,2630,2690,2690.0,98911200,,TLKM.JK
2025-06-20,2700,2710,2640,2640,2640.0,243027500,,TLKM.JK
2025-06-23,2610,2610,2560,2580,2580.0,73554200,,TLKM.JK
2025-06-24,2600,2670,2580,2590,2590.0,107300200,,TLKM.JK
2025-06-25,2650,2650,2560,2620,2620.0,79958900,,TLKM.JK
2025-06-26,2620,2710,2590,2710,2710.0,132868200,,TLKM.JK
2025-06-30,2780,2790,2730,2780,2780.0,124299500,,TLKM.JK
2025-07-01,2800,2810,2760,2810,2810.0,73006700,,TLKM.JK
2025-07-02,2820,2820,2730,2780,2780.0,92321600,,TLKM.JK
2025-07-03,2780,2810,2690,2710,2710.0,69094400,,TLKM.JK
2025-07-04,2710,2720,2620,2630,2630.0,53587300,,TLKM.JK
2025-07-07,2630,2700,2610,2700,2700.0,33446600,,TLKM.JK
2025-07-08,2680,2700,2640,2650,2650.0,45926000,,TLKM.JK
2025-07-09,2650,2680,2640,2670,2670.0,44897100,,TLKM.JK
2025-07-10,2690,2710,2650,2690,2690.0,41108700,,TLKM.JK
2025-07-11,2710,2730,2690,2730,2730.0,47851300,,TLKM.JK
2025-07-14,2700,2710,2640,2690,2690.0,60458400,,TLKM.JK
2025-07-15,2690,2690,2640,2640,2640.0,35309100,,TLKM.JK
2025-07-16,2660,2680,2650,2650,2650.0,43385900,,TLKM.JK
2025-07-17,2700,2770,2660,2770,2770.0,102642100,,TLKM.JK
2025-07-18,2800,2800,2750,2770,2770.0,83762800,,TLKM.JK
2025-07-21,2800,2800,2750,2800,2800.0,52553200,,TLKM.JK
2025-07-22,2800,2850,2800,2850,2850.0,108243300,,TLKM.JK
2025-07-23,2870,2870,2840,2850,2850.0,86077600,,TLKM.JK
2025-07-24,2860,2870,2800,2840,2840.0,74224200,,TLKM.JK
2025-07-25,2810,2830,2780,2820,2820.0,41296200,,TLKM.JK
2025-07-28,2870,2870,2830,2860,2860.0,40193800,,TLKM.JK
2025-07-29,2870,2880,2840,2880,2880.0,46357400,,TLKM.JK
2025-07-30,2890,2890,2850,2880,2880.0,99062400,,TLKM.JK
2025-07-31,2890,2930,2860,2880,2880.0,201065700,,TLKM.JK
2025-08-01,2960,2990,2910,2980,2980.0,130977000,,TLKM.JK
2025-08-04,3000,3030,2990,3030,3030.0,96385300,,TLKM.JK
2025-08-05,3050,3050,2990,3030,3030.0,99396900,,TLKM.JK
2025-08-06,3000,3010,2960,2990,2990.0,86215200,,TLKM.JK
2025-08-07,2990,2990,2930,2950,2950.0,46506200,,TLKM.JK
2025-08-08,2950,2960,2930,2940,2940.0,46945800,,TLKM.JK
2025-08-11,2990,3010,2970,2990,2990.0,74978300,,TLKM.JK
2025-08-12,3050,3200,3010,3180,3180.0,217607800,,TLKM.JK
2025-08-13,3220,3420,3210,3360,3360.0,465722400,,TLKM.JK
2025-08-14,3370,3490,3370,3420,3420.0,232557200,,TLKM.JK
2025-08-15,3360,3410,3310,3310,3310.0,182893900,,TLKM.JK
2025-08-18,3310,3310,3310,3310,3310.0,0,,TLKM.JK
2025-08-19,3260,3330,3240,3250,3250.0,164921000,,TLKM.JK
2025-08-20,3220,3290,3220,3220,3220.0,80084600,,TLKM.JK
2025-08-21,3210,3270,3210,3250,3250.0,63861900,,TLKM.JK
2025-08-22,3270,3290,3220,3240,3240.0,61351700,,TLKM.JK
2025-08-25,3280,3350,3250,3310,3310.0,93221500,,TLKM.JK
2025-08-26,3310,3320,3230,3260,3260.0,227364800,,TLKM.JK
2025-08-27,3200,3250,3100,3170,3170.0,118158900,,TLKM.JK
2025-08-28,3160,3220,3150,3180,3180.0,55940600,,TLKM.JK
2025-08-29,3180,3210,3100,3130,3130.0,72585500,,TLKM.JK
2025-09-01,3080,3110,2960,3110,3110.0,130027900,,TLKM.JK
2025-09-02,3120,3140,3050,3070,3070.0,64402900,,TLKM.JK
2025-09-03,3080,3170,3070,3110,3110.0,113875700,,TLKM.JK
2025-09-04,3090,3170,3090,3150,3150.0,37223800,,TLKM.JK
2025-09-05,3150,3150,3150,3150,3150.0,0,,TLKM.JK
2025-09-08,3300,3300,3090,3090,3090.0,93725000,,TLKM.JK
2025-09-09,3100,3130,3000,3050,3050.0,104463400,,TLKM.JK
2025-09-10,3070,3180,3050,3150,3150.0,49840200,,TLKM.JK
2025-09-11,3180,3190,3070,3080,3080.0,71919900,,TLKM.JK
2025-09-12,3090,3110,3050,3100,3100.0,61521400,,TLKM.JK
2025-09-15,3150,3260,3130,3260,3260.0,115361300,,TLKM.JK
2025-09-16,3300,3300,3260,3300,3300.0,80642900,,TLKM.JK
2025-09-17,3300,3340,3210,3340,3340.0,73539700,,TLKM.JK
2025-09-18,3400,3400,3230,3250,3250.0,99501600,,TLKM.JK
2025-09-19,3210,3300,3160,3230,3230.0,113834400,,TLKM.JK
2025-09-22,3300,3300,3190,3220,3220.0,53704700,,TLKM.JK
2025-09-23,3240,3260,3130,3190,3190.0,40100300,,TLKM.JK
2025-09-24,3190,3190,3150,3160,3160.0,37086500,,TLKM.JK
2025-09-25,3160,3200,3110,3120,3120.0,37627500,,TLKM.JK
2025-09-26,3100,3160,3090,3110,3110.0,66789300,,TLKM.JK
2025-09-29,3110,3130,3050,3080,3080.0,85911300,,TLKM.JK
2025-09-30,3090,3140,3060,3060,3060.0,117025800,,TLKM.JK
2025-10-01,3060,3100,3060,3060,3060.0,59779700,,TLKM.JK
2025-10-02,3070,3200,3060,3130,3130.0,113431700,,TLKM.JK
2025-10-03,3110,3130,3050,3070,3070.0,59116700,,TLKM.JK
2025-10-06,3080,3090,2960,3010,3010.0,59707600,,TLKM.JK
2025-10-07,3030,3050,3000,3010,3010.0,30353000,,TLKM.JK
2025-10-08,3030,3040,2940,2990,2990.0,66090700,,TLKM.JK
2025-10-09,2950,3020,2950,3010,3010.0,54769300,,TLKM.JK
2025-10-10,3030,3080,3000,3040,3040.0,62254500,,TLKM.JK
2025-10-13,3020,3070,2980,3020,3020.0,46978500,,TLKM.JK
2025-10-14,3050,3070,2960,2960,2960.0,38518800,,TLKM.JK
2025-10-15,3000,3090,2950,3080,3080.0,67503700,,TLKM.JK
2025-10-16,2970,3020,2900,2950,2950.0,103687000,,TLKM.JK
2025-10-17,2950,2960,2850,2880,2880.0,82482200,,TLKM.JK
2025-10-20,2930,2970,2900,2940,2940.0,96029300,,TLKM.JK
2025-10-21,2970,3290,2970,3280,3280.0,223104600,,TLKM.JK
2025-10-22,3220,3220,3120,3150,3150.0,128796800,,TLKM.JK
2025-10-23,3180,3400,3170,3360,3360.0,218967200,,TLKM.JK
2025-10-24,3370,3440,3290,3290,3290.0,115104000,,TLKM.JK
2025-10-27,3320,3360,3280,3330,3330.0,105683900,,TLKM.JK
2025-10-28,3330,3480,3270,3400,3400.0,143082100,,TLKM.JK
2025-10-29,3390,3390,3270,3290,3290.0,93073800,,TLKM.JK
2025-10-30,3290,3310,3200,3250,3250.0,83523100,,TLKM.JK
2025-10-31,3200,3250,3150,3210,3210.0,126790400,,TLKM.JK
2025-11-03,3210,3380,3210,3350,3350.0,107151300,,TLKM.JK
2025-11-04,3360,3590,3360,3500,3500.0,227450800,,TLKM.JK
2025-11-05,3600,3630,3510,3540,3540.0,182624300,,TLKM.JK
2025-11-06,3540,3550,3470,3480,3480.0,71766000,,TLKM.JK
2025-11-07,3460,3490,3420,3470,3470.0,58917900,,TLKM.JK
2025-11-10,3490,3550,3440,3440,3440.0,88941900,,TLKM.JK
2025-11-11,3500,3530,3470,3520,3520.0,63130300,,TLKM.JK
2025-11-12,3540,3590,3510,3560,3560.0,61339600,,TLKM.JK
2025-11-13,3570,3570,3480,3500,3500.0,57467900,,TLKM.JK
2025-11-14,3530,3560,3510,3550,3550.0,55079600,,TLKM.JK
2025-11-17,3570,3630,3560,3610,3610.0,76833800,,TLKM.JK
2025-11-18,3610,3630,3540,3620,3620.0,97747000,,TLKM.JK
2025-11-19,3620,3690,3620,3650,3650.0,109911100,,TLKM.JK
2025-11-20,3650,3660,3620,3640,3640.0,52200700,,TLKM.JK
2025-11-21,3590,3610,3460,3500,3500.0,93181600,,TLKM.JK
2025-11-24,3560,3700,3540,3700,3700.0,241304000,,TLKM.JK
2025-11-25,3690,3690,3560,3650,3650.0,84816600,,TLKM.JK
2025-11-26,3600,3720,3600,3720,3720.0,111114600,,TLKM.JK
2025-11-27,3700,3700,3560,3570,3570.0,48436500,,TLKM.JK
2025-11-28,3600,3630,3500,3510,3510.0,70943000,,TLKM.JK
2025-12-01,3530,3650,3520,3650,3650.0,89045500,,TLKM.JK
2025-12-02,3660,3670,3560,3560,3560.0,62155900,,TLKM.JK
2025-12-03,3590,3650,3580,3580,3580.0,60429900,,TLKM.JK
2025-12-04,3660,3660,3580,3630,3630.0,38947500,,TLKM.JK
2025-12-05,3630,3700,3610,3700,3700.0,50641400,,TLKM.JK
2025-12-08,3700,3700,3600,3630,3630.0,64911000,,TLKM.JK
2025-12-09,3650,3650,3520,3570,3570.0,94381800,,TLKM.JK
2025-12-10,3620,3700,3590,3640,3640.0,68644900,,TLKM.JK
2025-12-11,3670,3690,3500,3570,3570.0,84823100,,TLKM.JK
2025-12-12,3630,3630,3500,3550,3550.0,67076200,,TLKM.JK
2025-12-15,3550,3560,3460,3470,3470.0,121707400,,TLKM.JK
2025-12-16,3490,3550,3470,3520,3520.0,120576700,,TLKM.JK
2025-12-17,3540,3590,3490,3500,3500.0,118452300,,TLKM.JK
2025-12-18,3540,3580,3460,3460,3460.0,111042200,,TLKM.JK
2025-12-19,3520,3520,3390,3410,3410.0,236770700,,TLKM.JK
2025-12-22,3440,3490,3420,3470,3470.0,113720300,,TLKM.JK
2025-12-23,3470,3470,3420,3470,3470.0,39083700,,TLKM.JK
2025-12-24,3480,3500,3440,3460,3460.0,30919800,,TLKM.JK
2025-12-25,3460,3460,3460,3460,3460.0,0,,TLKM.JK
2025-12-26,3460,3460,3460,3460,3460.0,0,,TLKM.JK
2025-12-29,3480,3530,3460,3490,3490.0,53079900,,TLKM.JK
2025-12-30,3490,3510,3480,3480,3480.0,48019100,,TLKM.JK
2025-12-31,3480,3480,3480,3480,3480.0,0,,TLKM.JK
2026-01-01,3480,3480,3480,3480,3480.0,0,,TLKM.JK
2026-01-02,3510,3510,3450,3470,3470.0,34812500,,TLKM.JK
2026-01-05,3490,3590,3480,3580,3580.0,77224000,,TLKM.JK
2026-01-06,3600,3600,3490,3520,3520.0,77477100,,TLKM.JK
2026-01-07,3540,3550,3500,3540,3540.0,60466200,,TLKM.JK
2026-01-08,3540,3580,3520,3530,3530.0,61219400,,TLKM.JK
2026-01-09,3550,3560,3450,3450,3450.0,82708700,,TLKM.JK
2026-01-12,3470,3530,3460,3520,3520.0,89165400,,TLKM.JK
2026-01-13,3600,3660,3550,3620,3620.0,129812000,,TLKM.JK
2026-01-14,3690,3700,3610,3650,3650.0,98179400,,TLKM.JK
2026-01-15,3650,3680,3610,3660,3660.0,83981800,,TLKM.JK
2026-01-16,3660,3660,3660,3660,3660.0,0,,TLKM.JK
2026-01-19,3590,3630,3490,3620,3620.0,147127900,,TLKM.JK
2026-01-20,3550,3680,3550,3600,3600.0,89987800,,TLKM.JK
2026-01-21,3670,3700,3570,3600,3600.0,104120400,,TLKM.JK
2026-01-22,3670,3790,3660,3740,3740.0,149259700,,TLKM.JK
2026-01-23,3790,3800,3730,3770,3770.0,109079700,,TLKM.JK
2026-01-26,3780,3850,3750,3850,3850.0,91258600,,TLKM.JK
2026-01-27,3850,3990,3730,3940,3940.0,161704800,,TLKM.JK
2026-01-28,3800,3800,3390,3470,3470.0,439277400,,TLKM.JK
2026-01-29,3420,3500,3100,3450,3450.0,582049700,,TLKM.JK
2026-01-30,3550,3740,3540,3600,3600.0,332372800,Data is limited by one year as you have free subscription,TLKM.JK
2025-02-03,4800,4800,4740,4760,4384.2837,33116100,,ASII.JK
2025-02-04,4770,4840,4760,4800,4421.1264,20631500,,ASII.JK
2025-02-05,4850,4850,4730,4740,4365.8623,20436200,,ASII.JK
2025-02-06,4740,4740,4520,4550,4190.8594,61645400,,ASII.JK
2025-02-07,4610,4670,4530,4650,4282.9662,33223300,,ASII.JK
2025-02-10,4610,4650,4520,4570,4209.2808,40230000,,ASII.JK
2025-02-11,4590,4650,4570,4610,4246.1235,32956400,,ASII.JK
2025-02-12,4680,4680,4620,4640,4273.7555,30762900,,ASII.JK
2025-02-13,4640,4670,4580,4660,4292.1769,21320200,,ASII.JK
2025-02-14,4660,4730,4640,4680,4310.5983,31409000,,ASII.JK
2025-02-17,4680,4780,4670,4740,4365.8623,30270200,,ASII.JK
2025-02-18,4740,4840,4740,4800,4421.1264,31828200,,ASII.JK
2025-02-19,4820,4840,4610,4700,4329.0196,47951400,,ASII.JK
2025-02-20,4700,4740,4650,4720,4347.441,23653800,,ASII.JK
2025-02-21,4740,4800,4600,4750,4375.073,31937400,,ASII.JK
2025-02-24,4750,4770,4660,4700,4329.0196,22303600,,ASII.JK
2025-02-25,4710,4750,4550,4560,4200.0701,42728600,,ASII.JK
2025-02-26,4560,4600,4520,4580,4218.4915,19351300,,ASII.JK
2025-02-27,4550,4590,4480,4590,4227.7021,37731000,,ASII.JK
2025-02-28,4650,4650,4370,4530,4172.4381,70620000,,ASII.JK
2025-03-03,4530,4720,4500,4680,4310.5983,65345600,,ASII.JK
2025-03-04,4680,4700,4590,4690,4319.8089,40873900,,ASII.JK
2025-03-05,4700,4900,4690,4900,4513.2332,86703900,,ASII.JK
2025-03-06,4900,4960,4860,4900,4513.2332,51276300,,ASII.JK
2025-03-07,4900,4970,4790,4930,4540.8653,59830500,,ASII.JK
2025-03-10,4900,4900,4750,4770,4393.4944,53139600,,ASII.JK
2025-03-11,4720,4800,4700,4800,4421.1264,35571600,,ASII.JK
2025-03-12,4760,4830,4740,4810,4430.3371,29264500,,ASII.JK
2025-03-13,4790,4810,4680,4730,4356.6517,41066600,,ASII.JK
2025-03-14,4730,4730,4610,4620,4255.3342,35967600,,ASII.JK
2025-03-17,4660,4670,4610,4620,4255.3342,23856300,,ASII.JK
2025-03-18,4630,4650,4460,4650,4282.9662,66583100,,ASII.JK
2025-03-19,4650,4700,4610,4690,4319.8089,37556400,,ASII.JK
2025-03-20,4690,4750,4640,4710,4338.2303,23310500,,ASII.JK
2025-03-21,4720,4840,4630,4840,4457.9691,57730500,,ASII.JK
2025-03-24,4780,4780,4540,4690,4319.8089,29695400,,ASII.JK
2025-03-25,4700,4700,4610,4650,4282.9662,26320300,,ASII.JK
2025-03-26,4660,4840,4660,4800,4421.1264,30508200,,ASII.JK
2025-03-27,4800,4920,4790,4920,4531.6546,44551200,,ASII.JK
2025-04-08,4800,4800,4450,4480,4126.3847,94752400,,ASII.JK
2025-04-09,4480,4660,4470,4620,4255.3342,46086300,,ASII.JK
2025-04-10,4750,4840,4690,4710,4338.2303,43115600,,ASII.JK
2025-04-11,4660,4740,4620,4710,4338.2303,31446100,,ASII.JK
2025-04-14,4740,4930,4710,4930,4540.8653,39843200,,ASII.JK
2025-04-15,4930,4950,4800,4870,4485.6012,56488100,,ASII.JK
2025-04-16,4850,4860,4690,4780,4402.7051,44479500,,ASII.JK
2025-04-17,4770,4770,4710,4750,4375.073,28099700,,ASII.JK
2025-04-21,4750,4810,4740,4790,4411.9157,14313200,,ASII.JK
2025-04-22,4750,4780,4720,4740,4365.8623,29906300,,ASII.JK
2025-04-23,4770,4840,4770,4820,4439.5478,38609800,,ASII.JK
2025-04-24,4830,4840,4770,4770,4393.4944,42307000,,ASII.JK
2025-04-25,4790,4910,4790,4860,4476.3905,45465200,,ASII.JK
2025-04-28,4880,4930,4870,4890,4504.0225,22380800,,ASII.JK
2025-04-29,4910,4910,4800,4800,4421.1264,46881000,,ASII.JK
2025-04-30,4800,4840,4780,4800,4421.1264,46038900,,ASII.JK
2025-05-02,4810,4860,4760,4790,4411.9157,61301400,,ASII.JK
2025-05-05,4800,4810,4770,4780,4402.7051,30747900,,ASII.JK
2025-05-06,4780,4800,4750,4750,4375.073,53222000,,ASII.JK
2025-05-07,4780,4840,4770,4830,4448.7585,47790800,,ASII.JK
2025-05-08,4860,4930,4780,4780,4402.7051,92459500,,ASII.JK
2025-05-09,4790,4830,4780,4780,4402.7051,38964000,,ASII.JK
2025-05-14,4860,4880,4800,4810,4430.3371,92389200,,ASII.JK
2025-05-15,4820,4850,4810,4820,4439.5478,69701600,,ASII.JK
2025-05-16,4840,4880,4810,4880,4494.8119,64271600,,ASII.JK
2025-05-19,4890,4960,4880,4940,4550.0759,97782400,,ASII.JK
2025-05-20,4960,4960,4860,4860,4476.3905,127610600,,ASII.JK
2025-05-21,4600,4690,4570,4670,4592.4305,115335300,,ASII.JK
2025-05-22,4680,4710,4630,4630,4553.0949,52032700,,ASII.JK
2025-05-23,4770,4780,4730,4740,4661.2678,42300400,,ASII.JK
2025-05-26,4770,4780,4690,4730,4651.4339,40971400,,ASII.JK
2025-05-27,4710,4730,4660,4700,4621.9322,38680100,,ASII.JK
2025-05-28,4710,4850,4660,4850,4769.4407,188036300,,ASII.JK
2025-06-02,4780,4800,4730,4780,4700.6034,115876200,,ASII.JK
2025-06-03,4750,4760,4650,4700,4621.9322,51574100,,ASII.JK
2025-06-04,4760,4760,4610,4610,4533.4271,55901000,,ASII.JK
2025-06-05,4640,4670,4610,4610,4533.4271,38381400,,ASII.JK
2025-06-10,4670,4670,4600,4600,4523.5932,60469600,,ASII.JK
2025-06-11,4610,4630,4580,4610,4533.4271,50550100,,ASII.JK
2025-06-12,4610,4620,4560,4560,4484.2576,54629900,,ASII.JK
2025-06-13,4580,4600,4560,4570,4494.0915,38510500,,ASII.JK
2025-06-16,4570,4630,4560,4610,4533.4271,29939400,,ASII.JK
2025-06-17,4640,4640,4590,4600,4523.5932,29978400,,ASII.JK
2025-06-18,4610,4620,4590,4590,4513.7593,19386900,,ASII.JK
2025-06-19,4590,4600,4500,4530,4454.7559,30832700,,ASII.JK
2025-06-20,4530,4530,4480,4490,4415.4203,50116600,,ASII.JK
2025-06-23,4470,4470,4400,4430,4356.4169,28820000,,ASII.JK
2025-06-24,4470,4500,4430,4470,4395.7525,37523200,,ASII.JK
2025-06-25,4530,4530,4420,4470,4395.7525,33217200,,ASII.JK
2025-06-26,4440,4450,4410,4450,4376.0847,26909800,,ASII.JK
2025-06-30,4470,4520,4450,4500,4425.2542,41865200,,ASII.JK
2025-07-01,4490,4510,4440,4450,4376.0847,27410600,,ASII.JK
2025-07-02,4450,4550,4440,4540,4464.5898,34231600,,ASII.JK
2025-07-03,4540,4590,4530,4570,4494.0915,24120100,,ASII.JK
2025-07-04,4600,4650,4570,4620,4543.261,25298100,,ASII.JK
2025-07-07,4620,4680,4590,4680,4602.2644,20181800,,ASII.JK
2025-07-08,4670,4670,4620,4660,4582.5966,21173700,,ASII.JK
2025-07-09,4680,4720,4670,4720,4641.6,32577400,,ASII.JK
2025-07-10,4720,4730,4680,4680,4602.2644,21464100,,ASII.JK
2025-07-11,4720,4720,4680,4710,4631.7661,19382400,,ASII.JK
2025-07-14,4710,4750,4650,4700,4621.9322,32985800,,ASII.JK
2025-07-15,4700,4700,4630,4700,4621.9322,25045900,,ASII.JK
2025-07-16,4700,4810,4690,4750,4671.1017,53394000,,ASII.JK
2025-07-17,4750,4820,4730,4790,4710.4373,37859000,,ASII.JK
2025-07-18,4810,4840,4750,4750,4671.1017,23680400,,ASII.JK
2025-07-21,4810,4810,4720,4760,4680.9356,17018900,,ASII.JK
2025-07-22,4760,4760,4680,4690,4612.0983,47232600,,ASII.JK
2025-07-23,4740,4950,4720,4950,4867.7797,94669900,,ASII.JK
2025-07-24,4990,5075,4980,5050,4966.1186,72459700,,ASII.JK
2025-07-25,5000,5050,4950,5000,4916.9492,28079000,,ASII.JK
2025-07-28,5025,5100,4990,5100,5015.2881,59414600,,ASII.JK
2025-07-29,5100,5125,5025,5100,5015.2881,36861000,,ASII.JK
2025-07-30,5100,5150,5075,5150,5064.4576,53075600,,ASII.JK
2025-07-31,5150,5175,5100,5100,5015.2881,44048400,,ASII.JK
2025-08-01,5125,5150,4960,5000,4916.9492,33392000,,ASII.JK
2025-08-04,5000,5050,4940,5025,4941.5339,21561700,,ASII.JK
2025-08-05,5050,5050,4990,5025,4941.5339,20210600,,ASII.JK
2025-08-06,5025,5025,4900,4900,4818.6102,24786300,,ASII.JK
2025-08-07,4920,5025,4920,4960,4877.6136,25930000,,ASII.JK
2025-08-08,4950,4990,4920,4920,4838.278,20639400,,ASII.JK
2025-08-11,4920,4930,4870,4900,4818.6102,21955000,,ASII.JK
2025-08-12,4900,5025,4890,4990,4907.1153,22725500,,ASII.JK
2025-08-13,5100,5250,5025,5175,5089.0424,103458500,,ASII.JK
2025-08-14,5125,5150,5075,5100,5015.2881,31796500,,ASII.JK
2025-08-15,5100,5125,5025,5025,4941.5339,16434700,,ASII.JK
2025-08-18,5025,5025,5025,5025,4941.5339,0,,ASII.JK
2025-08-19,5275,5575,5200,5525,5433.2288,260942000,,ASII.JK
2025-08-20,5525,5550,5450,5525,5433.2288,74517000,,ASII.JK
2025-08-21,5525,5650,5500,5625,5531.5678,76746200,,ASII.JK
2025-08-22,5650,5775,5600,5700,5605.322,73126900,,ASII.JK
2025-08-25,5750,5775,5675,5750,5654.4915,60737900,,ASII.JK
2025-08-26,5725,5725,5475,5625,5531.5678,79136200,,ASII.JK
2025-08-27,5650,5725,5500,5500,5408.6441,33172600,,ASII.JK
2025-08-28,5525,5650,5525,5575,5482.3983,18032900,,ASII.JK
2025-08-29,5450,5625,5425,5500,5408.6441,62869000,,ASII.JK
2025-09-01,5200,5500,5200,5450,5359.4746,67904000,,ASII.JK
2025-09-02,5500,5550,5400,5475,5384.0593,21623300,,ASII.JK
2025-09-03,5525,5650,5450,5500,5408.6441,45471600,,ASII.JK
2025-09-04,5500,5500,5400,5500,5408.6441,26987400,,ASII.JK
2025-09-05,5500,5500,5500,5500,5408.6441,0,,ASII.JK
2025-09-08,5600,5600,5350,5425,5334.8898,57081800,,ASII.JK
2025-09-09,5400,5600,5350,5525,5433.2288,49240100,,ASII.JK
2025-09-10,5525,5525,5400,5475,5384.0593,22964700,,ASII.JK
2025-09-11,5475,5600,5450,5550,5457.8136,28151500,,ASII.JK
2025-09-12,5625,5700,5600,5675,5580.7373,30653500,,ASII.JK
2025-09-15,5675,5700,5600,5625,5531.5678,26368000,,ASII.JK
2025-09-16,5650,5675,5600,5650,5556.1525,15987900,,ASII.JK
2025-09-17,5650,5700,5600,5700,5605.322,23879700,,ASII.JK
2025-09-18,5700,5725,5550,5575,5482.3983,27261300,,ASII.JK
2025-09-19,5575,5750,5575,5725,5629.9068,52162200,,ASII.JK
2025-09-22,5725,5725,5625,5700,5605.322,35106300,,ASII.JK
2025-09-23,5675,5950,5650,5900,5802.0,41044200,,ASII.JK
2025-09-24,5950,5950,5850,5900,5802.0,61167600,,ASII.JK
2025-09-25,5900,5900,5750,5775,5679.0763,35805100,,ASII.JK
2025-09-26,5875,6000,5775,5875,5777.4153,42677800,,ASII.JK
2025-09-29,5875,5900,5750,5775,5679.0763,20892700,,ASII.JK
2025-09-30,5750,5825,5700,5775,5679.0763,41266900,,ASII.JK
2025-10-01,5825,5850,5650,5675,5580.7373,26508200,,ASII.JK
2025-10-02,5750,5750,5625,5700,5605.322,29346300,,ASII.JK
2025-10-03,5750,5850,5750,5825,5728.2458,27951100,,ASII.JK
2025-10-06,5900,5925,5800,5825,5728.2458,21809400,,ASII.JK
2025-10-07,5925,6050,5725,5750,5654.4915,43328700,,ASII.JK
2025-10-08,5825,5875,5650,5725,5629.9068,30080700,,ASII.JK
2025-10-09,5775,5925,5750,5925,5826.5847,27699300,,ASII.JK
2025-10-10,5925,5950,5850,5900,5802.0,27133800,,ASII.JK
2025-10-13,5850,5925,5775,5800,5702.0,29034500,,ASII.JK
2025-10-14,5800,6025,5800,5825,5825.0,53096200,,ASII.JK
2025-10-15,5950,5950,5750,5775,5775.0,96604500,,ASII.JK
2025-10-16,5850,5850,5750,5750,5750.0,15044500,,ASII.JK
2025-10-17,5725,5800,5575,5625,5625.0,31793700,,ASII.JK
2025-10-20,5625,5925,5625,5925,5925.0,29959700,,ASII.JK
2025-10-21,6000,6050,5900,6000,6000.0,46181700,,ASII.JK
2025-10-22,6050,6300,6000,6175,6175.0,98615300,,ASII.JK
2025-10-23,6075,6400,6075,6325,6325.0,60009000,,ASII.JK
2025-10-24,6375,6675,6350,6575,6575.0,93344500,,ASII.JK
2025-10-27,6600,6725,6375,6600,6600.0,64262300,,ASII.JK
2025-10-28,6600,6600,6275,6325,6325.0,37953500,,ASII.JK
2025-10-29,6250,6500,6225,6475,6475.0,39818900,,ASII.JK
2025-10-30,6425,6450,6250,6275,6275.0,28976800,,ASII.JK
2025-10-31,6250,6300,6125,6150,6150.0,64790000,,ASII.JK
2025-11-03,6150,6450,6150,6350,6350.0,59085000,,ASII.JK
2025-11-04,6300,6375,6250,6300,6300.0,62249200,,ASII.JK
2025-11-05,6250,6325,6175,6250,6250.0,43439100,,ASII.JK
2025-11-06,6300,6350,6200,6325,6325.0,48979900,,ASII.JK
2025-11-07,6325,6450,6300,6425,6425.0,42960800,,ASII.JK
2025-11-10,6500,6500,6400,6425,6425.0,45533400,,ASII.JK
2025-11-11,6550,6600,6450,6525,6525.0,43529600,,ASII.JK
2025-11-12,6550,6575,6400,6450,6450.0,37083400,,ASII.JK
2025-11-13,6425,6425,6350,6375,6375.0,21200000,,ASII.JK
2025-11-14,6375,6450,6325,6400,6400.0,23431700,,ASII.JK
2025-11-17,6400,6500,6375,6450,6450.0,40681500,,ASII.JK
2025-11-18,6475,6550,6400,6425,6425.0,27510900,,ASII.JK
2025-11-19,6425,6475,6275,6400,6400.0,45476700,,ASII.JK
2025-11-20,6450,6500,6375,6425,6425.0,30547700,,ASII.JK
2025-11-21,6400,6425,6325,6425,6425.0,43653200,,ASII.JK
2025-11-24,6500,6525,6425,6475,6475.0,71721700,,ASII.JK
2025-11-25,6425,6475,6375,6450,6450.0,20954400,,ASII.JK
2025-11-26,6500,6600,6425,6600,6600.0,29331000,,ASII.JK
2025-11-27,6600,6600,6450,6575,6575.0,23737100,,ASII.JK
2025-11-28,6600,6600,6500,6550,6550.0,38378700,,ASII.JK
2025-12-01,6375,6500,6325,6375,6375.0,38669000,,ASII.JK
2025-12-02,6575,6625,6500,6625,6625.0,53567600,,ASII.JK
2025-12-03,6600,6650,6550,6600,6600.0,24386200,,ASII.JK
2025-12-04,6575,6725,6550,6725,6725.0,38510600,,ASII.JK
2025-12-05,6725,6900,6700,6700,6700.0,67707300,,ASII.JK
2025-12-08,6825,6825,6625,6725,6725.0,38776000,,ASII.JK
2025-12-09,6775,6775,6450,6600,6600.0,38482800,,ASII.JK
2025-12-10,6700,6725,6550,6625,6625.0,34524000,,ASII.JK
2025-12-11,6650,6675,6350,6450,6450.0,42116700,,ASII.JK
2025-12-12,6550,6600,6425,6600,6600.0,28841900,,ASII.JK
2025-12-15,6725,6725,6525,6600,6600.0,38096700,,ASII.JK
2025-12-16,6575,6600,6500,6600,6600.0,34723600,,ASII.JK
2025-12-17,6550,6600,6500,6600,6600.0,32681400,,ASII.JK
2025-12-18,6600,6600,6475,6500,6500.0,20454400,,ASII.JK
2025-12-19,6575,6575,6425,6525,6525.0,61201100,,ASII.JK
2025-12-22,6450,6600,6450,6575,6575.0,30755900,,ASII.JK
2025-12-23,6500,6575,6450,6500,6500.0,13756700,,ASII.JK
2025-12-24,6450,6675,6450,6625,6625.0,20273000,,ASII.JK
2025-12-25,6625,6625,6625,6625,6625.0,0,,ASII.JK
2025-12-26,6625,6625,6625,6625,6625.0,0,,ASII.JK
2025-12-29,6625,6725,6600,6675,6675.0,20982300,,ASII.JK
2025-12-30,6675,6725,6600,6700,6700.0,23486000,,ASII.JK
2025-12-31,6700,6700,6700,6700,6700.0,0,,ASII.JK
2026-01-01,6700,6700,6700,6700,6700.0,0,,ASII.JK
2026-01-02,6600,6800,6600,6800,6800.0,19569100,,ASII.JK
2026-01-05,6775,6875,6675,6875,6875.0,30633400,,ASII.JK
2026-01-06,6875,6900,6700,6900,6900.0,33964700,,ASII.JK
2026-01-07,6800,7075,6800,7025,7025.0,55249800,,ASII.JK
2026-01-08,7025,7100,6975,7000,7000.0,30845500,,ASII.JK
2026-01-09,7000,7100,6825,6875,6875.0,29171000,,ASII.JK
2026-01-12,6925,7000,6900,7000,7000.0,24915100,,ASII.JK
2026-01-13,7075,7300,7025,7300,7300.0,65659900,,ASII.JK
2026-01-14,7200,7225,7025,7125,7125.0,40658400,,ASII.JK
2026-01-15,7200,7200,7000,7050,7050.0,26410300,,ASII.JK
2026-01-16,7050,7050,7050,7050,7050.0,0,,ASII.JK
2026-01-19,7200,7475,7175,7400,7400.0,51590900,,ASII.JK
2026-01-20,7350,7375,7225,7275,7275.0,21167100,,ASII.JK
2026-01-21,6300,6800,6300,6600,6600.0,269454100,,ASII.JK
2026-01-22,6700,6850,6625,6775,6775.0,70220500,,ASII.JK
2026-01-23,6800,6900,6650,6825,6825.0,52227800,,ASII.JK
2026-01-26,6850,6875,6700,6875,6875.0,55468700,,ASII.JK
2026-01-27,6775,6800,6225,6300,6300.0,145465800,,ASII.JK
2026-01-28,6200,6475,5775,6175,6175.0,200262500,,ASII.JK
2026-01-29,6200,6475,5725,6475,6475.0,136295200,,ASII.JK
2026-01-30,6525,6550,6300,6350,6350.0,101087200,Data is limited by one year as you have free subscription,ASII.JK
2025-02-03,1635,1640,1580,1580,1481.706,12109000,,UNVR.JK
2025-02-04,1580,1620,1560,1565,1467.6391,9816400,,UNVR.JK
2025-02-05,1565,1575,1550,1565,1467.6391,7078900,,UNVR.JK
2025-02-06,1565,1565,1500,1510,1416.0608,11260100,,UNVR.JK
2025-02-07,1510,1510,1425,1425,1336.3487,23092400,,UNVR.JK
2025-02-10,1425,1545,1425,1505,1411.3718,22972400,,UNVR.JK
2025-02-11,1525,1530,1425,1425,1336.3487,12501100,,UNVR.JK
2025-02-12,1425,1445,1370,1375,1289.4593,47552000,,UNVR.JK
2025-02-13,1370,1420,1290,1415,1326.9708,74244500,,UNVR.JK
2025-02-14,1420,1500,1420,1465,1373.8603,30530500,,UNVR.JK
2025-02-17,1475,1500,1425,1440,1350.4156,30852000,,UNVR.JK
2025-02-18,1440,1460,1420,1450,1359.7934,24087300,,UNVR.JK
2025-02-19,1450,1450,1375,1375,1289.4593,36371600,,UNVR.JK
2025-02-20,1380,1405,1330,1350,1266.0146,29020400,,UNVR.JK
2025-02-21,1345,1355,1290,1290,1209.7473,37424600,,UNVR.JK
2025-02-24,1295,1305,1255,1265,1186.3026,33750800,,UNVR.JK
2025-02-25,1240,1255,1150,1150,1078.4569,116532600,,UNVR.JK
2025-02-26,1160,1225,1155,1200,1125.3463,123211400,,UNVR.JK
2025-02-27,1215,1265,1185,1200,1125.3463,64065200,,UNVR.JK
2025-02-28,1200,1210,1015,1015,951.8554,785826000,,UNVR.JK
2025-03-03,985,1215,985,1125,1055.0122,505933700,,UNVR.JK
2025-03-04,1125,1160,1075,1090,1022.1896,169188900,,UNVR.JK
2025-03-05,1095,1185,1095,1120,1050.3232,152284100,,UNVR.JK
2025-03-06,1130,1165,1110,1140,1069.079,75420000,,UNVR.JK
2025-03-07,1150,1240,1150,1200,1125.3463,116830700,,UNVR.JK
2025-03-10,1205,1230,1175,1180,1106.5905,73948200,,UNVR.JK
2025-03-11,1170,1200,1145,1190,1115.9684,35888100,,UNVR.JK
2025-03-12,1200,1210,1150,1150,1078.4569,59364000,,UNVR.JK
2025-03-13,1160,1280,1155,1260,1181.6136,123437300,,UNVR.JK
2025-03-14,1270,1335,1260,1300,1219.1252,148060700,,UNVR.JK
2025-03-17,1310,1375,1305,1365,1280.0814,98617100,,UNVR.JK
2025-03-18,1365,1380,1300,1360,1275.3925,112819800,,UNVR.JK
2025-03-19,1360,1420,1335,1360,1275.3925,84280900,,UNVR.JK
2025-03-20,1365,1370,1295,1305,1223.8141,72533700,,UNVR.JK
2025-03-21,1305,1330,1255,1295,1214.4362,76199400,,UNVR.JK
2025-03-24,1275,1290,1225,1250,1172.2357,34134300,,UNVR.JK
2025-03-25,1255,1275,1220,1245,1167.5468,26275100,,UNVR.JK
2025-03-26,1240,1275,1235,1240,1162.8578,24278400,,UNVR.JK
2025-03-27,1240,1285,1225,1265,1186.3026,24029300,,UNVR.JK
2025-04-08,1150,1180,1125,1180,1106.5905,43015400,,UNVR.JK
2025-04-09,1165,1220,1135,1155,1083.1458,37069200,,UNVR.JK
2025-04-10,1210,1285,1195,1285,1205.0583,43797500,,UNVR.JK
2025-04-11,1275,1340,1255,1310,1228.503,27972400,,UNVR.JK
2025-04-14,1310,1420,1310,1360,1275.3925,49982800,,UNVR.JK
2025-04-15,1375,1380,1325,1330,1247.2588,30552000,,UNVR.JK
2025-04-16,1335,1355,1300,1320,1237.8809,21173800,,UNVR.JK
2025-04-17,1335,1345,1305,1320,1237.8809,18038000,,UNVR.JK
2025-04-21,1320,1415,1310,1345,1261.3256,43443800,,UNVR.JK
2025-04-22,1350,1400,1335,1385,1298.8372,31082500,,UNVR.JK
2025-04-23,1410,1450,1390,1425,1336.3487,57026800,,UNVR.JK
2025-04-24,1450,1500,1435,1495,1401.9939,77362800,,UNVR.JK
2025-04-25,1530,1865,1530,1750,1641.13,238892100,,UNVR.JK
2025-04-28,1760,1795,1650,1665,1561.418,80356100,,UNVR.JK
2025-04-29,1665,1700,1645,1680,1575.4848,31457700,,UNVR.JK
2025-04-30,1680,1750,1665,1715,1608.3074,50952000,,UNVR.JK
2025-05-02,1720,1775,1700,1755,1645.819,44238500,,UNVR.JK
2025-05-05,1755,1850,1750,1775,1664.5747,47018900,,UNVR.JK
2025-05-06,1790,1835,1780,1835,1720.8421,30049700,,UNVR.JK
2025-05-07,1850,1860,1810,1810,1697.3973,22389700,,UNVR.JK
2025-05-08,1810,1810,1750,1780,1669.2637,36530300,,UNVR.JK
2025-05-09,1760,1815,1755,1780,1669.2637,14223700,,UNVR.JK
2025-05-14,1780,1820,1765,1785,1673.9526,24584500,,UNVR.JK
2025-05-15,1785,1825,1785,1790,1678.6416,18453900,,UNVR.JK
2025-05-16,1820,1820,1755,1765,1655.1968,21422400,,UNVR.JK
2025-05-19,1770,1785,1715,1765,1655.1968,32689200,,UNVR.JK
2025-05-20,1770,1780,1705,1710,1603.6185,31119800,,UNVR.JK
2025-05-21,1705,1760,1670,1760,1650.5079,27634600,,UNVR.JK
2025-05-22,1760,1855,1735,1815,1702.0863,86079500,,UNVR.JK
2025-05-23,1780,1805,1780,1785,1673.9526,12099800,,UNVR.JK
2025-05-26,1785,1805,1760,1765,1655.1968,18393000,,UNVR.JK
2025-05-27,1765,1790,1740,1740,1631.7521,14533400,,UNVR.JK
2025-05-28,1745,1750,1710,1730,1622.3742,25197600,,UNVR.JK
2025-06-02,1730,1765,1710,1730,1622.3742,26515500,,UNVR.JK
2025-06-03,1720,1765,1685,1690,1584.8627,31456000,,UNVR.JK
2025-06-04,1720,1735,1640,1645,1542.6622,31712900,,UNVR.JK
2025-06-05,1655,1655,1605,1625,1523.9064,17144300,,UNVR.JK
2025-06-10,1625,1665,1610,1620,1519.2175,16264300,,UNVR.JK
2025-06-11,1630,1635,1595,1615,1514.5286,23130800,,UNVR.JK
2025-06-12,1610,1650,1600,1625,1523.9064,23384800,,UNVR.JK
2025-06-13,1625,1625,1545,1560,1462.9502,34564600,,UNVR.JK
2025-06-16,1515,1535,1480,1500,1450.3802,32740100,,UNVR.JK
2025-06-17,1500,1500,1465,1480,1431.0418,21223700,,UNVR.JK
2025-06-18,1475,1475,1425,1470,1421.3726,27062700,,UNVR.JK
2025-06-19,1460,1470,1420,1450,1402.0342,27276600,,UNVR.JK
2025-06-20,1440,1455,1380,1380,1334.3498,31257500,,UNVR.JK
2025-06-23,1340,1390,1305,1365,1319.846,48228000,,UNVR.JK
2025-06-24,1400,1465,1400,1445,1397.1996,47068000,,UNVR.JK
2025-06-25,1470,1470,1430,1455,1406.8688,24246700,,UNVR.JK
2025-06-26,1450,1460,1425,1460,1411.7034,9127100,,UNVR.JK
2025-06-30,1475,1475,1450,1450,1402.0342,17199800,,UNVR.JK
2025-07-01,1445,1485,1430,1470,1421.3726,22311700,,UNVR.JK
2025-07-02,1480,1530,1450,1470,1421.3726,37642300,,UNVR.JK
2025-07-03,1470,1625,1455,1595,1542.2376,55965500,,UNVR.JK
2025-07-04,1600,1605,1515,1545,1493.8916,38933100,,UNVR.JK
2025-07-07,1565,1570,1525,1560,1508.3954,16928200,,UNVR.JK
2025-07-08,1560,1560,1515,1520,1469.7186,18964100,,UNVR.JK
2025-07-09,1520,1520,1485,1515,1464.884,8633400,,UNVR.JK
2025-07-10,1515,1600,1485,1580,1527.7338,38371900,,UNVR.JK
2025-07-11,1585,1620,1570,1575,1522.8992,30404800,,UNVR.JK
2025-07-14,1575,1600,1550,1575,1522.8992,12776800,,UNVR.JK
2025-07-15,1575,1580,1545,1570,1518.0646,9128300,,UNVR.JK
2025-07-16,1565,1575,1540,1560,1508.3954,14183800,,UNVR.JK
2025-07-17,1560,1610,1550,1575,1522.8992,24874600,,UNVR.JK
2025-07-18,1580,1595,1510,1510,1460.0494,23315100,,UNVR.JK
2025-07-21,1515,1590,1515,1550,1498.7262,25039900,,UNVR.JK
2025-07-22,1550,1585,1550,1570,1518.0646,15936600,,UNVR.JK
2025-07-23,1580,1590,1535,1570,1518.0646,15743800,,UNVR.JK
2025-07-24,1570,1625,1570,1585,1532.5684,24659800,,UNVR.JK
2025-07-25,1595,1610,1540,1545,1493.8916,14119700,,UNVR.JK
2025-07-28,1545,1580,1545,1555,1503.5608,26625700,,UNVR.JK
2025-07-29,1560,1575,1540,1555,1503.5608,29894600,,UNVR.JK
2025-07-30,1555,1560,1525,1530,1479.3878,16040100,,UNVR.JK
2025-07-31,1570,1740,1525,1710,1653.4335,213621800,,UNVR.JK
2025-08-01,1705,1780,1690,1770,1711.4487,99467400,,UNVR.JK
2025-08-04,1775,1785,1735,1760,1701.7795,37102700,,UNVR.JK
2025-08-05,1760,1835,1750,1800,1740.4563,85662300,,UNVR.JK
2025-08-06,1800,1800,1735,1735,1677.6065,33639400,,UNVR.JK
2025-08-07,1735,1770,1735,1765,1706.6141,15105200,,UNVR.JK
2025-08-08,1765,1795,1735,1750,1692.1103,12034100,,UNVR.JK
2025-08-11,1755,1780,1750,1760,1701.7795,18272400,,UNVR.JK
2025-08-12,1760,1820,1760,1790,1730.7871,38523100,,UNVR.JK
2025-08-13,1800,1825,1775,1785,1725.9525,26026700,,UNVR.JK
2025-08-14,1795,1915,1790,1830,1769.4639,85270700,,UNVR.JK
2025-08-15,1830,1840,1750,1750,1692.1103,36984000,,UNVR.JK
2025-08-18,1750,1750,1750,1750,1692.1103,0,,UNVR.JK
2025-08-19,1755,1845,1755,1830,1769.4639,40630500,,UNVR.JK
2025-08-20,1830,1840,1785,1805,1745.2909,21223900,,UNVR.JK
2025-08-21,1800,1830,1800,1815,1754.9601,10486800,,UNVR.JK
2025-08-22,1830,1830,1770,1770,1711.4487,14344500,,UNVR.JK
2025-08-25,1775,1810,1770,1775,1716.2833,10311100,,UNVR.JK
2025-08-26,1775,1800,1750,1790,1730.7871,14548700,,UNVR.JK
2025-08-27,1790,1795,1735,1755,1696.9449,15955700,,UNVR.JK
2025-08-28,1755,1760,1745,1750,1692.1103,13246200,,UNVR.JK
2025-08-29,1730,1730,1690,1700,1643.7643,24836500,,UNVR.JK
2025-09-01,1650,1710,1645,1700,1643.7643,15262900,,UNVR.JK
2025-09-02,1700,1745,1700,1700,1643.7643,15840700,,UNVR.JK
2025-09-03,1700,1730,1700,1710,1653.4335,11426700,,UNVR.JK
2025-09-04,1705,1735,1700,1705,1648.5989,27702300,,UNVR.JK
2025-09-05,1705,1705,1705,1705,1648.5989,0,,UNVR.JK
2025-09-08,1705,1715,1685,1695,1638.9297,38625200,,UNVR.JK
2025-09-09,1695,1695,1645,1655,1600.2529,54269100,,UNVR.JK
2025-09-10,1670,1720,1660,1700,1643.7643,26787800,,UNVR.JK
2025-09-11,1725,1745,1710,1720,1663.1027,10286400,,UNVR.JK
2025-09-12,1720,1725,1690,1695,1638.9297,10326000,,UNVR.JK
2025-09-15,1695,1730,1685,1690,1634.0951,44103900,,UNVR.JK
2025-09-16,1700,1770,1695,1740,1682.4411,28476400,,UNVR.JK
2025-09-17,1740,1765,1715,1735,1677.6065,12700500,,UNVR.JK
2025-09-18,1745,1755,1705,1710,1653.4335,11695200,,UNVR.JK
2025-09-19,1715,1725,1700,1715,1658.2681,22797600,,UNVR.JK
2025-09-22,1725,1730,1710,1715,1658.2681,12021400,,UNVR.JK
2025-09-23,1725,1780,1700,1775,1716.2833,29171000,,UNVR.JK
2025-09-24,1800,1805,1730,1735,1677.6065,23291800,,UNVR.JK
2025-09-25,1715,1780,1715,1735,1677.6065,14402500,,UNVR.JK
2025-09-26,1780,1940,1775,1830,1769.4639,134223700,,UNVR.JK
2025-09-29,1830,1840,1750,1760,1701.7795,37519500,,UNVR.JK
2025-09-30,1750,1790,1735,1780,1721.1179,23784800,,UNVR.JK
2025-10-01,1770,1815,1745,1780,1721.1179,22048100,,UNVR.JK
2025-10-02,1785,1860,1765,1790,1730.7871,24568600,,UNVR.JK
2025-10-03,1790,1875,1785,1835,1774.2985,33563100,,UNVR.JK
2025-10-06,1850,1890,1820,1860,1798.4715,22207000,,UNVR.JK
2025-10-07,1860,1885,1810,1830,1769.4639,27722000,,UNVR.JK
2025-10-08,1840,1880,1825,1855,1793.6369,15182700,,UNVR.JK
2025-10-09,1865,1975,1865,1915,1851.6521,78749900,,UNVR.JK
2025-10-10,1935,1940,1890,1900,1837.1483,14263100,,UNVR.JK
2025-10-13,1870,1900,1815,1850,1788.8023,25615900,,UNVR.JK
2025-10-14,1870,1870,1800,1800,1740.4563,26174800,,UNVR.JK
2025-10-15,1825,1855,1810,1835,1774.2985,23439100,,UNVR.JK
2025-10-16,1860,2020,1860,1985,1919.3365,80433300,,UNVR.JK
2025-10-17,1985,1995,1885,1900,1837.1483,51732500,,UNVR.JK
2025-10-20,1935,2130,1935,2080,2011.1939,86711600,,UNVR.JK
2025-10-21,2100,2110,2020,2050,1982.1863,29597600,,UNVR.JK
2025-10-22,2050,2150,2020,2070,2001.5247,49090900,,UNVR.JK
2025-10-23,2180,2270,2140,2260,2185.2395,130049800,,UNVR.JK
2025-10-24,2260,2700,2250,2530,2446.308,267179900,,UNVR.JK
2025-10-27,2580,2840,2530,2710,2620.3536,277535000,,UNVR.JK
2025-10-28,2680,2720,2450,2490,2407.6312,156918700,,UNVR.JK
2025-10-29,2510,2610,2470,2580,2494.654,73171300,,UNVR.JK
2025-10-30,2610,2670,2560,2560,2475.3156,49537500,,UNVR.JK
2025-10-31,2600,2660,2530,2580,2494.654,63108200,,UNVR.JK
2025-11-03,2630,2700,2590,2670,2581.6768,49127900,,UNVR.JK
2025-11-04,2700,2750,2600,2690,2601.0152,57648100,,UNVR.JK
2025-11-05,2690,2740,2660,2690,2601.0152,41343200,,UNVR.JK
2025-11-06,2660,2680,2600,2620,2533.3308,29525900,,UNVR.JK
2025-11-07,2600,2610,2520,2530,2446.308,48504400,,UNVR.JK
2025-11-10,2570,2600,2500,2530,2446.308,49312800,,UNVR.JK
2025-11-11,2560,2570,2460,2490,2407.6312,47905800,,UNVR.JK
2025-11-12,2490,2590,2480,2550,2465.6464,35515000,,UNVR.JK
2025-11-13,2560,2560,2490,2490,2407.6312,16292900,,UNVR.JK
2025-11-14,2490,2560,2490,2510,2426.9696,16720600,,UNVR.JK
2025-11-17,2540,2620,2520,2590,2504.3232,37359900,,UNVR.JK
2025-11-18,2610,2630,2510,2510,2426.9696,28725900,,UNVR.JK
2025-11-19,2520,2580,2520,2580,2494.654,13777400,,UNVR.JK
2025-11-20,2600,2620,2560,2600,2513.9924,20738000,,UNVR.JK
2025-11-21,2600,2670,2540,2540,2455.9772,27647200,,UNVR.JK
2025-11-24,2560,2670,2560,2670,2581.6768,32673700,,UNVR.JK
2025-11-25,2670,2670,2580,2630,2543.0,25207700,,UNVR.JK
2025-11-26,2640,2690,2590,2600,2513.9924,21031000,,UNVR.JK
2025-11-27,2620,2630,2560,2600,2513.9924,34235900,,UNVR.JK
2025-11-28,2620,2640,2590,2600,2513.9924,18013700,,UNVR.JK
2025-12-01,2570,2650,2570,2620,2533.3308,17322300,,UNVR.JK
2025-12-02,2620,2670,2600,2650,2562.3384,35263000,,UNVR.JK
2025-12-03,2670,2800,2670,2770,2678.3688,65741000,,UNVR.JK
2025-12-04,2800,2810,2690,2770,2678.3688,40071400,,UNVR.JK
2025-12-05,2780,2790,2710,2710,2620.3536,34350200,,UNVR.JK
2025-12-08,2730,2730,2620,2620,2533.3308,34429000,,UNVR.JK
2025-12-09,2620,2710,2590,2670,2581.6768,44953900,,UNVR.JK
2025-12-10,2710,2750,2670,2730,2639.692,29651800,,UNVR.JK
2025-12-11,2730,2740,2600,2640,2552.6692,30830400,,UNVR.JK
2025-12-12,2640,2660,2600,2630,2543.0,14728100,,UNVR.JK
2025-12-15,2590,2610,2570,2580,2580.0,18476400,,UNVR.JK
2025-12-16,2580,2710,2580,2710,2710.0,32058000,,UNVR.JK
2025-12-17,2700,2700,2630,2630,2630.0,20817800,,UNVR.JK
2025-12-18,2630,2680,2620,2650,2650.0,17521000,,UNVR.JK
2025-12-19,2660,2770,2610,2770,2770.0,28983500,,UNVR.JK
2025-12-22,2730,2730,2670,2700,2700.0,22606200,,UNVR.JK
2025-12-23,2690,2700,2610,2610,2610.0,17218500,,UNVR.JK
2025-12-24,2620,2620,2590,2600,2600.0,10056300,,UNVR.JK
2025-12-25,2600,2600,2600,2600,2600.0,0,,UNVR.JK
2025-12-26,2600,2600,2600,2600,2600.0,0,,UNVR.JK
2025-12-29,2610,2630,2560,2600,2600.0,13763200,,UNVR.JK
2025-12-30,2600,2660,2590,2600,2600.0,17928600,,UNVR.JK
2025-12-31,2600,2600,2600,2600,2600.0,0,,UNVR.JK
2026-01-01,2600,2600,2600,2600,2600.0,0,,UNVR.JK
2026-01-02,2620,2630,2600,2620,2620.0,7859600,,UNVR.JK
2026-01-05,2620,2620,2580,2580,2580.0,13513400,,UNVR.JK
2026-01-06,2580,2620,2580,2610,2610.0,16595700,,UNVR.JK
2026-01-07,2610,2640,2600,2600,2600.0,18804300,,UNVR.JK
2026-01-08,2620,2730,2610,2620,2620.0,44404400,,UNVR.JK
2026-01-09,2640,2680,2620,2620,2620.0,23053000,,UNVR.JK
2026-01-12,2650,2650,2590,2600,2600.0,44075100,,UNVR.JK
2026-01-13,2600,2630,2590,2600,2600.0,33925600,,UNVR.JK
2026-01-14,2610,2620,2580,2580,2580.0,15761400,,UNVR.JK
2026-01-15,2580,2590,2420,2450,2450.0,51451800,,UNVR.JK
2026-01-16,2450,2450,2450,2450,2450.0,0,,UNVR.JK
2026-01-19,2450,2460,2310,2330,2330.0,56292600,,UNVR.JK
2026-01-20,2330,2360,2320,2320,2320.0,18395300,,UNVR.JK
2026-01-21,2320,2320,2240,2290,2290.0,30521200,,UNVR.JK
2026-01-22,2270,2310,2270,2280,2280.0,21043700,,UNVR.JK
2026-01-23,2280,2280,2200,2250,2250.0,20403500,,UNVR.JK
2026-01-26,2250,2260,2130,2150,2150.0,27241300,,UNVR.JK
2026-01-27,2140,2180,2030,2060,2060.0,35658400,,UNVR.JK
2026-01-28,2000,2020,1930,1980,1980.0,39800600,,UNVR.JK
2026-01-29,1960,1960,1690,1860,1860.0,74521700,,UNVR.JK
2026-01-30,1890,1960,1885,1925,1925.0,33230400,Data is limited by one year as you have free subscription,UNVR.JK
2025-02-03,7850,7850,7525,7625,7364.6341,10474800,,INDF.JK
2025-02-04,7625,7825,7600,7700,7437.0732,7501300,,INDF.JK
2025-02-05,7575,7700,7450,7525,7268.0488,9710600,,INDF.JK
2025-02-06,7525,7550,7450,7525,7268.0488,6866800,,INDF.JK
2025-02-07,7550,7650,7400,7650,7388.7805,7629300,,INDF.JK
2025-02-10,7675,8175,7675,7775,7509.5122,14592500,,INDF.JK
2025-02-11,7775,7800,7650,7700,7437.0732,6946200,,INDF.JK
2025-02-12,7725,7850,7725,7800,7533.6585,5349600,,INDF.JK
2025-02-13,7800,7950,7700,7800,7533.6585,8661800,,INDF.JK
2025-02-14,7800,7900,7750,7750,7485.3659,3998600,,INDF.JK
2025-02-17,7750,7925,7750,7825,7557.8049,4776400,,INDF.JK
2025-02-18,7825,7875,7775,7850,7581.9512,2868600,,INDF.JK
2025-02-19,7850,8075,7825,8000,7726.8293,12307500,,INDF.JK
2025-02-20,8000,8000,7775,7975,7702.6829,7553700,,INDF.JK
2025-02-21,7975,7975,7700,7700,7437.0732,8930700,,INDF.JK
2025-02-24,7700,7900,7700,7900,7630.2439,4720100,,INDF.JK
2025-02-25,7900,7950,7750,7825,7557.8049,5652200,,INDF.JK
2025-02-26,7750,7775,7450,7725,7461.2195,11788900,,INDF.JK
2025-02-27,7700,7700,7500,7600,7340.4878,7256500,,INDF.JK
2025-02-28,7550,7625,7050,7125,6881.7073,22647000,,INDF.JK
2025-03-03,7200,7500,7100,7350,7099.0244,7086800,,INDF.JK
2025-03-04,7350,7450,7175,7325,7074.878,6242600,,INDF.JK
2025-03-05,7325,7475,7275,7425,7171.4634,7505800,,INDF.JK
2025-03-06,7425,7500,7300,7300,7050.7317,6797700,,INDF.JK
2025-03-07,7275,7325,7225,7250,7002.439,6418600,,INDF.JK
2025-03-10,7225,7550,7225,7550,7292.1951,9491200,,INDF.JK
2025-03-11,7475,7475,7275,7275,7026.5854,9518800,,INDF.JK
2025-03-12,7275,7500,7275,7475,7219.7561,8069300,,INDF.JK
2025-03-13,7475,7475,7250,7300,7050.7317,7096800,,INDF.JK
2025-03-14,7300,7325,7125,7175,6930.0,8582900,,INDF.JK
2025-03-17,7200,7325,7150,7275,7026.5854,6236900,,INDF.JK
2025-03-18,7275,7275,6900,7075,6833.4146,11584800,,INDF.JK
2025-03-19,7075,7200,7050,7200,6954.1463,6108300,,INDF.JK
2025-03-20,7200,7200,7025,7025,6785.122,7613900,,INDF.JK
2025-03-21,7075,7075,6725,6975,6736.8293,15614200,,INDF.JK
2025-03-24,6950,6950,6525,6800,6567.8049,6570900,,INDF.JK
2025-03-25,6850,7000,6800,6800,6567.8049,7669000,,INDF.JK
2025-03-26,6800,7025,6775,6925,6688.5366,8108100,,INDF.JK
2025-03-27,6925,7150,6900,7100,6857.561,9073700,,INDF.JK
2025-04-08,6600,7200,6550,7200,6954.1463,18379600,,INDF.JK
2025-04-09,7100,7175,6675,6675,6447.0732,13927700,,INDF.JK
2025-04-10,6925,7100,6850,7075,6833.4146,6975500,,INDF.JK
2025-04-11,6875,7050,6850,6900,6664.3902,5546900,,INDF.JK
2025-04-14,7000,7200,6975,7125,6881.7073,6748100,,INDF.JK
2025-04-15,7200,7300,7125,7300,7050.7317,8352000,,INDF.JK
2025-04-16,7225,7400,7125,7400,7147.3171,4270600,,INDF.JK
2025-04-17,7325,7350,7225,7300,7050.7317,5807700,,INDF.JK
2025-04-21,7275,7375,7150,7350,7099.0244,1676700,,INDF.JK
2025-04-22,7325,7350,7150,7200,6954.1463,5953600,,INDF.JK
2025-04-23,7225,7425,7225,7350,7099.0244,9914800,,INDF.JK
2025-04-24,7300,7325,7150,7250,7002.439,6334700,,INDF.JK
2025-04-25,7275,7475,7275,7475,7219.7561,5156600,,INDF.JK
2025-04-28,7475,7500,7350,7425,7171.4634,2930700,,INDF.JK
2025-04-29,7425,7525,7425,7500,7243.9024,4792000,,INDF.JK
2025-04-30,7500,8000,7425,8000,7726.8293,12400500,,INDF.JK
2025-05-02,7825,7850,7675,7700,7437.0732,6382300,,INDF.JK
2025-05-05,7725,7750,7600,7600,7340.4878,4796000,,INDF.JK
2025-05-06,7675,7775,7525,7525,7268.0488,5787600,,INDF.JK
2025-05-07,7550,7950,7550,7750,7485.3659,12039700,,INDF.JK
2025-05-08,7750,7850,7650,7775,7509.5122,8457100,,INDF.JK
2025-05-09,7775,8000,7700,7975,7702.6829,7224600,,INDF.JK
2025-05-14,8000,8125,7875,7875,7606.0976,8262400,,INDF.JK
2025-05-15,7900,8150,7900,8100,7823.4146,10055700,,INDF.JK
2025-05-16,8200,8475,8125,8450,8161.4634,12696200,,INDF.JK
2025-05-19,8450,8500,8225,8225,7944.1463,12109700,,INDF.JK
2025-05-20,8250,8325,7875,7875,7606.0976,12129200,,INDF.JK
2025-05-21,7875,8025,7875,7975,7702.6829,10053600,,INDF.JK
2025-05-22,7975,8150,7900,7900,7630.2439,12044100,,INDF.JK
2025-05-23,7900,7950,7850,7850,7581.9512,5849700,,INDF.JK
2025-05-26,7850,7900,7825,7850,7581.9512,5293300,,INDF.JK
2025-05-27,7875,7900,7825,7875,7606.0976,5098100,,INDF.JK
2025-05-28,7900,7950,7775,7875,7606.0976,13336000,,INDF.JK
2025-06-02,7925,7950,7650,7675,7412.9268,9732500,,INDF.JK
2025-06-03,7675,7875,7650,7825,7557.8049,8012300,,INDF.JK
2025-06-04,7950,8225,7875,8225,7944.1463,19738900,,INDF.JK
2025-06-05,8200,8275,8100,8150,7871.7073,10392100,,INDF.JK
2025-06-10,8150,8250,8125,8200,7920.0,7197900,,INDF.JK
2025-06-11,8275,8500,8150,8500,8209.7561,20164400,,INDF.JK
2025-06-12,8400,8400,8225,8225,7944.1463,10971300,,INDF.JK
2025-06-13,8275,8450,8225,8325,8040.7317,11957200,,INDF.JK
2025-06-16,8275,8350,8225,8225,7944.1463,7501300,,INDF.JK
2025-06-17,8300,8350,8200,8200,7920.0,7753400,,INDF.JK
2025-06-18,8225,8325,8100,8125,7847.561,8305600,,INDF.JK
2025-06-19,8150,8275,8025,8050,7775.122,4749400,,INDF.JK
2025-06-20,8050,8125,8025,8050,7775.122,13421400,,INDF.JK
2025-06-23,8000,8000,7800,7925,7654.3902,4733500,,INDF.JK
2025-06-24,7950,8025,7900,7925,7654.3902,12219000,,INDF.JK
2025-06-25,8025,8100,7975,8050,7775.122,7393900,,INDF.JK
2025-06-26,8050,8100,7925,8050,7775.122,7694800,,INDF.JK
2025-06-30,8100,8150,7950,8125,7847.561,9281800,,INDF.JK
2025-07-01,8050,8200,8050,8200,7920.0,8235500,,INDF.JK
2025-07-02,7975,8050,7875,7975,7975.0,11433200,,INDF.JK
2025-07-03,7925,8125,7875,8100,8100.0,8038300,,INDF.JK
2025-07-04,8125,8250,8050,8100,8100.0,7561600,,INDF.JK
2025-07-07,8100,8100,8000,8100,8100.0,5535000,,INDF.JK
2025-07-08,8050,8100,7975,8025,8025.0,4585500,,INDF.JK
2025-07-09,8025,8200,8000,8175,8175.0,7330800,,INDF.JK
2025-07-10,8175,8200,8050,8150,8150.0,4624300,,INDF.JK
2025-07-11,8150,8250,8100,8250,8250.0,8348300,,INDF.JK
2025-07-14,8250,8350,8125,8350,8350.0,10098800,,INDF.JK
2025-07-15,8350,8350,8225,8325,8325.0,17749200,,INDF.JK
2025-07-16,8325,8450,8275,8275,8275.0,12711100,,INDF.JK
2025-07-17,8350,8450,8175,8225,8225.0,7185300,,INDF.JK
2025-07-18,8225,8275,8200,8225,8225.0,3995500,,INDF.JK
2025-07-21,8275,8375,8225,8300,8300.0,4406300,,INDF.JK
2025-07-22,8300,8300,8200,8225,8225.0,3519800,,INDF.JK
2025-07-23,8300,8350,8200,8350,8350.0,4557000,,INDF.JK
2025-07-24,8350,8450,8350,8350,8350.0,4995300,,INDF.JK
2025-07-25,8350,8400,8300,8400,8400.0,3388300,,INDF.JK
2025-07-28,8475,8475,8350,8375,8375.0,3305800,,INDF.JK
2025-07-29,8350,8400,8275,8300,8300.0,3728500,,INDF.JK
2025-07-30,8325,8400,8275,8375,8375.0,6796700,,INDF.JK
2025-07-31,8425,8825,8400,8525,8525.0,16887300,,INDF.JK
2025-08-01,8675,8700,8450,8475,8475.0,7232800,,INDF.JK
2025-08-04,8475,8525,8375,8375,8375.0,3449300,,INDF.JK
2025-08-05,8400,8425,8200,8325,8325.0,4715600,,INDF.JK
2025-08-06,8350,8375,8125,8200,8200.0,5560300,,INDF.JK
2025-08-07,8200,8325,8000,8200,8200.0,8381800,,INDF.JK
2025-08-08,8225,8275,8125,8150,8150.0,3960800,,INDF.JK
2025-08-11,8150,8200,7975,8075,8075.0,5238000,,INDF.JK
2025-08-12,8075,8150,8000,8050,8050.0,3719100,,INDF.JK
2025-08-13,8025,8125,7975,8025,8025.0,5999800,,INDF.JK
2025-08-14,8000,8175,8000,8150,8150.0,8223400,,INDF.JK
2025-08-15,8150,8175,8050,8050,8050.0,10269600,,INDF.JK
2025-08-18,8050,8050,8050,8050,8050.0,0,,INDF.JK
2025-08-19,8050,8050,7825,7925,7925.0,9976000,,INDF.JK
2025-08-20,7925,8000,7900,7975,7975.0,5064200,,INDF.JK
2025-08-21,7950,7975,7925,7925,7925.0,3961700,,INDF.JK
2025-08-22,7975,8000,7850,7850,7850.0,4607300,,INDF.JK
2025-08-25,7850,7900,7700,7700,7700.0,9881300,,INDF.JK
2025-08-26,7700,7800,7625,7800,7800.0,15558500,,INDF.JK
2025-08-27,7725,7725,7575,7600,7600.0,12730200,,INDF.JK
2025-08-28,7600,7650,7550,7600,7600.0,12993000,,INDF.JK
2025-08-29,7550,7600,7450,7450,7450.0,10405300,,INDF.JK
2025-09-01,7100,7450,7075,7400,7400.0,10597600,,INDF.JK
2025-09-02,7425,7600,7425,7500,7500.0,5774100,,INDF.JK
2025-09-03,7525,7750,7525,7700,7700.0,9930600,,INDF.JK
2025-09-04,7700,7700,7525,7525,7525.0,4236900,,INDF.JK
2025-09-05,7525,7525,7525,7525,7525.0,0,,INDF.JK
2025-09-08,7525,7575,7400,7425,7425.0,8650500,,INDF.JK
2025-09-09,7400,7425,7350,7350,7350.0,8540500,,INDF.JK
2025-09-10,7375,7475,7300,7425,7425.0,9453600,,INDF.JK
2025-09-11,7475,7525,7450,7475,7475.0,5294000,,INDF.JK
2025-09-12,7500,7575,7450,7550,7550.0,4229700,,INDF.JK
2025-09-15,7600,7650,7550,7650,7650.0,3733700,,INDF.JK
2025-09-16,7700,7700,7625,7650,7650.0,3203500,,INDF.JK
2025-09-17,7650,7800,7650,7775,7775.0,5049900,,INDF.JK
2025-09-18,7775,7775,7600,7650,7650.0,4903700,,INDF.JK
2025-09-19,7700,7875,7650,7825,7825.0,9938400,,INDF.JK
2025-09-22,7825,7850,7750,7850,7850.0,6114900,,INDF.JK
2025-09-23,7850,7875,7750,7775,7775.0,4161400,,INDF.JK
2025-09-24,7800,7950,7750,7875,7875.0,9415800,,INDF.JK
2025-09-25,7900,7925,7725,7750,7750.0,8761000,,INDF.JK
2025-09-26,7800,7825,7650,7650,7650.0,8003900,,INDF.JK
2025-09-29,7700,7725,7525,7575,7575.0,6642100,,INDF.JK
2025-09-30,7575,7625,7225,7225,7225.0,15147300,,INDF.JK
2025-10-01,7275,7350,7075,7100,7100.0,11257700,,INDF.JK
2025-10-02,7125,7150,7000,7025,7025.0,9613900,,INDF.JK
2025-10-03,7025,7175,7025,7150,7150.0,6066500,,INDF.JK
2025-10-06,7200,7200,7025,7100,7100.0,5279100,,INDF.JK
2025-10-07,7125,7250,7100,7225,7225.0,7673100,,INDF.JK
2025-10-08,7300,7300,7225,7250,7250.0,7314000,,INDF.JK
2025-10-09,7275,7275,7050,7150,7150.0,11257300,,INDF.JK
2025-10-10,7150,7275,7100,7200,7200.0,10190700,,INDF.JK
2025-10-13,7100,7250,7025,7200,7200.0,5518800,,INDF.JK
2025-10-14,7250,7250,7050,7050,7050.0,4104000,,INDF.JK
2025-10-15,7050,7100,6875,6900,6900.0,8979000,,INDF.JK
2025-10-16,6900,7225,6850,7075,7075.0,13547200,,INDF.JK
2025-10-17,7150,7200,7075,7125,7125.0,6505800,,INDF.JK
2025-10-20,7125,7300,7125,7250,7250.0,10833500,,INDF.JK
2025-10-21,7325,7325,7175,7275,7275.0,4968000,,INDF.JK
2025-10-22,7225,7375,7175,7175,7175.0,8148100,,INDF.JK
2025-10-23,7100,7425,7100,7375,7375.0,6107200,,INDF.JK
2025-10-24,7400,7425,7300,7300,7300.0,7664600,,INDF.JK
2025-10-27,7300,7450,7300,7450,7450.0,12897100,,INDF.JK
2025-10-28,7500,7575,7425,7500,7500.0,8341000,,INDF.JK
2025-10-29,7450,7450,7325,7425,7425.0,5612700,,INDF.JK
2025-10-30,7400,7500,7375,7400,7400.0,10517900,,INDF.JK
2025-10-31,7400,7450,7275,7400,7400.0,11495400,,INDF.JK
2025-11-03,7400,7425,7200,7200,7200.0,7609300,,INDF.JK
2025-11-04,7200,7250,7050,7075,7075.0,18602600,,INDF.JK
2025-11-05,7075,7150,7025,7125,7125.0,10041400,,INDF.JK
2025-11-06,7125,7125,7025,7025,7025.0,8261500,,INDF.JK
2025-11-07,7075,7150,7050,7125,7125.0,4622900,,INDF.JK
2025-11-10,7150,7175,7100,7100,7100.0,5129400,,INDF.JK
2025-11-11,7150,7150,7025,7050,7050.0,4661800,,INDF.JK
2025-11-12,7050,7175,7050,7175,7175.0,5851900,,INDF.JK
2025-11-13,7150,7250,7100,7150,7150.0,8371600,,INDF.JK
2025-11-14,7150,7175,7100,7100,7100.0,5161800,,INDF.JK
2025-11-17,7100,7150,7075,7100,7100.0,4245000,,INDF.JK
2025-11-18,7100,7125,7000,7000,7000.0,7331100,,INDF.JK
2025-11-19,7025,7050,7000,7025,7025.0,5448800,,INDF.JK
2025-11-20,7025,7175,7025,7075,7075.0,8110900,,INDF.JK
2025-11-21,7050,7125,7025,7125,7125.0,7423400,,INDF.JK
2025-11-24,7150,7450,7100,7450,7450.0,18591600,,INDF.JK
2025-11-25,7325,7350,7175,7250,7250.0,7894800,,INDF.JK
2025-11-26,7250,7425,7225,7425,7425.0,7662600,,INDF.JK
2025-11-27,7425,7425,7275,7375,7375.0,4580000,,INDF.JK
2025-11-28,7350,7400,7300,7350,7350.0,4591700,,INDF.JK
2025-12-01,7225,7425,7225,7350,7350.0,4108900,,INDF.JK
2025-12-02,7375,7450,7200,7200,7200.0,7221100,,INDF.JK
2025-12-03,7200,7275,7050,7050,7050.0,9217900,,INDF.JK
2025-12-04,7050,7100,7025,7025,7025.0,4479400,,INDF.JK
2025-12-05,7050,7125,7000,7100,7100.0,8852600,,INDF.JK
2025-12-08,7150,7150,6975,6975,6975.0,8844700,,INDF.JK
2025-12-09,6975,7000,6850,6850,6850.0,12610800,,INDF.JK
2025-12-10,6900,6950,6900,6900,6900.0,3688400,,INDF.JK
2025-12-11,6900,6950,6550,6575,6575.0,35995900,,INDF.JK
2025-12-12,6650,6775,6625,6775,6775.0,6481400,,INDF.JK
2025-12-15,6825,6850,6700,6775,6775.0,6213700,,INDF.JK
2025-12-16,6800,6825,6750,6775,6775.0,5528400,,INDF.JK
2025-12-17,6800,6875,6775,6775,6775.0,6792100,,INDF.JK
2025-12-18,6900,6900,6775,6875,6875.0,9005600,,INDF.JK
2025-12-19,6875,6925,6750,6750,6750.0,12787800,,INDF.JK
2025-12-22,6775,6850,6775,6850,6850.0,3858800,,INDF.JK
2025-12-23,6800,6825,6750,6800,6800.0,2079500,,INDF.JK
2025-12-24,6775,6850,6775,6800,6800.0,1566700,,INDF.JK
2025-12-25,6800,6800,6800,6800,6800.0,0,,INDF.JK
2025-12-26,6800,6800,6800,6800,6800.0,0,,INDF.JK
2025-12-29,6800,6875,6750,6775,6775.0,3540900,,INDF.JK
2025-12-30,6800,6875,6775,6775,6775.0,4210100,,INDF.JK
2025-12-31,6775,6775,6775,6775,6775.0,0,,INDF.JK
2026-01-01,6775,6775,6775,6775,6775.0,0,,INDF.JK
2026-01-02,6775,6800,6650,6675,6675.0,7568100,,INDF.JK
2026-01-05,6675,6850,6625,6850,6850.0,9359300,,INDF.JK
2026-01-06,6850,7000,6825,7000,7000.0,12215300,,INDF.JK
2026-01-07,7000,7000,6700,6725,6725.0,16067800,,INDF.JK
2026-01-08,6750,6775,6625,6625,6625.0,25370300,,INDF.JK
2026-01-09,6625,6700,6575,6600,6600.0,13134000,,INDF.JK
2026-01-12,6600,6675,6575,6600,6600.0,11215000,,INDF.JK
2026-01-13,6600,6700,6600,6700,6700.0,7063700,,INDF.JK
2026-01-14,6700,6750,6650,6725,6725.0,9495000,,INDF.JK
2026-01-15,6700,6800,6700,6750,6750.0,6184100,,INDF.JK
2026-01-16,6750,6750,6750,6750,6750.0,0,,INDF.JK
2026-01-19,6750,6825,6725,6825,6825.0,10624000,,INDF.JK
2026-01-20,6775,6825,6700,6700,6700.0,12443600,,INDF.JK
2026-01-21,6700,6750,6600,6700,6700.0,11404500,,INDF.JK
2026-01-22,6700,6800,6700,6750,6750.0,8856900,,INDF.JK
2026-01-23,6800,6825,6725,6825,6825.0,7862000,,INDF.JK
2026-01-26,6825,6825,6750,6800,6800.0,9878400,,INDF.JK
2026-01-27,6800,6800,6700,6700,6700.0,17356900,,INDF.JK
2026-01-28,6750,6850,6625,6850,6850.0,29694200,,INDF.JK
2026-01-29,6800,6850,6200,6775,6775.0,38464300,,INDF.JK
2026-01-30,6775,6850,6750,6800,6800.0,15374100,Data is limited by one year as you have free subscription,INDF.JK
2025-02-03,11450,11575,11025,11225,10960.8824,3242900,,ICBP.JK
2025-02-04,11425,11425,11025,11100,10838.8235,2543100,,ICBP.JK
2025-02-05,11100,11200,10825,10900,10643.5294,4420400,,ICBP.JK
2025-02-06,11075,11075,10875,10950,10692.3529,3635900,,ICBP.JK
2025-02-07,11075,11400,10800,11375,11107.3529,4344400,,ICBP.JK
2025-02-10,11450,11850,11200,11275,11009.7059,6793800,,ICBP.JK
2025-02-11,11225,11375,11000,11225,10960.8824,4041900,,ICBP.JK
2025-02-12,11200,11225,11025,11150,10887.6471,2337100,,ICBP.JK
2025-02-13,11150,11400,11000,11225,10960.8824,3580600,,ICBP.JK
2025-02-14,11225,11700,11225,11525,11253.8235,6318600,,ICBP.JK
2025-02-17,11525,11650,11450,11500,11229.4118,1815500,,ICBP.JK
2025-02-18,11500,11725,11425,11525,11253.8235,4037000,,ICBP.JK
2025-02-19,11625,11775,11525,11650,11375.8824,4837300,,ICBP.JK
2025-02-20,11675,11700,11425,11550,11278.2353,2565800,,ICBP.JK
2025-02-21,11525,11675,11325,11500,11229.4118,4313200,,ICBP.JK
2025-02-24,11475,12000,11425,11875,11595.5882,3749400,,ICBP.JK
2025-02-25,11875,11875,11325,11325,11058.5294,4676200,,ICBP.JK
2025-02-26,11325,11325,10275,10500,10252.9412,10117200,,ICBP.JK
2025-02-27,10500,10600,10225,10400,10155.2941,10113900,,ICBP.JK
2025-02-28,10275,10575,10200,10450,10204.1176,9319700,,ICBP.JK
2025-03-03,10450,10725,10350,10575,10326.1765,3313000,,ICBP.JK
2025-03-04,10575,10650,10400,10575,10326.1765,3491200,,ICBP.JK
2025-03-05,10600,10650,10400,10400,10155.2941,5465900,,ICBP.JK
2025-03-06,10325,10525,10325,10350,10106.4706,3741000,,ICBP.JK
2025-03-07,10350,10725,10275,10550,10301.7647,3290700,,ICBP.JK
2025-03-10,10550,10725,10475,10600,10350.5882,3750000,,ICBP.JK
2025-03-11,10400,10575,10325,10425,10179.7059,1234500,,ICBP.JK
2025-03-12,10500,10975,10500,10925,10667.9412,4504800,,ICBP.JK
2025-03-13,11000,11075,10775,11000,10741.1765,3685600,,ICBP.JK
2025-03-14,11025,11025,10725,10750,10497.0588,2173400,,ICBP.JK
2025-03-17,10725,11000,10675,10950,10692.3529,1895300,,ICBP.JK
2025-03-18,10950,10950,10525,10825,10570.2941,3133000,,ICBP.JK
2025-03-19,10775,10775,10450,10725,10472.6471,3129100,,ICBP.JK
2025-03-20,10725,10725,10525,10600,10350.5882,2096000,,ICBP.JK
2025-03-21,10600,10725,10475,10575,10326.1765,4579600,,ICBP.JK
2025-03-24,10500,10525,9925,10425,10179.7059,8524900,,ICBP.JK
2025-03-25,10450,10675,10375,10375,10130.8824,2272600,,ICBP.JK
2025-03-26,10450,10575,10300,10550,10301.7647,3818000,,ICBP.JK
2025-03-27,10350,10450,10100,10175,9935.5882,6715200,,ICBP.JK
2025-04-08,10000,10000,9500,9700,9471.7647,13575500,,ICBP.JK
2025-04-09,9700,10075,9450,9575,9349.7059,6675700,,ICBP.JK
2025-04-10,9825,10100,9775,10000,9764.7059,6369200,,ICBP.JK
2025-04-11,9650,9950,9550,9925,9691.4706,5910000,,ICBP.JK
2025-04-14,9925,10350,9925,10325,10082.0588,3364000,,ICBP.JK
2025-04-15,10325,10475,10050,10475,10228.5294,5346100,,ICBP.JK
2025-04-16,10475,10475,10200,10250,10008.8235,3047800,,ICBP.JK
2025-04-17,10250,10750,10100,10600,10350.5882,7789900,,ICBP.JK
2025-04-21,10600,10600,10400,10550,10301.7647,1425200,,ICBP.JK
2025-04-22,10550,10550,10450,10475,10228.5294,1806100,,ICBP.JK
2025-04-23,10475,10750,10400,10700,10448.2353,7661100,,ICBP.JK
2025-04-24,10700,11000,10700,11000,10741.1765,4147600,,ICBP.JK
2025-04-25,11100,11150,10900,11000,10741.1765,4395500,,ICBP.JK
2025-04-28,11025,11075,10850,11000,10741.1765,1094100,,ICBP.JK
2025-04-29,11000,11275,10900,11250,10985.2941,2295500,,ICBP.JK
2025-04-30,11250,11350,11050,11350,11082.9412,2335600,,ICBP.JK
2025-05-02,11350,11350,10550,11000,10741.1765,10223300,,ICBP.JK
2025-05-05,11050,11325,11050,11200,10936.4706,3839600,,ICBP.JK
2025-05-06,11250,11600,11250,11275,11009.7059,4443700,,ICBP.JK
2025-05-07,11350,11400,11075,11075,10814.4118,4410500,,ICBP.JK
2025-05-08,11200,11400,11100,11400,11131.7647,3008000,,ICBP.JK
2025-05-09,11400,11400,11125,11200,10936.4706,2031000,,ICBP.JK
2025-05-14,11425,11425,11050,11175,10912.0588,5245800,,ICBP.JK
2025-05-15,11175,11475,11050,11050,10790.0,3943900,,ICBP.JK
2025-05-16,11200,11200,10900,11075,10814.4118,7428000,,ICBP.JK
2025-05-19,11100,11100,10925,10950,10692.3529,5847100,,ICBP.JK
2025-05-20,11050,11075,10750,10750,10497.0588,6391600,,ICBP.JK
2025-05-21,10825,10925,10700,10825,10570.2941,4312500,,ICBP.JK
2025-05-22,10825,11000,10725,10800,10545.8824,3175000,,ICBP.JK
2025-05-23,10850,10900,10800,10825,10570.2941,1811100,,ICBP.JK
2025-05-26,10825,11050,10825,11025,10765.5882,4661200,,ICBP.JK
2025-05-27,11075,11225,10950,11125,10863.2353,4928700,,ICBP.JK
2025-05-28,11200,11225,10900,10900,10643.5294,7578200,,ICBP.JK
2025-06-02,10825,10900,10550,10800,10545.8824,10667100,,ICBP.JK
2025-06-03,10800,10850,10600,10625,10375.0,2685000,,ICBP.JK
2025-06-04,10825,10825,10600,10825,10570.2941,3186300,,ICBP.JK
2025-06-05,10800,10800,10600,10700,10448.2353,1482700,,ICBP.JK
2025-06-10,10700,10750,10500,10650,10399.4118,4733600,,ICBP.JK
2025-06-11,10700,10750,10550,10700,10448.2353,5451900,,ICBP.JK
2025-06-12,10700,10825,10600,10675,10423.8235,4172700,,ICBP.JK
2025-06-13,10675,10725,10550,10600,10350.5882,4299100,,ICBP.JK
2025-06-16,10600,10750,10550,10575,10326.1765,3557500,,ICBP.JK
2025-06-17,10575,10725,10575,10625,10375.0,2443900,,ICBP.JK
2025-06-18,10600,10675,10550,10650,10399.4118,2999200,,ICBP.JK
2025-06-19,10675,10675,10400,10450,10204.1176,4446100,,ICBP.JK
2025-06-20,10450,10650,10200,10425,10179.7059,14686100,,ICBP.JK
2025-06-23,10300,10300,9950,9950,9715.8824,8896600,,ICBP.JK
2025-06-24,10200,10375,10175,10225,9984.4118,3624700,,ICBP.JK
2025-06-25,10450,10450,10175,10225,9984.4118,2262900,,ICBP.JK
2025-06-26,10100,10300,9950,10150,9911.1765,10959700,,ICBP.JK
2025-06-30,10350,10550,10200,10500,10252.9412,12168800,,ICBP.JK
2025-07-01,10500,10625,10400,10625,10375.0,4235400,,ICBP.JK
2025-07-02,10425,10625,10350,10500,10500.0,3473000,,ICBP.JK
2025-07-03,10600,10850,10550,10750,10750.0,3199900,,ICBP.JK
2025-07-04,10750,10800,10550,10650,10650.0,1376400,,ICBP.JK
2025-07-07,10725,10725,10275,10500,10500.0,5720900,,ICBP.JK
2025-07-08,10450,10550,10325,10500,10500.0,7659400,,ICBP.JK
2025-07-09,10525,10550,10075,10525,10525.0,6547300,,ICBP.JK
2025-07-10,10500,10500,10350,10450,10450.0,3168500,,ICBP.JK
2025-07-11,10475,10500,10300,10325,10325.0,2731600,,ICBP.JK
2025-07-14,10325,10425,10200,10400,10400.0,4153500,,ICBP.JK
2025-07-15,10400,10425,10150,10400,10400.0,12047900,,ICBP.JK
2025-07-16,10400,10425,10275,10350,10350.0,2396100,,ICBP.JK
2025-07-17,10350,10400,10150,10350,10350.0,13247400,,ICBP.JK
2025-07-18,10350,10525,10300,10400,10400.0,12730500,,ICBP.JK
2025-07-21,10425,10500,10250,10500,10500.0,11341700,,ICBP.JK
2025-07-22,10525,10525,10350,10350,10350.0,2916000,,ICBP.JK
2025-07-23,10475,10475,10300,10450,10450.0,3234000,,ICBP.JK
2025-07-24,10450,10475,10350,10350,10350.0,2976000,,ICBP.JK
2025-07-25,10350,10550,10275,10550,10550.0,6635900,,ICBP.JK
2025-07-28,10550,10575,10225,10225,10225.0,5895900,,ICBP.JK
2025-07-29,10225,10250,9950,10000,10000.0,23316400,,ICBP.JK
2025-07-30,10050,10100,9800,9925,9925.0,11795400,,ICBP.JK
2025-07-31,9925,9975,9800,9800,9800.0,4990600,,ICBP.JK
2025-08-01,9900,9950,9800,9900,9900.0,9390400,,ICBP.JK
2025-08-04,9900,9925,9525,9550,9550.0,12748700,,ICBP.JK
2025-08-05,9600,9625,9475,9575,9575.0,8541600,,ICBP.JK
2025-08-06,9575,9625,9500,9550,9550.0,5467100,,ICBP.JK
2025-08-07,9550,9575,9500,9500,9500.0,6473400,,ICBP.JK
2025-08-08,9450,9450,9350,9350,9350.0,7653700,,ICBP.JK
2025-08-11,9350,9600,9350,9550,9550.0,7665100,,ICBP.JK
2025-08-12,9600,9700,9500,9550,9550.0,6203500,,ICBP.JK
2025-08-13,9600,9650,9375,9475,9475.0,9967500,,ICBP.JK
2025-08-14,9450,9825,9425,9725,9725.0,25589500,,ICBP.JK
2025-08-15,9750,9950,9550,9900,9900.0,18332000,,ICBP.JK
2025-08-18,9900,9900,9900,9900,9900.0,0,,ICBP.JK
2025-08-19,9900,9925,9625,9775,9775.0,6045500,,ICBP.JK
2025-08-20,9775,9825,9600,9650,9650.0,5730000,,ICBP.JK
2025-08-21,9600,9700,9550,9550,9550.0,3901000,,ICBP.JK
2025-08-22,9600,9675,9550,9575,9575.0,3331700,,ICBP.JK
2025-08-25,9575,9625,9500,9500,9500.0,5199200,,ICBP.JK
2025-08-26,9500,9575,9375,9375,9375.0,9031900,,ICBP.JK
2025-08-27,9375,9425,9325,9325,9325.0,3413900,,ICBP.JK
2025-08-28,9325,9450,9275,9300,9300.0,4029300,,ICBP.JK
2025-08-29,9250,9275,8975,8975,8975.0,12958600,,ICBP.JK
2025-09-01,8800,9275,8650,9200,9200.0,5969700,,ICBP.JK
2025-09-02,9225,9325,9200,9200,9200.0,3319500,,ICBP.JK
2025-09-03,9225,9300,9200,9300,9300.0,2439300,,ICBP.JK
2025-09-04,9300,9300,9200,9250,9250.0,2740200,,ICBP.JK
2025-09-05,9250,9250,9250,9250,9250.0,0,,ICBP.JK
2025-09-08,9300,9475,9275,9375,9375.0,8124700,,ICBP.JK
2025-09-09,9325,9325,9100,9225,9225.0,4218400,,ICBP.JK
2025-09-10,9225,9225,9150,9225,9225.0,2211300,,ICBP.JK
2025-09-11,9225,9400,9200,9300,9300.0,4876500,,ICBP.JK
2025-09-12,9300,9400,9175,9250,9250.0,4228300,,ICBP.JK
2025-09-15,9250,9325,9150,9225,9225.0,3520100,,ICBP.JK
2025-09-16,9250,9325,9200,9300,9300.0,2267100,,ICBP.JK
2025-09-17,9275,9500,9250,9500,9500.0,3034300,,ICBP.JK
2025-09-18,9500,9525,9425,9425,9425.0,2855900,,ICBP.JK
2025-09-19,9425,9700,9425,9700,9700.0,6110200,,ICBP.JK
2025-09-22,9700,9825,9500,9625,9625.0,4473300,,ICBP.JK
2025-09-23,9700,9700,9600,9700,9700.0,1955400,,ICBP.JK
2025-09-24,9700,9725,9550,9550,9550.0,5779000,,ICBP.JK
2025-09-25,9625,9800,9600,9800,9800.0,6445600,,ICBP.JK
2025-09-26,9800,10050,9675,10000,10000.0,8532100,,ICBP.JK
2025-09-29,10025,10050,9650,9650,9650.0,6132900,,ICBP.JK
2025-09-30,9650,9750,9475,9475,9475.0,6069800,,ICBP.JK
2025-10-01,9550,9625,9300,9325,9325.0,3535600,,ICBP.JK
2025-10-02,9425,9625,9400,9500,9500.0,2820900,,ICBP.JK
2025-10-03,9525,9575,9400,9550,9550.0,2598800,,ICBP.JK
2025-10-06,9550,9550,9400,9500,9500.0,2234600,,ICBP.JK
2025-10-07,9475,9475,9200,9200,9200.0,4053100,,ICBP.JK
2025-10-08,9200,9375,9150,9200,9200.0,3003600,,ICBP.JK
2025-10-09,9200,9325,9075,9100,9100.0,7056400,,ICBP.JK
2025-10-10,9150,9175,8850,8850,8850.0,11183000,,ICBP.JK
2025-10-13,8850,8925,8800,8800,8800.0,4920500,,ICBP.JK
2025-10-14,8900,8900,8475,8475,8475.0,10863600,,ICBP.JK
2025-10-15,8500,8750,8425,8675,8675.0,9029700,,ICBP.JK
2025-10-16,8700,9300,8650,9250,9250.0,10168600,,ICBP.JK
2025-10-17,9300,9400,9025,9400,9400.0,8398300,,ICBP.JK
2025-10-20,9425,9550,9275,9375,9375.0,7951500,,ICBP.JK
2025-10-21,9500,9500,9225,9275,9275.0,3346700,,ICBP.JK
2025-10-22,9300,9325,8900,8900,8900.0,7695400,,ICBP.JK
2025-10-23,8900,8950,8725,8825,8825.0,14457700,,ICBP.JK
2025-10-24,8850,8950,8800,8800,8800.0,7447900,,ICBP.JK
2025-10-27,8800,8975,8750,8850,8850.0,8921900,,ICBP.JK
2025-10-28,8875,8925,8700,8775,8775.0,12338900,,ICBP.JK
2025-10-29,8800,8825,8650,8700,8700.0,16526500,,ICBP.JK
2025-10-30,8700,8875,8700,8800,8800.0,13885200,,ICBP.JK
2025-10-31,8800,8850,8700,8700,8700.0,9693500,,ICBP.JK
2025-11-03,8700,8700,8500,8500,8500.0,14837200,,ICBP.JK
2025-11-04,8500,8600,8475,8475,8475.0,14071000,,ICBP.JK
2025-11-05,8500,8700,8475,8700,8700.0,7693000,,ICBP.JK
2025-11-06,8650,8675,8550,8575,8575.0,15202700,,ICBP.JK
2025-11-07,8550,8650,8550,8600,8600.0,5446000,,ICBP.JK
2025-11-10,8700,8725,8600,8650,8650.0,6371300,,ICBP.JK
2025-11-11,8725,8725,8525,8550,8550.0,9738300,,ICBP.JK
2025-11-12,8550,8675,8525,8525,8525.0,7459700,,ICBP.JK
2025-11-13,8525,8600,8475,8475,8475.0,9366500,,ICBP.JK
2025-11-14,8500,8550,8425,8425,8425.0,9077300,,ICBP.JK
2025-11-17,8500,8700,8325,8375,8375.0,21504300,,ICBP.JK
2025-11-18,8375,8475,8325,8325,8325.0,14213100,,ICBP.JK
2025-11-19,8325,8525,8325,8400,8400.0,20237100,,ICBP.JK
2025-11-20,8500,8525,8325,8325,8325.0,15336300,,ICBP.JK
2025-11-21,8350,8400,8325,8350,8350.0,9262700,,ICBP.JK
2025-11-24,8350,8450,8200,8350,8350.0,176275900,,ICBP.JK
2025-11-25,8450,8600,8450,8575,8575.0,36155100,,ICBP.JK
2025-11-26,8625,8650,8525,8600,8600.0,19741000,,ICBP.JK
2025-11-27,8600,8625,8500,8550,8550.0,17082500,,ICBP.JK
2025-11-28,8575,8600,8425,8450,8450.0,8785500,,ICBP.JK
2025-12-01,8425,8475,8400,8400,8400.0,5346900,,ICBP.JK
2025-12-02,8400,8425,8050,8100,8100.0,43427600,,ICBP.JK
2025-12-03,8100,8200,8100,8125,8125.0,10525100,,ICBP.JK
2025-12-04,8225,8250,8100,8200,8200.0,13673600,,ICBP.JK
2025-12-05,8200,8200,8050,8050,8050.0,16859700,,ICBP.JK
2025-12-08,8100,8200,8075,8075,8075.0,11661200,,ICBP.JK
2025-12-09,8100,8125,8000,8000,8000.0,16634200,,ICBP.JK
2025-12-10,8000,8075,8000,8025,8025.0,8871000,,ICBP.JK
2025-12-11,8050,8150,7950,8025,8025.0,10206100,,ICBP.JK
2025-12-12,8100,8100,7975,8075,8075.0,8185400,,ICBP.JK
2025-12-15,8225,8375,8075,8300,8300.0,15671200,,ICBP.JK
2025-12-16,8325,8400,8225,8350,8350.0,17355800,,ICBP.JK
2025-12-17,8350,8400,8300,8325,8325.0,5997500,,ICBP.JK
2025-12-18,8325,8400,8200,8250,8250.0,6171700,,ICBP.JK
2025-12-19,8250,8425,8225,8425,8425.0,11114100,,ICBP.JK
2025-12-22,8400,8400,8275,8350,8350.0,6241200,,ICBP.JK
2025-12-23,8350,8350,8225,8250,8250.0,4615400,,ICBP.JK
2025-12-24,8200,8275,8200,8250,8250.0,1899500,,ICBP.JK
2025-12-25,8250,8250,8250,8250,8250.0,0,,ICBP.JK
2025-12-26,8250,8250,8250,8250,8250.0,0,,ICBP.JK
2025-12-29,8250,8325,8125,8300,8300.0,6435900,,ICBP.JK
2025-12-30,8250,8325,8175,8200,8200.0,3807000,,ICBP.JK
2025-12-31,8200,8200,8200,8200,8200.0,0,,ICBP.JK
2026-01-01,8200,8200,8200,8200,8200.0,0,,ICBP.JK
2026-01-02,8200,8225,8075,8075,8075.0,4906200,,ICBP.JK
2026-01-05,8100,8150,8000,8100,8100.0,6465500,,ICBP.JK
2026-01-06,8100,8175,8075,8100,8100.0,6207700,,ICBP.JK
2026-01-07,8100,8125,8000,8050,8050.0,9501900,,ICBP.JK
2026-01-08,8050,8125,8025,8025,8025.0,10684500,,ICBP.JK
2026-01-09,8050,8075,8000,8000,8000.0,5016300,,ICBP.JK
2026-01-12,8000,8025,7900,7900,7900.0,10239900,,ICBP.JK
2026-01-13,7925,8000,7925,7975,7975.0,3957300,,ICBP.JK
2026-01-14,7975,8050,7950,7950,7950.0,5323700,,ICBP.JK
2026-01-15,8000,8100,7975,8050,8050.0,5660000,,ICBP.JK
2026-01-16,8050,8050,8050,8050,8050.0,0,,ICBP.JK
2026-01-19,8050,8150,8025,8100,8100.0,9458500,,ICBP.JK
2026-01-20,8100,8200,8100,8125,8125.0,4869500,,ICBP.JK
2026-01-21,8125,8150,8025,8100,8100.0,9619600,,ICBP.JK
2026-01-22,8150,8400,8075,8325,8325.0,13969100,,ICBP.JK
2026-01-23,8325,8350,8175,8275,8275.0,11745000,,ICBP.JK
2026-01-26,8275,8450,8175,8400,8400.0,11911100,,ICBP.JK
2026-01-27,8400,8400,8125,8225,8225.0,8344200,,ICBP.JK
2026-01-28,8150,8150,7675,7775,7775.0,21932000,,ICBP.JK
2026-01-29,7700,7775,7225,7675,7675.0,29324800,,ICBP.JK
2026-01-30,7675,8125,7675,7950,7950.0,18174200,Data is limited by one year as you have free subscription,ICBP.JK
2025-02-03,1395,1405,1355,1380,1380.0,49107900,,ANTM.JK
2025-02-04,1395,1420,1395,1400,1400.0,67722800,,ANTM.JK
2025-02-05,1410,1450,1395,1450,1450.0,87360400,,ANTM.JK
2025-02-06,1450,1455,1385,1400,1400.0,60107000,,ANTM.JK
2025-02-07,1400,1435,1365,1430,1430.0,54097100,,ANTM.JK
2025-02-10,1435,1435,1380,1385,1385.0,40971800,,ANTM.JK
2025-02-11,1405,1420,1380,1400,1400.0,52510000,,ANTM.JK
2025-02-12,1405,1405,1380,1395,1395.0,33267100,,ANTM.JK
2025-02-13,1395,1470,1395,1470,1470.0,90550900,,ANTM.JK
2025-02-14,1475,1535,1475,1530,1530.0,121036100,,ANTM.JK
2025-02-17,1530,1560,1515,1555,1555.0,67708700,,ANTM.JK
2025-02-18,1555,1570,1535,1550,1550.0,33927800,,ANTM.JK
2025-02-19,1565,1595,1560,1575,1575.0,64348100,,ANTM.JK
2025-02-20,1575,1690,1570,1685,1685.0,167232000,,ANTM.JK
2025-02-21,1685,1685,1620,1620,1620.0,75344800,,ANTM.JK
2025-02-24,1630,1675,1630,1640,1640.0,52458900,,ANTM.JK
2025-02-25,1650,1665,1600,1635,1635.0,60916100,,ANTM.JK
2025-02-26,1635,1640,1605,1630,1630.0,51465900,,ANTM.JK
2025-02-27,1630,1650,1610,1625,1625.0,44544100,,ANTM.JK
2025-02-28,1615,1615,1505,1585,1585.0,88545000,,ANTM.JK
2025-03-03,1580,1610,1555,1585,1585.0,88386800,,ANTM.JK
2025-03-04,1595,1615,1530,1540,1540.0,45571400,,ANTM.JK
2025-03-05,1545,1630,1545,1620,1620.0,64897700,,ANTM.JK
2025-03-06,1620,1645,1615,1625,1625.0,34278000,,ANTM.JK
2025-03-07,1625,1655,1615,1630,1630.0,36726500,,ANTM.JK
2025-03-10,1600,1610,1475,1490,1490.0,102645500,,ANTM.JK
2025-03-11,1490,1525,1465,1520,1520.0,39764400,,ANTM.JK
2025-03-12,1545,1585,1530,1545,1545.0,66399100,,ANTM.JK
2025-03-13,1550,1570,1520,1535,1535.0,47350400,,ANTM.JK
2025-03-14,1560,1615,1560,1590,1590.0,64294500,,ANTM.JK
2025-03-17,1620,1690,1615,1655,1655.0,101971200,,ANTM.JK
2025-03-18,1660,1670,1545,1635,1635.0,72950300,,ANTM.JK
2025-03-19,1640,1670,1620,1660,1660.0,60532100,,ANTM.JK
2025-03-20,1660,1685,1640,1645,1645.0,59817400,,ANTM.JK
2025-03-21,1645,1650,1580,1585,1585.0,40953200,,ANTM.JK
2025-03-24,1585,1620,1535,1590,1590.0,46998300,,ANTM.JK
2025-03-25,1595,1615,1555,1600,1600.0,24572800,,ANTM.JK
2025-03-26,1620,1660,1615,1650,1650.0,39601200,,ANTM.JK
2025-03-27,1650,1650,1610,1635,1635.0,32277300,,ANTM.JK
2025-04-08,1450,1480,1390,1400,1400.0,133964900,,ANTM.JK
2025-04-09,1415,1580,1415,1475,1475.0,160024000,,ANTM.JK
2025-04-10,1575,1680,1575,1630,1630.0,175844900,,ANTM.JK
2025-04-11,1660,1745,1650,1690,1690.0,187903400,,ANTM.JK
2025-04-14,1740,1850,1740,1830,1830.0,190556900,,ANTM.JK
2025-04-15,1865,1960,1820,1860,1860.0,300016300,,ANTM.JK
2025-04-16,1910,1940,1860,1925,1925.0,255794800,,ANTM.JK
2025-04-17,1950,1970,1925,1945,1945.0,208479100,,ANTM.JK
2025-04-21,1980,2090,1965,2090,2090.0,319927200,,ANTM.JK
2025-04-22,2130,2210,2130,2190,2190.0,360805600,,ANTM.JK
2025-04-23,2160,2160,2030,2070,2070.0,297133100,,ANTM.JK
2025-04-24,2110,2150,2090,2150,2150.0,252026600,,ANTM.JK
2025-04-25,2180,2190,2120,2140,2140.0,151595100,,ANTM.JK
2025-04-28,2140,2160,2090,2130,2130.0,145265800,,ANTM.JK
2025-04-29,2150,2180,2140,2180,2180.0,162278000,,ANTM.JK
2025-04-30,2190,2300,2160,2170,2170.0,320158300,,ANTM.JK
2025-05-02,2270,2340,2240,2290,2290.0,357918800,,ANTM.JK
2025-05-05,2280,2340,2270,2320,2320.0,152617900,,ANTM.JK
2025-05-06,2360,2540,2360,2540,2540.0,333198600,,ANTM.JK
2025-05-07,2560,2780,2550,2750,2750.0,617628300,,ANTM.JK
2025-05-08,2780,2860,2600,2610,2610.0,522454300,,ANTM.JK
2025-05-09,2600,2690,2590,2680,2680.0,218194600,,ANTM.JK
2025-05-14,2620,2630,2460,2550,2550.0,356244400,,ANTM.JK
2025-05-15,2530,2660,2500,2550,2550.0,332822200,,ANTM.JK
2025-05-16,2660,2670,2600,2640,2640.0,174863200,,ANTM.JK
2025-05-19,2670,2730,2640,2720,2720.0,210292700,,ANTM.JK
2025-05-20,2720,2740,2660,2730,2730.0,163229300,,ANTM.JK
2025-05-21,2780,2920,2770,2910,2910.0,329772300,,ANTM.JK
2025-05-22,2990,3080,2930,2960,2960.0,367750100,,ANTM.JK
2025-05-23,2980,3130,2980,3130,3130.0,209432100,,ANTM.JK
2025-05-26,3170,3280,3030,3110,3110.0,305568000,,ANTM.JK
2025-05-27,3110,3120,3010,3030,3030.0,193424600,,ANTM.JK
2025-05-28,3030,3220,3030,3110,3110.0,285387300,,ANTM.JK
2025-06-02,3170,3330,3160,3320,3320.0,324002700,,ANTM.JK
2025-06-03,3350,3390,3260,3360,3360.0,278458600,,ANTM.JK
2025-06-04,3400,3660,3390,3550,3550.0,422549000,,ANTM.JK
2025-06-05,3590,3620,3430,3450,3450.0,193549500,,ANTM.JK
2025-06-10,3350,3420,3230,3260,3260.0,437510400,,ANTM.JK
2025-06-11,3260,3370,3210,3280,3280.0,237081700,,ANTM.JK
2025-06-12,3320,3330,3130,3170,3170.0,249105300,,ANTM.JK
2025-06-13,3270,3340,3240,3300,3300.0,224736200,,ANTM.JK
2025-06-16,3330,3370,3230,3280,3124.4331,177098300,,ANTM.JK
2025-06-17,3280,3490,3240,3470,3305.4214,289461100,,ANTM.JK
2025-06-18,3500,3590,3470,3550,3381.6272,242733200,,ANTM.JK
2025-06-19,3560,3580,3300,3330,3172.0615,230240300,,ANTM.JK
2025-06-20,3330,3340,3160,3200,3048.2273,223744600,,ANTM.JK
2025-06-23,3070,3290,3060,3190,3190.0,210462500,,ANTM.JK
2025-06-24,3190,3240,3070,3090,3090.0,144315500,,ANTM.JK
2025-06-25,3100,3140,2900,2930,2930.0,220301500,,ANTM.JK
2025-06-26,2930,2970,2830,2940,2940.0,230140900,,ANTM.JK
2025-06-30,2910,3070,2830,3040,3040.0,264452100,,ANTM.JK
2025-07-01,3070,3100,3010,3070,3070.0,166923600,,ANTM.JK
2025-07-02,3060,3070,2960,2990,2990.0,98971800,,ANTM.JK
2025-07-03,2990,3160,2990,3120,3120.0,151677300,,ANTM.JK
2025-07-04,3120,3120,3000,3000,3000.0,159485200,,ANTM.JK
2025-07-07,2980,2980,2870,2910,2910.0,100132700,,ANTM.JK
2025-07-08,2950,2990,2900,2930,2930.0,114484400,,ANTM.JK
2025-07-09,2940,2960,2880,2920,2920.0,97849400,,ANTM.JK
2025-07-10,2960,3070,2940,2990,2990.0,188109100,,ANTM.JK
2025-07-11,3000,3020,2960,2990,2990.0,97432200,,ANTM.JK
2025-07-14,3030,3060,2960,3030,3030.0,170174900,,ANTM.JK
2025-07-15,3030,3030,2960,3000,3000.0,77789300,,ANTM.JK
2025-07-16,2990,3010,2940,2990,2990.0,126818600,,ANTM.JK
2025-07-17,3010,3070,2990,3010,3010.0,149618400,,ANTM.JK
2025-07-18,3020,3030,2940,2970,2970.0,116561200,,ANTM.JK
2025-07-21,2990,3210,2950,3190,3190.0,222853800,,ANTM.JK
2025-07-22,3250,3270,2950,2960,2960.0,426088000,,ANTM.JK
2025-07-23,3010,3040,2870,3040,3040.0,195644700,,ANTM.JK
2025-07-24,3020,3070,2980,3030,3030.0,97755800,,ANTM.JK
2025-07-25,3040,3040,2950,2970,2970.0,61092600,,ANTM.JK
2025-07-28,2970,3030,2950,2970,2970.0,85126700,,ANTM.JK
2025-07-29,2970,3020,2970,3000,3000.0,53886500,,ANTM.JK
2025-07-30,3010,3050,2970,2990,2990.0,58846000,,ANTM.JK
2025-07-31,2950,2970,2770,2850,2850.0,235205600,,ANTM.JK
2025-08-01,2860,2920,2830,2880,2880.0,102024200,,ANTM.JK
2025-08-04,2920,2970,2890,2910,2910.0,75538900,,ANTM.JK
2025-08-05,2930,3050,2910,2940,2940.0,151094800,,ANTM.JK
2025-08-06,2970,3100,2970,3080,3080.0,192180500,,ANTM.JK
2025-08-07,3100,3250,3070,3150,3150.0,222004300,,ANTM.JK
2025-08-08,3160,3170,3020,3090,3090.0,102084600,,ANTM.JK
2025-08-11,3060,3070,2930,2940,2940.0,141894900,,ANTM.JK
2025-08-12,2940,2950,2870,2900,2900.0,111654300,,ANTM.JK
2025-08-13,2930,2960,2880,2910,2910.0,112931000,,ANTM.JK
2025-08-14,2920,2940,2890,2890,2890.0,109598600,,ANTM.JK
2025-08-15,2900,2920,2860,2900,2900.0,59231900,,ANTM.JK
2025-08-18,2900,2900,2900,2900,2900.0,0,,ANTM.JK
2025-08-19,2900,2910,2810,2810,2810.0,111569000,,ANTM.JK
2025-08-20,2810,2840,2790,2840,2840.0,67288600,,ANTM.JK
2025-08-21,2860,2880,2810,2830,2830.0,66397100,,ANTM.JK
2025-08-22,2840,2870,2820,2820,2820.0,29415000,,ANTM.JK
2025-08-25,2850,2900,2840,2870,2870.0,72067200,,ANTM.JK
2025-08-26,2890,2920,2880,2880,2880.0,84364800,,ANTM.JK
2025-08-27,2920,2990,2890,2960,2960.0,135734500,,ANTM.JK
2025-08-28,3000,3020,2920,2980,2980.0,121877400,,ANTM.JK
2025-08-29,2960,3050,2880,3040,3040.0,222596200,,ANTM.JK
2025-09-01,2950,3280,2950,3200,3200.0,545677100,,ANTM.JK
2025-09-02,3300,3480,3290,3470,3470.0,441940600,,ANTM.JK
2025-09-03,3520,3580,3360,3480,3480.0,393011500,,ANTM.JK
2025-09-04,3470,3470,3370,3390,3390.0,142473100,,ANTM.JK
2025-09-05,3390,3390,3390,3390,3390.0,0,,ANTM.JK
2025-09-08,3470,3710,3450,3610,3610.0,400454400,,ANTM.JK
2025-09-09,3680,3930,3590,3660,3660.0,514308300,,ANTM.JK
2025-09-10,3580,3600,3470,3510,3510.0,192134400,,ANTM.JK
2025-09-11,3520,3570,3380,3390,3390.0,174842200,,ANTM.JK
2025-09-12,3430,3520,3420,3490,3490.0,126314000,,ANTM.JK
2025-09-15,3490,3530,3430,3490,3490.0,104996600,,ANTM.JK
2025-09-16,3550,3600,3500,3600,3600.0,150013900,,ANTM.JK
2025-09-17,3570,3580,3450,3460,3460.0,138761900,,ANTM.JK
2025-09-18,3490,3490,3400,3420,3420.0,117203300,,ANTM.JK
2025-09-19,3420,3580,3420,3450,3450.0,164297600,,ANTM.JK
2025-09-22,3520,3580,3500,3580,3580.0,128254500,,ANTM.JK
2025-09-23,3650,3730,3600,3670,3670.0,212809600,,ANTM.JK
2025-09-24,3610,3620,3460,3470,3470.0,173507600,,ANTM.JK
2025-09-25,3350,3400,3150,3170,3170.0,400098200,,ANTM.JK
2025-09-26,3180,3220,3110,3210,3210.0,164732500,,ANTM.JK
2025-09-29,3250,3330,3220,3300,3300.0,148733800,,ANTM.JK
2025-09-30,3340,3350,3150,3160,3160.0,209921800,,ANTM.JK
2025-10-01,3200,3230,3160,3210,3210.0,125660700,,ANTM.JK
2025-10-02,3190,3200,3100,3110,3110.0,133099000,,ANTM.JK
2025-10-03,3120,3220,3110,3200,3200.0,98382600,,ANTM.JK
2025-10-06,3260,3300,3180,3190,3190.0,111584900,,ANTM.JK
2025-10-07,3220,3250,3130,3140,3140.0,114789800,,ANTM.JK
2025-10-08,3170,3380,3150,3330,3330.0,303472900,,ANTM.JK
2025-10-09,3340,3350,3190,3220,3220.0,173139700,,ANTM.JK
2025-10-10,3200,3340,3190,3310,3310.0,127536400,,ANTM.JK
2025-10-13,3310,3430,3290,3370,3370.0,199311000,,ANTM.JK
2025-10-14,3440,3500,3230,3350,3350.0,322581200,,ANTM.JK
2025-10-15,3410,3460,3310,3400,3400.0,198843300,,ANTM.JK
2025-10-16,3450,3540,3400,3430,3430.0,256647500,,ANTM.JK
2025-10-17,3470,3530,3370,3450,3450.0,216427700,,ANTM.JK
2025-10-20,3450,3450,3270,3270,3270.0,160783200,,ANTM.JK
2025-10-21,3340,3350,3270,3290,3290.0,96567900,,ANTM.JK
2025-10-22,3150,3230,3120,3170,3170.0,114865300,,ANTM.JK
2025-10-23,3180,3210,3170,3190,3190.0,66747300,,ANTM.JK
2025-10-24,3190,3210,3120,3130,3130.0,84454900,,ANTM.JK
2025-10-27,3150,3210,3100,3150,3150.0,84512600,,ANTM.JK
2025-10-28,3120,3130,3020,3100,3100.0,101193900,,ANTM.JK
2025-10-29,3110,3220,3110,3200,3200.0,91690700,,ANTM.JK
2025-10-30,3200,3210,3120,3120,3120.0,93691300,,ANTM.JK
2025-10-31,3160,3180,3100,3100,3100.0,92327900,,ANTM.JK
2025-11-03,3100,3130,3080,3110,3110.0,56974500,,ANTM.JK
2025-11-04,3110,3110,2960,2960,2960.0,173682100,,ANTM.JK
2025-11-05,2950,3000,2910,2980,2980.0,115174300,,ANTM.JK
2025-11-06,2980,2980,2920,2930,2930.0,73006600,,ANTM.JK
2025-11-07,2930,2940,2900,2900,2900.0,91022900,,ANTM.JK
2025-11-10,2930,2960,2870,2910,2910.0,156986000,,ANTM.JK
2025-11-11,2940,2960,2880,2880,2880.0,102211800,,ANTM.JK
2025-11-12,2900,2910,2860,2880,2880.0,70551600,,ANTM.JK
2025-11-13,2910,2920,2880,2890,2890.0,69463700,,ANTM.JK
2025-11-14,2900,3060,2860,3040,3040.0,247808900,,ANTM.JK
2025-11-17,3040,3130,2960,3060,3060.0,258066200,,ANTM.JK
2025-11-18,3060,3100,3010,3010,3010.0,160550100,,ANTM.JK
2025-11-19,3010,3050,3000,3000,3000.0,72939900,,ANTM.JK
2025-11-20,3010,3030,2980,2980,2980.0,60338300,,ANTM.JK
2025-11-21,2980,2990,2910,2910,2910.0,70438500,,ANTM.JK
2025-11-24,2940,2970,2890,2930,2930.0,77562700,,ANTM.JK
2025-11-25,2960,3050,2930,3000,3000.0,96478900,,ANTM.JK
2025-11-26,3020,3070,2980,3030,3030.0,115088600,,ANTM.JK
2025-11-27,3040,3060,3000,3000,3000.0,59437500,,ANTM.JK
2025-11-28,3010,3030,2900,2910,2910.0,131327000,,ANTM.JK
2025-12-01,2940,3020,2940,2990,2990.0,66998800,,ANTM.JK
2025-12-02,2990,3000,2950,2980,2980.0,62836100,,ANTM.JK
2025-12-03,2990,3000,2920,2920,2920.0,64422400,,ANTM.JK
2025-12-04,2930,2950,2900,2900,2900.0,51907700,,ANTM.JK
2025-12-05,2910,2940,2900,2910,2910.0,45650000,,ANTM.JK
2025-12-08,2920,2990,2920,2970,2970.0,59521000,,ANTM.JK
2025-12-09,2980,2990,2910,2920,2920.0,48402900,,ANTM.JK
2025-12-10,2950,2950,2910,2930,2930.0,50602100,,ANTM.JK
2025-12-11,2950,2980,2870,2890,2890.0,95234500,,ANTM.JK
2025-12-12,2910,3130,2900,3050,3050.0,304157500,,ANTM.JK
2025-12-15,3110,3130,2980,3030,3030.0,211858600,,ANTM.JK
2025-12-16,3030,3040,2960,2970,2970.0,91357800,,ANTM.JK
2025-12-17,2990,3090,2990,3020,3020.0,107358300,,ANTM.JK
2025-12-18,3040,3110,3020,3110,3110.0,143068000,,ANTM.JK
2025-12-19,3120,3230,3050,3070,3070.0,272901900,,ANTM.JK
2025-12-22,3110,3220,3110,3190,3190.0,263625800,,ANTM.JK
2025-12-23,3250,3260,3170,3190,3190.0,178083800,,ANTM.JK
2025-12-24,3240,3290,3180,3220,3220.0,219895200,,ANTM.JK
2025-12-25,3220,3220,3220,3220,3220.0,0,,ANTM.JK
2025-12-26,3220,3220,3220,3220,3220.0,0,,ANTM.JK
2025-12-29,3240,3420,3240,3300,3300.0,283900400,,ANTM.JK
2025-12-30,3270,3270,3130,3150,3150.0,209417500,,ANTM.JK
2025-12-31,3150,3150,3150,3150,3150.0,0,,ANTM.JK
2026-01-01,3150,3150,3150,3150,3150.0,0,,ANTM.JK
2026-01-02,3170,3230,3160,3210,3210.0,80535600,,ANTM.JK
2026-01-05,3280,3400,3260,3390,3390.0,203158600,,ANTM.JK
2026-01-06,3410,3460,3350,3450,3450.0,194028600,,ANTM.JK
2026-01-07,3490,3930,3480,3850,3850.0,607319400,,ANTM.JK
2026-01-08,3810,3820,3470,3490,3490.0,354486100,,ANTM.JK
2026-01-09,3500,3690,3460,3630,3630.0,268748100,,ANTM.JK
2026-01-12,3840,3980,3670,3830,3830.0,465569800,,ANTM.JK
2026-01-13,3830,3930,3820,3880,3880.0,211536700,,ANTM.JK
2026-01-14,3960,4180,3950,4090,4090.0,271845900,,ANTM.JK
2026-01-15,4170,4180,4010,4050,4050.0,174954300,,ANTM.JK
2026-01-16,4050,4050,4050,4050,4050.0,0,,ANTM.JK
2026-01-19,4100,4140,3920,4000,4000.0,187759300,,ANTM.JK
2026-01-20,4000,4120,3950,4120,4120.0,159637300,,ANTM.JK
2026-01-21,4160,4350,4130,4270,4270.0,325128500,,ANTM.JK
2026-01-22,4270,4270,4090,4220,4220.0,184847000,,ANTM.JK
2026-01-23,4320,4400,4250,4290,4290.0,203511600,,ANTM.JK
2026-01-26,4400,4970,4400,4760,4760.0,491662800,,ANTM.JK
2026-01-27,4760,4760,4550,4610,4610.0,225492900,,ANTM.JK
2026-01-28,4600,4710,4250,4420,4420.0,589421400,,ANTM.JK
2026-01-29,4510,4570,3760,4320,4320.0,818266300,,ANTM.JK
2026-01-30,4300,4350,4030,4210,4210.0,259289200,Data is limited by one year as you have free subscription,ANTM.JK
2025-02-03,1600,1605,1560,1590,1590.0,21401500,,PGAS.JK
2025-02-04,1600,1620,1580,1585,1585.0,9938300,,PGAS.JK
2025-02-05,1630,1635,1605,1630,1630.0,33165300,,PGAS.JK
2025-02-06,1635,1640,1565,1565,1565.0,22370800,,PGAS.JK
2025-02-07,1565,1595,1530,1575,1575.0,19952200,,PGAS.JK
2025-02-10,1575,1620,1560,1595,1595.0,23764300,,PGAS.JK
2025-02-11,1605,1655,1605,1630,1630.0,43807400,,PGAS.JK
2025-02-12,1640,1650,1620,1640,1640.0,20008400,,PGAS.JK
2025-02-13,1640,1655,1605,1625,1625.0,41667900,,PGAS.JK
2025-02-14,1630,1660,1625,1645,1645.0,23390200,,PGAS.JK
2025-02-17,1650,1690,1635,1685,1685.0,22340400,,PGAS.JK
2025-02-18,1685,1715,1685,1700,1700.0,28874000,,PGAS.JK
2025-02-19,1710,1710,1670,1685,1685.0,20119600,,PGAS.JK
2025-02-20,1685,1700,1675,1685,1685.0,13862000,,PGAS.JK
2025-02-21,1685,1685,1645,1660,1660.0,14786000,,PGAS.JK
2025-02-24,1655,1710,1640,1665,1665.0,11261400,,PGAS.JK
2025-02-25,1680,1680,1615,1635,1635.0,19998400,,PGAS.JK
2025-02-26,1645,1660,1585,1615,1615.0,21624900,,PGAS.JK
2025-02-27,1595,1615,1505,1530,1530.0,73543200,,PGAS.JK
2025-02-28,1520,1550,1480,1505,1505.0,43721600,,PGAS.JK
2025-03-03,1500,1535,1495,1520,1520.0,34176400,,PGAS.JK
2025-03-04,1520,1535,1505,1520,1520.0,27451200,,PGAS.JK
2025-03-05,1520,1565,1505,1520,1520.0,32786900,,PGAS.JK
2025-03-06,1525,1540,1505,1505,1505.0,50714000,,PGAS.JK
2025-03-07,1510,1525,1500,1510,1510.0,11712400,,PGAS.JK
2025-03-10,1530,1530,1480,1485,1485.0,43077600,,PGAS.JK
2025-03-11,1480,1485,1445,1450,1450.0,44526500,,PGAS.JK
2025-03-12,1465,1520,1465,1510,1510.0,45179100,,PGAS.JK
2025-03-13,1520,1585,1515,1555,1555.0,63285800,,PGAS.JK
2025-03-14,1565,1565,1530,1535,1535.0,35398200,,PGAS.JK
2025-03-17,1570,1570,1515,1525,1525.0,39754100,,PGAS.JK
2025-03-18,1540,1540,1460,1510,1510.0,41412500,,PGAS.JK
2025-03-19,1510,1525,1490,1500,1500.0,22820400,,PGAS.JK
2025-03-20,1500,1555,1500,1540,1540.0,43586500,,PGAS.JK
2025-03-21,1535,1550,1505,1540,1540.0,182221200,,PGAS.JK
2025-03-24,1540,1565,1510,1525,1525.0,24988100,,PGAS.JK
2025-03-25,1545,1545,1500,1500,1500.0,32498000,,PGAS.JK
2025-03-26,1505,1580,1505,1550,1550.0,47414500,,PGAS.JK
2025-03-27,1555,1570,1545,1555,1555.0,19119500,,PGAS.JK
2025-04-08,1450,1480,1425,1445,1445.0,63430400,,PGAS.JK
2025-04-09,1445,1490,1440,1490,1490.0,43725000,,PGAS.JK
2025-04-10,1525,1570,1525,1550,1550.0,34754100,,PGAS.JK
2025-04-11,1550,1590,1530,1580,1580.0,16478400,,PGAS.JK
2025-04-14,1585,1650,1585,1640,1640.0,23460700,,PGAS.JK
2025-04-15,1650,1695,1650,1685,1685.0,33703200,,PGAS.JK
2025-04-16,1675,1685,1645,1670,1670.0,28370500,,PGAS.JK
2025-04-17,1670,1680,1655,1675,1675.0,10827500,,PGAS.JK
2025-04-21,1675,1685,1660,1680,1680.0,8551100,,PGAS.JK
2025-04-22,1685,1690,1670,1675,1675.0,13810700,,PGAS.JK
2025-04-23,1690,1765,1685,1715,1715.0,49755300,,PGAS.JK
2025-04-24,1730,1795,1725,1770,1770.0,76104800,,PGAS.JK
2025-04-25,1780,1785,1710,1725,1725.0,67658200,,PGAS.JK
2025-04-28,1725,1735,1700,1710,1710.0,51689100,,PGAS.JK
2025-04-29,1720,1735,1710,1720,1720.0,33941700,,PGAS.JK
2025-04-30,1650,1700,1625,1685,1685.0,105786900,,PGAS.JK
2025-05-02,1685,1690,1635,1635,1635.0,56084000,,PGAS.JK
2025-05-05,1640,1650,1630,1630,1630.0,32208900,,PGAS.JK
2025-05-06,1630,1635,1610,1620,1620.0,38047300,,PGAS.JK
2025-05-07,1630,1645,1620,1635,1635.0,59351500,,PGAS.JK
2025-05-08,1635,1645,1600,1600,1600.0,63549600,,PGAS.JK
2025-05-09,1610,1620,1595,1605,1605.0,29456400,,PGAS.JK
2025-05-14,1615,1665,1615,1660,1660.0,65241300,,PGAS.JK
2025-05-15,1665,1680,1640,1665,1665.0,60188100,,PGAS.JK
2025-05-16,1675,1710,1650,1690,1690.0,59109700,,PGAS.JK
2025-05-19,1700,1750,1700,1740,1740.0,109661400,,PGAS.JK
2025-05-20,1750,1775,1725,1725,1725.0,63617200,,PGAS.JK
2025-05-21,1745,1765,1710,1745,1745.0,80257200,,PGAS.JK
2025-05-22,1745,1815,1735,1800,1800.0,135348700,,PGAS.JK
2025-05-23,1785,1790,1765,1770,1770.0,54946000,,PGAS.JK
2025-05-26,1785,1815,1765,1815,1815.0,76740100,,PGAS.JK
2025-05-27,1825,1840,1795,1825,1825.0,74236900,,PGAS.JK
2025-05-28,1840,1895,1810,1820,1820.0,293189500,,PGAS.JK
2025-06-02,1830,1840,1810,1820,1820.0,68459800,,PGAS.JK
2025-06-03,1835,1865,1810,1855,1855.0,67261200,,PGAS.JK
2025-06-04,1865,1870,1825,1840,1840.0,48378500,,PGAS.JK
2025-06-05,1845,1850,1820,1835,1835.0,37769600,,PGAS.JK
2025-06-10,1845,1895,1840,1875,1875.0,117597000,,PGAS.JK
2025-06-11,1880,1890,1860,1885,1885.0,158767600,,PGAS.JK
2025-06-12,1715,1720,1680,1680,1680.0,153459400,,PGAS.JK
2025-06-13,1690,1700,1660,1670,1670.0,70277200,,PGAS.JK
2025-06-16,1695,1725,1670,1685,1685.0,96290000,,PGAS.JK
2025-06-17,1705,1705,1670,1685,1685.0,36250600,,PGAS.JK
2025-06-18,1700,1705,1660,1670,1670.0,49528600,,PGAS.JK
2025-06-19,1680,1680,1620,1645,1645.0,54367500,,PGAS.JK
2025-06-20,1640,1645,1590,1590,1590.0,133442500,,PGAS.JK
2025-06-23,1590,1650,1590,1615,1615.0,78199600,,PGAS.JK
2025-06-24,1620,1635,1580,1585,1585.0,70685300,,PGAS.JK
2025-06-25,1590,1595,1530,1530,1530.0,53211700,,PGAS.JK
2025-06-26,1530,1560,1530,1550,1550.0,53960500,,PGAS.JK
2025-06-30,1580,1620,1565,1615,1615.0,79848800,,PGAS.JK
2025-07-01,1630,1630,1570,1585,1585.0,29640100,,PGAS.JK
2025-07-02,1590,1590,1570,1580,1580.0,22601400,,PGAS.JK
2025-07-03,1590,1610,1575,1595,1595.0,20267100,,PGAS.JK
2025-07-04,1590,1605,1570,1605,1605.0,17581800,,PGAS.JK
2025-07-07,1600,1600,1575,1585,1585.0,13203200,,PGAS.JK
2025-07-08,1580,1585,1570,1575,1575.0,12986200,,PGAS.JK
2025-07-09,1580,1590,1560,1565,1565.0,24267700,,PGAS.JK
2025-07-10,1575,1595,1570,1595,1595.0,21279900,,PGAS.JK
2025-07-11,1605,1605,1585,1595,1595.0,19771500,,PGAS.JK
2025-07-14,1595,1605,1570,1580,1580.0,18870600,,PGAS.JK
2025-07-15,1585,1600,1560,1565,1565.0,30626100,,PGAS.JK
2025-07-16,1575,1590,1560,1570,1570.0,32847700,,PGAS.JK
2025-07-17,1575,1585,1565,1575,1575.0,19127500,,PGAS.JK
2025-07-18,1585,1640,1580,1635,1635.0,68163000,,PGAS.JK
2025-07-21,1645,1655,1620,1630,1630.0,47571300,,PGAS.JK
2025-07-22,1630,1635,1605,1605,1605.0,40084800,,PGAS.JK
2025-07-23,1620,1625,1600,1610,1610.0,21059600,,PGAS.JK
2025-07-24,1610,1640,1610,1625,1625.0,30088900,,PGAS.JK
2025-07-25,1630,1640,1605,1605,1605.0,20758800,,PGAS.JK
2025-07-28,1605,1620,1605,1610,1610.0,13013700,,PGAS.JK
2025-07-29,1615,1630,1595,1630,1630.0,23886400,,PGAS.JK
2025-07-30,1630,1635,1620,1620,1620.0,18905400,,PGAS.JK
2025-07-31,1630,1640,1610,1630,1630.0,33065600,,PGAS.JK
2025-08-01,1625,1640,1615,1620,1620.0,26251100,,PGAS.JK
2025-08-04,1620,1635,1605,1635,1635.0,22289000,,PGAS.JK
2025-08-05,1635,1635,1615,1625,1625.0,12572400,,PGAS.JK
2025-08-06,1625,1695,1615,1690,1690.0,74965700,,PGAS.JK
2025-08-07,1690,1695,1660,1690,1690.0,45838500,,PGAS.JK
2025-08-08,1695,1715,1680,1685,1685.0,41327500,,PGAS.JK
2025-08-11,1685,1695,1660,1670,1670.0,17115700,,PGAS.JK
2025-08-12,1670,1690,1670,1680,1680.0,19832300,,PGAS.JK
2025-08-13,1680,1700,1675,1680,1680.0,19826500,,PGAS.JK
2025-08-14,1700,1700,1655,1660,1660.0,38506800,,PGAS.JK
2025-08-15,1660,1675,1645,1655,1655.0,39045100,,PGAS.JK
2025-08-18,1655,1655,1655,1655,1655.0,0,,PGAS.JK
2025-08-19,1655,1695,1650,1665,1665.0,36826900,,PGAS.JK
2025-08-20,1665,1695,1660,1690,1690.0,35098500,,PGAS.JK
2025-08-21,1690,1735,1690,1725,1725.0,63665100,,PGAS.JK
2025-08-22,1730,1740,1710,1720,1720.0,30190200,,PGAS.JK
2025-08-25,1730,1740,1710,1720,1720.0,22096900,,PGAS.JK
2025-08-26,1720,1725,1685,1705,1705.0,46899600,,PGAS.JK
2025-08-27,1700,1705,1665,1665,1665.0,57863200,,PGAS.JK
2025-08-28,1670,1725,1670,1715,1715.0,51571700,,PGAS.JK
2025-08-29,1710,1720,1670,1710,1710.0,50385800,,PGAS.JK
2025-09-01,1700,1700,1640,1665,1665.0,41944900,,PGAS.JK
2025-09-02,1670,1705,1670,1700,1700.0,17338800,,PGAS.JK
2025-09-03,1705,1790,1705,1760,1760.0,113454700,,PGAS.JK
2025-09-04,1770,1775,1750,1770,1770.0,48841200,,PGAS.JK
2025-09-05,1770,1770,1770,1770,1770.0,0,,PGAS.JK
2025-09-08,1770,1800,1725,1725,1725.0,48013100,,PGAS.JK
2025-09-09,1710,1730,1690,1725,1725.0,47322200,,PGAS.JK
2025-09-10,1725,1730,1705,1710,1710.0,25998300,,PGAS.JK
2025-09-11,1715,1770,1715,1750,1750.0,40032400,,PGAS.JK
2025-09-12,1770,1800,1760,1795,1795.0,72938300,,PGAS.JK
2025-09-15,1790,1790,1745,1770,1770.0,39446800,,PGAS.JK
2025-09-16,1770,1770,1730,1745,1745.0,19024500,,PGAS.JK
2025-09-17,1745,1765,1735,1760,1760.0,24372200,,PGAS.JK
2025-09-18,1770,1775,1750,1765,1765.0,24671200,,PGAS.JK
2025-09-19,1765,1765,1730,1745,1745.0,41128100,,PGAS.JK
2025-09-22,1745,1760,1715,1725,1725.0,23445900,,PGAS.JK
2025-09-23,1725,1740,1715,1725,1725.0,28295400,,PGAS.JK
2025-09-24,1725,1750,1715,1720,1720.0,26571800,,PGAS.JK
2025-09-25,1720,1720,1700,1715,1715.0,23701800,,PGAS.JK
2025-09-26,1715,1730,1700,1710,1710.0,27997600,,PGAS.JK
2025-09-29,1710,1720,1690,1695,1695.0,23467200,,PGAS.JK
2025-09-30,1700,1720,1670,1690,1690.0,41575900,,PGAS.JK
2025-10-01,1700,1700,1640,1670,1670.0,40458900,,PGAS.JK
2025-10-02,1680,1680,1630,1635,1635.0,37127300,,PGAS.JK
2025-10-03,1635,1670,1605,1605,1605.0,55730700,,PGAS.JK
2025-10-06,1615,1640,1610,1635,1635.0,39941800,,PGAS.JK
2025-10-07,1640,1650,1620,1625,1625.0,35251000,,PGAS.JK
2025-10-08,1625,1690,1610,1675,1675.0,47934000,,PGAS.JK
2025-10-09,1680,1720,1660,1705,1705.0,59295400,,PGAS.JK
2025-10-10,1720,1740,1705,1705,1705.0,66364500,,PGAS.JK
2025-10-13,1695,1700,1670,1670,1670.0,26027200,,PGAS.JK
2025-10-14,1670,1695,1650,1660,1660.0,22887400,,PGAS.JK
2025-10-15,1660,1660,1610,1615,1615.0,43721900,,PGAS.JK
2025-10-16,1620,1630,1610,1625,1625.0,19285600,,PGAS.JK
2025-10-17,1610,1625,1605,1620,1620.0,26239900,,PGAS.JK
2025-10-20,1635,1700,1625,1695,1695.0,35352000,,PGAS.JK
2025-10-21,1700,1730,1680,1710,1710.0,41770900,,PGAS.JK
2025-10-22,1720,1725,1665,1675,1675.0,67874400,,PGAS.JK
2025-10-23,1675,1775,1675,1770,1770.0,122199100,,PGAS.JK
2025-10-24,1780,1780,1725,1725,1725.0,40235000,,PGAS.JK
2025-10-27,1725,1745,1680,1700,1700.0,51018500,,PGAS.JK
2025-10-28,1710,1730,1700,1705,1705.0,34329100,,PGAS.JK
2025-10-29,1700,1740,1690,1730,1730.0,32882200,,PGAS.JK
2025-10-30,1735,1765,1720,1755,1755.0,55126800,,PGAS.JK
2025-10-31,1750,1770,1720,1740,1740.0,64931200,,PGAS.JK
2025-11-03,1740,1770,1735,1755,1755.0,34118600,,PGAS.JK
2025-11-04,1760,1770,1735,1740,1740.0,27654400,,PGAS.JK
2025-11-05,1730,1730,1700,1705,1705.0,36438900,,PGAS.JK
2025-11-06,1710,1735,1705,1725,1725.0,29143000,,PGAS.JK
2025-11-07,1730,1765,1725,1760,1760.0,41713200,,PGAS.JK
2025-11-10,1760,1785,1730,1730,1730.0,37605500,,PGAS.JK
2025-11-11,1735,1755,1735,1755,1755.0,21122800,,PGAS.JK
2025-11-12,1765,1775,1755,1770,1770.0,21779000,,PGAS.JK
2025-11-13,1790,1855,1730,1740,1740.0,162452900,,PGAS.JK
2025-11-14,1730,1745,1715,1730,1730.0,27995600,,PGAS.JK
2025-11-17,1745,1750,1720,1750,1750.0,17883100,,PGAS.JK
2025-11-18,1750,1750,1715,1730,1730.0,28477900,,PGAS.JK
2025-11-19,1730,1770,1730,1750,1750.0,28953300,,PGAS.JK
2025-11-20,1760,1770,1745,1750,1750.0,13375400,,PGAS.JK
2025-11-21,1735,1750,1720,1720,1720.0,11718300,,PGAS.JK
2025-11-24,1750,1750,1725,1735,1735.0,13982600,,PGAS.JK
2025-11-25,1765,1765,1730,1735,1735.0,25117400,,PGAS.JK
2025-11-26,1750,1760,1725,1755,1755.0,28814700,,PGAS.JK
2025-11-27,1760,1775,1740,1740,1740.0,22519900,,PGAS.JK
2025-11-28,1755,1805,1745,1805,1805.0,72539900,,PGAS.JK
2025-12-01,1870,1870,1805,1870,1870.0,84343200,,PGAS.JK
2025-12-02,1850,1855,1800,1830,1830.0,38476800,,PGAS.JK
2025-12-03,1825,1880,1815,1870,1870.0,63283500,,PGAS.JK
2025-12-04,1885,1885,1835,1850,1850.0,19895300,,PGAS.JK
2025-12-05,1850,1860,1820,1825,1825.0,17631200,,PGAS.JK
2025-12-08,1840,1850,1810,1830,1830.0,21393700,,PGAS.JK
2025-12-09,1830,1835,1800,1805,1805.0,21483800,,PGAS.JK
2025-12-10,1825,1860,1815,1855,1855.0,31706500,,PGAS.JK
2025-12-11,1860,1865,1800,1825,1825.0,30982100,,PGAS.JK
2025-12-12,1840,1840,1800,1830,1830.0,20130900,,PGAS.JK
2025-12-15,1835,1845,1800,1820,1820.0,13147200,,PGAS.JK
2025-12-16,1820,1840,1805,1810,1810.0,20098600,,PGAS.JK
2025-12-17,1815,1885,1810,1865,1865.0,48848400,,PGAS.JK
2025-12-18,1880,1880,1825,1840,1840.0,30574100,,PGAS.JK
2025-12-19,1850,1890,1840,1860,1860.0,44274500,,PGAS.JK
2025-12-22,1860,1915,1860,1905,1905.0,42110500,,PGAS.JK
2025-12-23,1910,1910,1865,1880,1880.0,21267400,,PGAS.JK
2025-12-24,1885,1925,1885,1890,1890.0,25187600,,PGAS.JK
2025-12-25,1890,1890,1890,1890,1890.0,0,,PGAS.JK
2025-12-26,1890,1890,1890,1890,1890.0,0,,PGAS.JK
2025-12-29,1900,1920,1885,1900,1900.0,17037900,,PGAS.JK
2025-12-30,1900,1920,1890,1910,1910.0,26244200,,PGAS.JK
2025-12-31,1910,1910,1910,1910,1910.0,0,,PGAS.JK
2026-01-01,1910,1910,1910,1910,1910.0,0,,PGAS.JK
2026-01-02,1915,1930,1910,1930,1930.0,27636600,,PGAS.JK
2026-01-05,1935,1960,1930,1955,1955.0,32107000,,PGAS.JK
2026-01-06,1955,1960,1875,1900,1900.0,56607500,,PGAS.JK
2026-01-07,1850,1970,1850,1945,1945.0,55398900,,PGAS.JK
2026-01-08,1965,2020,1960,1960,1960.0,79475200,,PGAS.JK
2026-01-09,1980,1995,1955,1975,1975.0,23379900,,PGAS.JK
2026-01-12,1975,1995,1930,1965,1965.0,30511400,,PGAS.JK
2026-01-13,1975,1990,1955,1980,1980.0,24455600,,PGAS.JK
2026-01-14,1995,2070,1995,2030,2030.0,79691800,,PGAS.JK
2026-01-15,2030,2030,1995,2020,2020.0,32721200,,PGAS.JK
2026-01-16,2020,2020,2020,2020,2020.0,0,,PGAS.JK
2026-01-19,2050,2060,2000,2040,2040.0,24114600,,PGAS.JK
2026-01-20,2040,2100,2020,2080,2080.0,46546600,,PGAS.JK
2026-01-21,2080,2100,2040,2090,2090.0,55138400,,PGAS.JK
2026-01-22,2100,2210,2100,2160,2160.0,93110000,,PGAS.JK
2026-01-23,2160,2300,2140,2270,2270.0,86989900,,PGAS.JK
2026-01-26,2270,2310,2230,2260,2260.0,49581000,,PGAS.JK
2026-01-27,2260,2260,2120,2160,2160.0,62735700,,PGAS.JK
2026-01-28,2100,2200,2060,2120,2120.0,76372900,,PGAS.JK
2026-01-29,2130,2130,1845,2080,2080.0,136964100,,PGAS.JK
2026-01-30,2080,2160,2070,2120,2120.0,72304800,Data is limited by one year as you have free subscription,PGAS.JK
