???????????????????????????????????????????????????,,,,,,?????? ? ?????? 23 ?.?. 2569,,,
??????????,??????,????,???????????????,??????????,???????,????????????,????????,??????,????????
2S,?????? 2 ??? ????? ????? (?????),SET,????????????????,????? ??? ?????????????,8/5 ??????? 14 ??????????? ???????????? ?????,90110,0-7480-0111,0-7480-1286,www.ss.co.th
3BBIF,?????????????????????????????????????????????? ???????,SET,?????????,??????????????????????????????,?????? 175 ?????????????????????? ???? 7 ???? 21 ??? ???? 26 ?????????? ?????????????? ??????? ?????????????,10120,0-2674-6488,0-2679-5996,https://www.3bb-if.com
88TH,?????? 88(????????) ????? (?????),mai,??????????????????,-,?????? 48 ????/??? ?????????????? 8 ????/???? ???????? ?????/??? ???????? ?????????????,10230,0-2326-8888,-,www.88thailand.co.th
A,?????? ?????? ???????????? ????? (?????),SET,??????????????????????????,????????????????????,999 ?????????????????? ???????????? ????????????? ?????????????,10310,"0-2798-9999, 1797",0-2798-9990,http://www.areeya.co.th
A5,?????? ?????? ???? ????? ????? (?????),SET,??????????????????????????,????????????????????,"?????? 199 ????? ??? ??????? ??????? 12 ?????????? 1210, 1211, 1212 ???????????????? ????????? ?????????? ?????????????",10900,0-2026-3512,0-2026-3513,www.assetfive.co.th
AAI,?????? ???????? ????????? ????????????????? ????? (?????),SET,???????????????????????,???????????????????,55/2 ??????? 2 ????????? 2 ?????????????? ??????????????????? ?????????,74000,0-3484-5575-87,0-3484-5546,www.asianalliance.co.th
AAV,?????? ?????? ?????????? ????? (?????),SET,??????,??????????????????,222 ???????????????????????????????????? 3 ???? 3200 ?.????????????? ??????????? ??????????? ?????????????,10210,0-2562-5700,0-2562-5705,http://www.aavplc.com
ABM,?????? ?????? ??????? ????? (?????),mai,????????,-,?????? 99/9 ???????????? 2 ????????? ?????????????? ?????????????,10150,0-2415-0054,0-2415-1102,www.asiabiomass.com
ACAP,?????? ?????? ???????? ????? ????? (?????),mai,?????????????,-,?????? 486 ????? E 2 ??????? 2 ?????????? ??????????? ?????????? ?????????????,10250,0-2666-9488,0-2666-9488 Press 9,www.acap.co.th
ACC,?????? ???????? ?????????? ???????????? ????? (?????),SET,????????,?????????????????????,944 ?????????????? ?????? ?????????? ???? 16 ????????? 4 ??????????? ?????????? ?????????????,10330,0-2219-1642,0-2219-1662,http://acc-plc.com
ACE,?????? ????????? ???? ???????????? ????? (?????),SET,????????,?????????????????????,?????? 140/6 ???????????? ???????? ???? 7 ??????? ????????????? ????????? ?????????????,10500,0-2233-2559,-,http://www.ace-energy.co.th
ACG,?????? ????????? ??????? ????? (?????),SET,????????????????,???????,?????? 1111 ???? 1 ???????????? ???????????? ?????????? ???????,40000,0-4330-6444,0-4330-6448,www.autocorpgroup.com
ADB,?????? ???????? ???? ????? (?????),mai,????????????????,-,252 ???? 4 ??????????? ?????????? ????????????????????? ???????????,10280,0-2709-4040-9,0-2323-9195,http://www.adb.co.th
ADD,?????? ?????? ??? ????? (?????),mai,??????,-,?????? 1 ????????????????????? ???? 41 ?????????? 4106-7 ?????????? ??????????? ??????? ?????????????,10120,0-2835-3957-8,0-2835-3959,https://www.addtechhub.com
ADVANC,?????? ???????? ??????? ???????? ????? (?????),SET,?????????,??????????????????????????????,"???????????? ???????? 1, 414 ??????????? ???????????? ???????? ?????????????",10400,0-2029-5000,0-2029-5165,http://investor.ais.co.th
ADVICE,?????? ??????? ???? ???????? ????? (?????),SET,??????,???????,?????? 74/1 ??????? 1 ?????????? ????????????? ???????,11120,0-2908-8888,-,www.advicepcl.co.th
AE,?????? ????? ???????????? ????? ????????? ????? (?????),SET,????????,?????????????????????,?????? 2106 ??????????? 4 ???? 4 ??????????? ?????????????? ?????????? ?????????????,10260,0-2741-5700,0-2741-5724,www.aeu.co.th
AEONTS,?????? ????? ??????????? (????????) ????? (?????),SET,?????????????,????????????????????,"???????????? ???????? ???? 27, 388 ??????????? ??????????? ?????????? ?????????????",10110,"0-2665-0123,0-2302-4400",-,www.aeon.co.th
AF,?????? ????? ????????? ????? (?????),mai,?????????????,-,?????? 188 ?????????? ???????? ???? 12A ???????? 6-10 ???????? ????????????? ?????????? ?????????????,10400,0-2657-6222,"0-2657-6244,0-2657-6245",http://www.airafactoring.co.th
AFC,?????? ????????????? ????? (?????),SET,??????????????????,??????,"??????????????????????? ???? 27, 33/133-136 ?????????? ????????????? ????????? ?????????????",10500,0-2632-7071-85,0-2236-1982,www.asiafiber.com
AGE,?????? ?????? ???? ???????? ????? (?????),SET,????????,?????????????????????,?????? 99/9 ???????????? 2 ????????? ?????????????? ?????????????,10150,0-2894-0088,"0-2894-0044, 0-2894-4267",www.age.co.th
AH,?????? ?????? ????? ????? (?????),SET,????????????????,???????,99 ???? 1 ??????????????????? ??????????? ????????????? ???????????????,13160,0-3535-0880,0-3535-0881,www.aapico.com
AHC,?????? ?????????????? ????? (?????),SET,??????,????????,68/3 ???? 2 ????????????? ??????????? ?????????? ??????,20000,"0-3827-3840-7, 0-3879-2500, 0-3879-2555",0-3827-3848,www.aikchol.com
AI,?????? ??????? ???????????? ????? (?????),SET,????????,?????????????????????,254 ?????????? ???????????? ??????????? ?????????????,10230,"0-2517-1451, 0-2517-1026, 0-2517-9447-8",0-2517-1465,http://www.asianinsulators.com
AIE,?????? ???? ?????????? ????? (?????),SET,????????,?????????????????????,?????? 55/2 ??????? 8 ??????????? 1 ??????????????? ??????????????? ?????????,74110,0-3487-7485-8,0-3487-7491-2,www.aienergy.co.th
AIMCG,?????????????????????????????????????????????????????????????????? ???????? ????????????? ????,SET,??????????????????????????,??????????????????????????????????????????????????????????????????,?????? 93/1 ???????????? ????? ??????? ???? 8 ???? 803 ???????? ??????????? ?????????? ?????????????,10330,0-2254-0441-2,-,www.aimcgreit.com
AIMIRT,?????????????????????????????????????????????????????????????????? ???????? ???????????? ????,SET,??????????????????????????,??????????????????????????????????????????????????????????????????,?????? 93/1 ???????????? ????? ??????????? 8 ???? 803 ???????? ??????????? ?????????? ?????????????,10330,0-2254-0441-2,-,www.aimirt.com
AIRA,?????? ????? ???????? ????? (?????),mai,?????????????,-,319 ??????????????????? ??????? 12 ???????? ??????? ?????????????,10330,0-2080-2999,0-2160-5395,https://www.airacapital.co.th
AIT,?????? ??????????????????????????????? ????? (?????),SET,?????????,??????????????????????????????,37/2 ??????????? ????????????? ??????????? ?????????????,10320,0-2275-9400,"0-2275-9100, 0-2275-9200",www.ait.co.th
AJ,?????? ??.??.?????? ????? (?????),SET,????????????????,??????????,95 ?????????? ????????? ?????????????? ?????????????,10150,"0-2415-0035, 0-2415-6059",0-2415-6068,www.ajplast.co.th
AJA,?????? ???? ???????? ????????? ????? (?????),SET,??????????????????,????????????????????????????,?????? 427/2 ???????????? 2 ????????? ?????????????? ?????????????,10150,0-2451-6888,0-2451-5490,www.ajthai.com
AKP,?????? ??????????? ????? (?????),mai,??????,-,792 ???? 2 ??? 1 ??/1 ??????????????????? ??? 1 ??????????? ????????????? ????????????????????? ???????????,10280,0-2323-0714-21,0-2323-0724,www.akkhie.com
AKR,?????? ?????????????? ????? (?????),SET,????????????????,?????????????????????????????,"??????? ???? ???????? ???? 28, 9/291 ??????????? ??????????? ?????????? ?????????????",10250,0-2719-8777,02-719-8760-2,http://www.ekarat.co.th
AKS,?????? ??????? ???????????? ????? (?????),SET,??????????????????????????,????????????????????,?????? 102 ????????????????? ??????????? ??????????? ?????????????,10310,0-2033-5555,0-2033-5566,www.akscorporation.co.th
ALLA,?????? ?????? ????? (?????),SET,????????????????,?????????????????????????????,"?????? 933, 935, 937, 939 ?????????? 46 ?????????? ??????????? ?????????? ?????????????",10250,"0-2322-0777, 0-2721-5699",0-2322-1891-2,www.alla.co.th
ALLY,?????????????????????????????????????????????????????????????????? ?????,SET,??????????????????????????,??????????????????????????????????????????????????????????????????,888 ?. ?????????????? ???????????? ?????????? ?????????????,10240,0-2101-5999,-,www.allyreit.com
ALPHAX,?????? ?????? ?????????? ????? (?????),mai,????????,-,?????? 127 ????????????????? ?????????? D ???? 24 ???????????? ??????????? ?????????? ?????????????,10330,0-2095-5653,-,www.alphadivisions.com
ALT,?????? ??????? ??????? ????? (?????),SET,?????????,??????????????????????????????,52/1 ??????? 5 ?????????? - ??????? ???????????? ???????????? ???????,11130,-11796,0-2886-3364,alt.co.th
ALUCON,?????? ?????? ????? (?????),SET,????????????????,??????????,500 ???? 1 ?????????? ??????????? 72 ?????????????? ?????????? ???????????,10270,"0-2398-0147, 0-2398-4601","0-2398-3455, 0-2361-2511",www.alucon.th.com
AMA,?????? ????? ????? ????? (?????),mai,??????,-,33/4 ????????????? ???????? ??????? 33 ???????? ?? ?????????? TNA02 ????????? 9 ???????????? ??????????? ?????????????,10310,0-2001-2801,0-2001-2800,www.amamarine.co.th
AMANAH,?????? ???????? ??????? ????? (?????),SET,?????????????,????????????????????,16-16/1 ???????????? 1 ???????? ??????????? ?????????? ?????????????,10330,0-2091-6456,0-2030-6401,http://www.amanah.co.th
AMARC,?????? ??????????????????????????????????????????????????????????? ????? (?????),mai,??????,-,361 ??????????? 122 ??????????? ??????????? ????????????? ?????????????,10310,0-2516-2422,0-2516-6949,http://amarc.co.th/
AMARIN,?????? ???????? ??????????????? ????? (?????),SET,??????,????????????????,?????? 378 ??????????? ???????????? ??????????? ?????????????,10170,0-2422-9999,"0-2434-3555, 0-2434-3777",http://www.amarin.com
AMATA,?????? ???? ??????????? ????? (?????),SET,??????????????????????????,????????????????????,????????????? 2126 ?????????????????? ??????????? ??????????? ?????????????,10310,"0-2318-0007, 0-2792-0000",0-2318-1096,http://www.amata.com
AMATAR,?????????????????????????????????????????????????????????????????,SET,??????????????????????????,??????????????????????????????????????????????????????????????????,2126 ????????????? ?????????????????? ??????????? ??????????? ?????????????,10320,0-2792-0089,0-2792-0090,www.amatareit.com
AMATAV,?????? ???? ?????? ????? (?????),SET,??????????????????????????,????????????????????,2126 ?????????????????? ??????????? ??????????? ?????????????,10310,0-2792-0000,0-2318-1096,http://www.amatavn.com
AMC,?????? ?????? ????? ????? (?????),SET,????????????????,????? ??? ?????????????,"55, 55/1 ??????? 2 ????????????? ?????????????? ??????????? ??????????? ???????????",10540,0-2383-4100,0-2383-4101-2,www.asiametal.co.th
AMR,?????? ?????????? ?????? ????? (?????),SET,?????????,??????????????????????????????,?????? 469 ???????????????????? ???????????? ?????????? ?????????? ?????????????,10900,0-2589-9955,0-2591-7022,https://www.amrasia.com
ANAN,?????? ?????? ?????????????? ????? (?????),SET,??????????????????????????,????????????????????,?????? 99/1 ??????? 14 ????????????????????? ????????-???? (?.?.10.5) ?????????????? ??????????? ???????????,10540,0-2317-1155,0-2317-1100,http://www.ananda.co.th
ANI,?????? ?????? ?????????? ????????????????? ????? (?????),SET,??????,??????????????????,?????? 628 ???? 6 ??????????????? ????????? ???????? ????????????? ?????????? ?????????????,10120,0-2681-3149,0-2681-3153,www.anicargo.com
AOT,?????? ?????????????? ????? (?????),SET,??????,??????????????????,333 ??????? 7 ?????????????? ????????? ??????????? ?????????????,10210,0-2535-1192,0-2535-5749,www.airportthai.co.th
AP,?????? ???? (????????) ????? (?????),SET,??????????????????????????,????????????????????,"????????????????????? 1 ???? 18, 170/57 ???????????????????? ??????????? ?????????? ?????????????",10110,"0-2261-2518-22, 0-2261-2285-7",0-2261-2548-9,www.apthai.com
APCO,?????? ??????? ??????????????? ????? (?????),SET,??????????????????,????????????????????????,?????? 84/3 ???? 4 ?????????????????????? (???????????) ????????????????? 11 ???????????? ?????????? ?????,51000,0-5358-1374,0-5358-1375,http://www.apco.co.th
APCS,?????? ?????? ????????? ????? (?????),SET,??????????????????????????,?????????????????????,?????? 223/53 ?????????????????????? ?? ???? 13 ??????????? ???????????? ???????? ?????????????,10260,0-2361-5494,-,www.apcs.co.th
APO,?????? ?????????????????? ????? (?????),mai,???????????????????????,-,99 ??????? 2 ?????????????? ???????????? ??????,81110,0-7568-1355,-,https://asianpalmoil.com
APP,?????? ????????? ????? (?????),mai,?????????,-,69 ??????????? 68 ??????????? ?????????????? ???????? ?????????????,10260,0-2744-9045,0-2744-9049,www.applicadthai.com
APURE,?????? ????????? ????????? ????? (?????),SET,???????????????????????,???????????????????,?????????????????????? ?????? 70 ??????? 6 ??????????? ????????????? ????????????? ????????,12120,0-2516-0941-45,0-2516-0946,http://www.apureholdings.com
AQUA,?????? ???? ????????????? ????? (?????),SET,??????,????????????????,"???????????????????? ???? 21, 121/68-69 ????????????? ?????????? ????????? ?????????????",10400,0-2041-8888,-,www.aquacorp.co.th
ARIN,?????? ???????? ????? ????? (?????),mai,??????????????????????????,-,?????? 49/82 ???????????? 4 ????? ?????????? ???????????????? ??????,20130,"0-3819-1581,1395",0-3819-1681,www.arinsiri.com
ARIP,?????? ?????????? ????? (?????),mai,??????,-,99/16-20 ????????????? ????????? ?????????????,10320,0-2642-3400,0-2642-3440,http://www.aripplc.com
ARROW,?????? ???????? ???????? ????? (?????),mai,??????????????????????????,-,?????? 31 ???? 1 ?????????? ??????????? ??????,20160,0-3874-0371-4,0-3874-0150,www.arrowpipe.com
AS,?????? ????????? ????????????? ????? (?????),SET,??????,????????????????,?????? 51 ???????????? ???????? ?????? 9 - ???????? ??????? 18 ?????????? 3 - 8 ????????? 9 ??????????? ?????????? ?????????????,10240,0-2769-8888,0-2090-2730,http://as-th.listedcompany.com
ASAP,?????? ????????????? ????? ?????????????? ????? (?????),SET,?????????????,????????????????????,149 ??????? 3 ???????????? ????????????? ????????????????????? ???????????,10270,0-2091-8181,0-2091-8111,http://www.asapcarrent.com
ASEFA,?????? ?????? ????? (?????),SET,????????????????,?????????????????????????????,?????? 5 ??????? 1 ????????? 2 ????????????? ??????????????????? ?????????,74000,0-2686-7777,0-2686-7788,www.asefa.co.th
ASIA,?????? ???????????? ????? (?????),SET,??????,?????????????????????????,296 ???????? ??????????????? ?????????? ?????????????,10400,0-2217-0808,0-2215-2645,www.asiahotel.co.th
ASIAN,?????? ?????????? ???????????? ????? (?????),SET,???????????????????????,???????????????????,55/2 ???? 2 ????????? 2 ?????????????? ?????????? ?????????,74000,"0-3482-2204-7, 0-3482-2700-6","0-3482-2407, 0-3482-2698-9, 0-3482-2706",www.asiansea.co.th
ASIMAR,?????? ??????? ????? ?????????? ????? (?????),SET,??????,??????????????????,128 ???? 3 ????????????? ?????????????? ??????????????????? ???????????,10290,0-2815-2060-67,0-2453-7213-4,www.asimar.com
ASK,?????? ????????????????????? ????? (?????),SET,?????????????,????????????????????,?????? 129 ???????????? ???????? ??????? 20 ??????????? ???????????????? ???????? ?????????????,10110,"0-2030-0999,0-2679-6226,0-2679-6262",0-2679-6241-3,www.ask.co.th
ASN,?????? ????????? ????????? ????? (?????),mai,?????????????,-,388 ????????????? ???? 16 ?? ??????????? ???????????? ???????? ?????????????,10400,0-2494-8388,0-2619-2296,http://www.asnbroker.co.th
ASP,?????? ?????? ???? ????? ????????? ????? (?????),SET,?????????????,????????????????????,"?????????????????????? ???? 3,9 ???11, 175 ?????????? ?????????????? ??????? ?????????????",10120,"0-2285-1888, 0-2680-1111",0-2285-1901-2,www.asiaplusgroup.co.th
ASW,?????? ?????????? ????? (?????),SET,??????????????????????????,????????????????????,?????? 9 ???????????? 5 ??? 23 ?????????????? ????????? ?????????????,10220,0-2521-9533-35,-,www.assetwise.co.th
ATLAS,?????? ?????? ????????? ????? (?????),SET,????????,?????????????????????,?????? 90 ????????/????? ???????????? ???????? ?? ??? ?????????? ????/???? ???????? ?????/??? ???????? ?????????????,10310,08-0059-7044,0-2168-3379,www.atlasenergy.co.th
ATP30,?????? ?????? 30 ????? (?????),mai,??????,-,?????? 9/30 ??????? 9 ?????????? ??????????? ??????,20160,0-3846-8788,0-3846-8788,http://www.atp30.com
AU,?????? ???????? ?? ????? (?????),mai,???????????????????????,-,1319/9 ??????????? ??????????? ?????????? ?????????????,10250,0-2318-4488,0-2318-1022,www.afteryoudessertcafe.com
AUCT,?????? ??????????? ????? (?????),mai,??????,-,518/28 ?.???????? 39 (??????? 1) ?????????????? ????????????? ?????????????,10310,0-2033-6555,0-2935-6202,www.auct.co.th
AURA,?????? ??????? ?????? ????? (?????),SET,??????????????????,??????,444 ?????????? 26 ?????????????? ???????? ?????????????,10260,0-2749-5044,-,http://www.auroradesign.co.th
AWC,?????? ?????? ?????? ????? ????? (?????),SET,??????????????????????????,????????????????????,?????? 1 ????????????????????? ??????? 54 ?????????? ??????????? ??????? ?????????????,10120,0-2180-9999,0-2180-9966,https://www.assetworldcorp-th.com
AXTRART,??????????????????????????????????????????????????? ?????????? ???????? ?????,SET,??????????????????????????,??????????????????????????????????????????????????????????????????,?????? 111 ???? 10 ???? 1001/1 ???????? ??????? ????? ????? ??????????? ?????????? ?????????? ?????????????,10260,06-3848-4677,-,www.axtrart.com
AYUD,?????? ???????? ?????? ???????? ????? (?????),SET,?????????????,???????????????????????,"????????????????????? ???? 7, 898 ??????????? ??????????? ?????????? ?????????????",10330,0-2657-2970,0-2657-2971,www.ayud.co.th
B,?????? ?? ???????? ????? (?????),SET,??????,??????????????????,?????? 52 ?????????? ?????? ??????? 28 ??????? ????????????? ????????? ?????????????,10500,0-2096-4999,-,WWW.BEGISTICS.CO.TH
B52,?????? ??-52 ???????? ????? (?????),SET,??????,???????,?????? 55 ????????? 9 ???????????? ??????????? ?????????????,10310,0-2645-3999,-,www.b52.co.th
BA,?????? ????????????? ????? (?????),SET,??????,??????????????????,?????? 99 ??????? 14 ???????????????? ????????? ?????????? ?????????????,10900,0-2265-5678,0-2265-5500,http://www.bangkokair.com
BAFS,?????? ????????????????????????????? ????? (?????),SET,????????,?????????????????????,171/2 ???????????? 6 ???????????? ??????????? ?????????????,10210,0-2834-8900,0-2834-8999,www.bafsthai.com
BAM,????????????????????? ?????????????? ????? (?????),SET,?????????????,????????????????????,99 ???????????? ???????? ????????? ?????????????,10500,0-2267-1900,0-2266-3377,www.bam.co.th
BANPU,?????? ?????? ????? (?????),SET,????????,?????????????????????,"??????????? ???? 27, 1550 ?????????????????? ???????????? ?????????? ?????????????",10400,0-2694-6600,0-2207-0696,http://www.banpu.com
BAREIT,????????????????????????????????????????????????????????????????????,SET,??????????????????????????,??????????????????????????????????????????????????????????????????,99 ??????? 14 ??????????-?????? ????????? ?????????? ?????????????,-,0-2265-5834,-,www.bareit.co.th
BAY,??????????????????? ????? (?????),SET,?????????????,??????,1222 ????????? 3 ????????????? ?????????? ?????????????,10120,"0-2296-2000, 0-2683-1000",0-2683-1304,www.krungsri.com
BBGI,?????? ???????? ????? (?????),SET,????????,?????????????????????,2098 ????????? ???????? ??????? 5 ??????????? ?????????????? ?????????? ?????????????,10260,0-2335-8814,0-2335-8800,https://www.bbgigroup.com/
BBIK,?????? ?????? ????? ????? (?????),SET,?????????,??????????????????????????????,?????? 51 ?????????????????????? ???????? ????????? ?????????????,10500,0-2636-7011,-,https://www.bluebik.com
BBL,????????????? ????? (?????),SET,?????????????,??????,333 ??????? ????????? ?????????????,10500,0-2231-4333,0-2231-4890,www.bangkokbank.com
BC,?????? ????? ???????????? ????? (?????),mai,??????????????????????????,-,170/67 ????????????????????? 1 ???? 21 ??????????? 16 (???????) ????????????? ??????????? ?????????? ?????????????,10110,0-2620-8777,0-2620-8778,https://www.boutiquecorporation.com
BCH,?????? ?????? ??? ???????? ????? (?????),SET,??????,????????,44 ???? 4 ???????????? ????????????? ???????,11120,0-2836-9999,0-2106-4858,www.bangkokchainhospital.com
BCP,?????? ?????? ???????????? ????? (?????),SET,????????,?????????????????????,?????? 2098 ????????? ???????? ???? 8 ??????????? ?????????????? ?????????? ?????????????,10260,0-2335-8888,0-2335-8000,http://www.bangchak.co.th
BCPG,?????? ???????? ????? (?????),SET,????????,?????????????????????,????? ???? ???????? ???? 12 ?????? 2098 ??????????? ?????????? ?????????? ?????????????,10260,-,-,www.bcpggroup.com
BCT,?????? ???????? ??????? (????????) ????? (?????),SET,????????????????,?????????????????????,"????????????????? ???? 16, 888/164 ??????????? ??????????? ?????????? ?????????????",10330,"0-2253-6749,0-2626-6375",-,www.birlacarbon.com
BDMS,?????? ?????????????????? ?????(?????),SET,??????,????????,?????? 2 ????????????? 7 ?????????????????? ??????????? ??????????? ?????????????,10310,0-2310-3000,"0-2318-1546 , 0-2310-3327",www.bangkokhospital.com
BE8,?????? ????? 8 ???? ????? (?????),mai,?????????,-,33/4 ????????????? ???????? ?????? ?????????? (???????) ??????? 19 ????????? 9 ???????????? ??????????? ?????????????,10310,0-2116-5081,-,www.beryl8.com
BEAUTY,?????? ?????? ?????????? ????? (?????),SET,??????,???????,?????????????????? 50/1-3 ???????????? 34 ???????????? ????????????? ?????????? ?????????????,10230,0-2946-0700-6,0-2946-1571,WWW.BEAUTYCOMMUNITY.CO.TH
BEC,?????? ?????? ?????? ????? (?????),SET,??????,????????????????,"????????????? ????????, 3199 ???????????? ??????????? ?????????? ?????????????",10110,"0-2204-3333, 0-2262-3333",0-2204-1384,www.becworld.com
BEM,?????? ???????????????????????? ????? (?????),SET,??????,??????????????????,587 ??????????????????? ?????????????? ????????? ?????????????,10400,"0-2641-4611, 0-2354-2000","0-2641-4610, 0-2354-2040",www.bemplc.co.th
BEYOND,?????? ????? ????? ??????? ????? (?????),SET,??????,?????????????????????????,?????? 130 - 132 ?????????????????? 2 ???? 15 ???????? ??????????? ?????????? ?????????????,10330,0-2028-2626,0-2028-2628,www.boundandbeyond.co.th
BGC,?????? ???? ??????????? ????? ????? (?????),SET,????????????????,??????????,47/1 ???? 2 ???????????? ???????????? ????????,12130,0-2834-7000,0-2533-1140,www.bgc.co.th
BGRIM,?????? ??.???? ???????? ????? (?????),SET,????????,?????????????????????,5 ??????????????? ??????????? ?????????? ?????????????,10240,0-2710-3400,0-2379-4245,http://www.bgrimmpower.com
BGT,?????? ?????? ???????????? ????? (?????),mai,??????????????????,-,?????? 188 ????????????? ??????????? ?????????? ?????????????,10510,0-2540-2888,0-2540-1953,http://www.bodyglove.co.th
BH,?????? ???????????????????? ????? (?????),SET,??????,????????,33 ??????????? ??? 3 (????????????) ???????????????? ???????? ?????????????,10110,0-2066-8888,-,www.bumrungrad.com
BIG,?????? ???? ??????? ???????????? ????? (?????),SET,??????,???????,"?????? 115, 115/1 ???????????? 1 ??????????? ?????????? ?????????????",10160,0-2809-9956-65,0-2809-9950,www.bigcamera.co.th
BIOTEC,?????? ???? ???? ???????????? ??? ????? (?????),SET,????????,?????????????????????,"?????????????????, 153 ??????????? 39 ??????????? ???????????????? ???????? ?????????????",10110,0-2260-0050,"0-2259-9825, 0-2261-4813",www.biogreen-energytech.com
BIS,?????? ????????? ??????? ????? ????? (?????),mai,??????,-,479 ??????? 4 ???????????? ????????????? ?????????? ????????????? ???????,11120,0-2960-0290-5,-,https://www.bis-group.com
BIZ,?????? ?????????????????? ????? (?????),SET,??????????????????,????????????????????????,92/45 ????????????? 2 ???? 16 ???????????? ???????? ????????? ?????????????,10500,0-2636-6828-9,0-2236-3167,www.bizalignment.com
BJC,?????? ???????? ???????? ????? (?????),SET,??????,???????,????????????? ???????? 99 ????????? ??????????? 42 ??????????? ?????????? ?????????????,10110,0-2146-5999,0-2146-9309,www.bjc.co.th
BJCHI,?????? ?????? ?????? ????????? ????? (?????),SET,??????????????????????????,?????????????????????,?????? 594 ???? 4 ???????????? ?????????????? ?????,21180,0-3301-7345,0-3301-7348,www.bjc1994.com
BKA,?????? ?????? ?????? ????????????? ????? (?????),mai,??????????????????????????,-,?????? 99 ????? ??.??.???????? ?????????? ???? 14 ????????????? 47 ??? 42 (?????? 2/40) ??????????????? ?????????? ?????????????,10210,0-2494-9187,-,www.bangkokasset.co.th
BKD,?????? ?????? ???-??? ????? (?????),SET,??????????????????????????,?????????????????????,?????? 52/3 ???? 8 ???????????? - ?????????? ????????? ?????????????? ???????,11110,0-2925-5777,0-2925-5778,www.bangkokdeccon.com
BKGI,?????? ?????????????????????????? ????? (?????),SET,??????,????????,3689 ???????????? 4 ??????????? ?????????? ?????????????,10110,0-2261-2638,0-2261-2639,https://www.bangkokgenomics.com/
BKIH,?????? ?????? ????????? ????? (?????),SET,?????????????,???????????????????????,25 ?????????????????????/YWCA ??????? 5 ?????????? ?????????????? ??????? ?????????????,10120,0-2285-7008,0-2677-3789,https://www.bkiholdings.com
BLA,?????? ?????????????????? ????? (?????),SET,?????????????,???????????????????????,?????? 1415 ??????????-??????? ????????????? ?????????? ?????????????,10800,0-2777-8000,0-2777-8899,www.bangkoklife.com
BLAND,?????? ??????????? ????? (?????),SET,??????????????????????????,????????????????????,"???????????? ?????????? ????????? ???? 10, 47/569-576 ???? 3 ???????????? 3 ???????????? ????????????? ???????",11120,0-2504-4940-49,-,www.bangkokland.co.th
BLC,?????? ?????????? ????? ???????? ????? (?????),SET,??????????????????,????????????????????????,48/1 ??????? 5 ????????????? ????????? ????????????????? ???????,70000,0-3271-9900,0-3271-9917,www.blcplc.com
BLESS,?????? ????? ?????? ????? ????? (?????),mai,??????????????????????????,-,?????? 609/154 ??????????? ????????????? ?????????? ?????????????,10230,0-2930-7155-8,0-2948-8304-5,https://www.bagroup.co.th
BLISS,?????? ???? ????????????? ????? (?????),SET,?????????,??????????????????????????????,96 ??????????????????????????? 9 ??????????? ????????? ?????????????,10250,-,-,www.blissintelligence.co.th
BM,?????? ???????????????? ????? (?????),mai,????????????????,-,?????? 149 ??????? 6 ????????????? ?????????? ?????????????? ???????????,10130,"0-2817-5555-7, 0-2817-5440-3","0-2817-5432 , 0-2817-5443",www.bmplc.co.th
BOFFICE,???????????????????????????????????????????????????????????,SET,??????????????????????????,??????????????????????????????????????????????????????????????????,591 ??????????? ???????????????? ???????? ?????????????,10110,0-2261-0170,0-2261-0170,www.bofficereit.com
BOL,?????? ??????? ??????? ????? (?????),mai,??????,-,?????? 1023 ????? ??????? ???? ???? 28 ????????? 3 ????????????? ?????????? ?????????????,10120,0-2657-3999,0-2657-3900-1,www.BOL.co.th
BPP,?????? ?????? ???????? ????? (?????),SET,????????,?????????????????????,1550 ??????????? ???? 26 ?????????????????? ???????????? ?????????? ?????????????,10400,0-2007-6000,0-2007-6060,www.banpupower.com
BPS,?????? ??????? ????????? ????? (?????),mai,????????????????,-,"?????? 25/34-38, 47-51 ??????????? ???????????? ?????????????????????? ???????????",10270,0-2755-2688,0-2380-5096,https://www.bpstechnology.co.th
BR,?????? ???????????? ????? (?????),SET,???????????????????????,???????????????????,18/1 ?.12 ?.?????????????????????? ?.?????????? ?.?????? ???????????,10540,0-2337-3280,0-2337-3293,www.br-brgroup.com
BRI,?????? ????????? ????? (?????),SET,??????????????????????????,????????????????????,?????????????????????? 20 ?????????? 4345 ??????????? ????????? ???????? ?????????????,10260,1509,-,https://britania.co.th/
BROCK,?????? ???????????????? ????? (?????),SET,??????????????????????????,????????????????????,601 ??????????? 39 ????????????? ?????????????? ????????????? ?????????????,10310,0-2934-7000,0-2934-7186,www.rockgarden.co.th
BRR,?????? ??????????????? ????? (?????),SET,???????????????????????,???????????????????,237 ??????? 2 ?????????????? ???????????? ?????????,31190,0-4465-9020-3,"0-4465-9020-3 ext. 103,131,152",http://www.buriramsugar.com
BRRGIF,?????????????????????????????????????????????????????,SET,????????,?????????????????????,175 ?????????????????????? ???? 7 ???? 21 ??????? 26 ?????????? ?????????????? ??????? ?????????????,10120,0-2674-6488,0-2679-5995,http://www.bblam.co.th/
BSBM,?????? ??????????????? ????? (?????),SET,????????????????,????? ??? ?????????????,"??????????????? ???? 8, 28/1 ???????????? ???????? ????????? ?????????????",10500,0-2630-0590-5,0-2236-6995-6,http://www.bsbm.co.th
BSM,?????? ???????????? ????? (?????),mai,??????????????????????????,-,?????? 905/8 ????????? 3 ??? 51 ????????????? ?????????? ?????????????,10120,0-2683-4900,-,www.bsmgroup.asia
BTC,?????? ?????????? ????? ????? (?????),mai,?????????????,-,"???????????????? ???? 26, 10/190-193 ???????????13 ??????????? ???????????????? ???????? ?????????????",10110,0-2168-7100,0-2168-7111-2,www.brookergroup.com
BTG,?????? ??????? ????? (?????),SET,???????????????????????,???????????????????,323 ??????? 6 ??????????? ?????????? ?????????????,-,0-2833-8000,-,www.betagro.com
BTNC,?????? ????????????? ????? (?????),SET,??????????????????,??????,1112/53-75 ??????????? 48 ??????????? ??????????? ?????????? ?????????????,10110,"0-2391-3311 , 0-2391-3320","0-2381-1656 , 0-2381-1658",www.btnc.co.th
BTS,?????? ??????? ????? ????????? ????? (?????),SET,??????,??????????????????,?????? 1000/9 ???????????? ????????? ????? - ????? ???????? ??????? 33 ??????????? ????????? ?????????? ?????????????,10900,0-2080-1000,-,http://www.btsgroup.co.th
BTSGIF,????????????????????????????????????????????? ???????????,SET,??????,??????????????????,175 ?????????????????????? ???? 7 ???? 21 ??? ???? 26 ?????????? ?????????????? ??????? ?????????????,10120,0-2674-6488,0-2679-5996,www.btsgif.com
BTW,?????? ???? ????? ??????????? ????? (?????),mai,??????????????????????????,-,593/3 ??????????? 39 (??????? 1) ??????????? ?????????????? ????????????? ?????????????,10310,0-2314-2150-52,0-2319-7301-02,www.btwealthindustries.com
BUI,?????? ????????????????? ????? (?????),SET,?????????????,???????????????????????,"??????????????????????,175-177 ?????????? ????????????? ????????? ?????????????",10500,"0-2233-6920, 0-2238-4111",0-2237-1856,http://www.bui.co.th
BVG,?????? ??????????? ????? ????? (?????),mai,?????????,-,100/22 ???????????? ???????? ???? 15 ???????????? ???????? ????????? ?????????????,10500,0-2011-8600,0-2011-8610,www.blueventuregroup.co.th
BWG,?????? ???????? ?????? ???? ????? (?????),SET,??????,??????????????,488 ??????????? 130 (??????? 2) ???????????? ?????????? ?????????????,10240,0-2012-7888,0-2012-7889,https://www.bwg.co.th
B-WORK,??????????????????????????????????????????????????????? ??????,SET,??????????????????????????,??????????????????????????????????????????????????????????????????,?????? 175 ?????????????????????? ???? 7 ???? 21 ??? ???? 26 ?????????? ?????????????? ??????? ?????????????,10120,0-2674-6488,0-2679-5996,http://www.bworkreit.com
BYD,???????????????? ??????? ????? (?????),SET,?????????????,????????????????????,?????? 548 ???????? ????? ????????? ??????? 56 ??????????? ??????????? ?????????? ?????????????,10330,0-2820-0100,-,www.beyondsecurities.co.th
CAZ,?????? ?? ?? ??? (?????????) ????? (?????),mai,??????????????????????????,-,?????? 239 ???????????-??????? ???????????? ??????????????? ?????,21150,0-3860-6242,0-3860-6166,www.caz.co.th
CBG,?????? ???????????? ????? (?????),SET,???????????????????????,???????????????????,393 ????? 393 ???? ???? 7-10 ??????? ???????? ????????? ?????????????,10500,0-2636-6111,0-2636-7949,www.carabaogroup.com
CCET,?????? ???-????? ?????????????? (?????????) ????? (?????),SET,?????????,??????????????????????,"??????????? ???????? ???? 18, 191/54 ??? 191/57 ????????????? ?????????? ?????????????",10110,0-2261-5033-40,0-2661-9396-7,www.calcomp.co.th
CCP,?????? ?????????????????????? ????? (?????),SET,??????????????????????????,?????????????,39/1 ??????? 1 ??????????? ???????????? ?????????? ??????,20000,0-3879-5278-83,0-3827-2440-3,www.ccp.co.th
CEN,?????? ???????? ?????????????? ?????????? ????? (?????),SET,????????????????,????? ??? ?????????????,"?????? 1011 ???????????? ?????? ???????? ???? 17 ?????????? 1703, 1704 ????????? 3 ????????????? ?????????? ?????????????",10120,0-2049-1041-44,0-2049-1045,www.cenplc.com
CENTEL,?????? ??????????????????? ????? (?????),SET,??????,?????????????????????????,1695 ??????????? ??????????? ?????????? ?????????????,10900,0-2769-1234,0-2769-1235,www.centarahotelsresorts.com
CEYE,?????? ?????? ????? (?????),mai,??????,-,311 ??????? 6 ??????????? ?????????? ?????????????,10250,0-2718-9951-6,0-2718-9957,https://www.chamniseye.com/
CFARM,?????? ???????????? (2019) ????? (?????),mai,???????????????????????,-,723 ????????? - ??????? ?????????? ??????????? ?????????,31110,0-4411-5155,-,www.chuwitfarm.com
CFRESH,?????? ??????????????? ????? (?????),SET,???????????????????????,???????????????????,402 ???? 8 ????????-?????? ?????????? ?????????? ?????,86000,0-2637-8888,0-2637-8801,www.seafresh.com
CGD,?????? ??????? ????? ????????????? ????? (?????),SET,??????????????????????????,????????????????????,?????? 898 ????????????? ???????? ??????? 20 ??????????? ??????????? ?????????? ?????????????,10330,0-2658-7888,0-2658-7880,www.cgd.co.th
CGH,?????? ??????? ????? ????????? ????? (?????),SET,?????????????,????????????????????,?????? 132 ?????????? ???????? 3 ???? 20 ???????? ??????????? ?????????? ?????????????,10330,0-2256-7999,0-2256-7888,www.cgholdings.co.th
CH,?????? ??????????????? ????? (?????),SET,???????????????????????,???????????????????,?????? 181 ?????????? ?????????? ?????????????? ?????????????,10150,0-2416-0708,0-2416-1909,https://chinhuay.com/
CHAO,?????? ??????? ?????? ????????? ????? (?????),SET,???????????????????????,???????????????????,99 ??????? 9 ?????????? ??????????? ?????????? ??????????,30000,0-4424-0999,-,www.chaosua.com
CHARAN,?????? ????????????? ????? (?????),SET,?????????????,???????????????????????,408/1 ????????????? ????????????? ??????????? ?????????????,10310,0-2276-1024,0-2275-4919,www.charaninsurance.com
CHASE,?????? ????? ?????? ????? (?????),SET,?????????????,????????????????????,34/6 ??????? 1 ???????????? ????????????? ????????????? ???????,11120,0-2855-8222,0-2855-8299,www.chase.co.th
CHAYO,?????? ??? ????? ????? (?????),SET,?????????????,????????????????????,?????? 44/543-544 ??????????? ?????????????? ????????? ?????????????,10220,0-2016-4499,0-2001-2555,www.chayo555.com
CHEWA,?????? ??????? ????? (?????),mai,??????????????????????????,-,967 ??????????? 71 ???????????? ????????????? ?????????????,10310,0-2679-8870-4,0-2679-8874,www.chewathai.com
CHG,?????? ?????????????????? ????? (?????),SET,??????,????????,88/8-9 ??????? 11 ?????????? ??????????? ???????????,10540,0-2033-2900,0-2730-1125,www.chularat.com
CHIC,?????? ??? ????????? ????? (?????),mai,??????,-,?????? 90 ????????????? ?????????????????? ???????????? ?????????? ?????????????,10240,0-2514-7111,0-2514-7114,www.chicrepublicthai.com
CHO,?????? ? ??? ????? (?????),mai,????????????????,-,?????? 265 ???? 4 ???????????? ????????????? ????????????????? ???????,40000,0-4304-3888,0-4304-3899,www.cho.co.th
CHOTI,?????? ???????????????????????? ????? (?????),SET,???????????????????????,???????????????????,4/2 ???? 3 ???????????? 43 ??????????? ???????????????? ?????,90310,0-7422-2333,0-7422-2300-1,www.kst-hatyai.com
CHOW,?????? ????? ????? ????????? ????????? ????? (?????),mai,????????????????,-,?????? 2525 ????????????? ????????? 2 ???? 10 ????? 2/1007-1008 ????????? 4 ??????????? ?????????? ?????????????,10110,0-2033-0901-08,0-2033-0909,https://www.chowbright.com
CI,?????? ????????? ????????????? ????? (?????),SET,??????????????????????????,????????????????????,?????????????????????? 2 ???? 10 ?????? 2922/200 ?????????????????? ??????????? ??????????? ?????????????,10320,0-2308-2020,0-2308-2990,www.charnissara.com
CIG,?????? ??.??.????? ????? (?????),mai,????????????????,-,1/1 ???? 7 ??????????? ???????????? ?????????? ????????,12000,"0-2976-5290-9, 0-2598-2331-2",0-2976-5023,www.cigpcl.com
CIMBT,?????? ?????????? ??? ????? (?????),SET,?????????????,??????,44 ?????????? ??????????? ?????????? ?????????????,10330,"0-2626-7000,0-2657-3000 ext. 0,0-2638-8000",0-2657-3333,http://www.cimbthai.com
CITY,?????? ????? ???? ????? (?????),SET,????????????????,????? ??? ?????????????,88/3 ???? 4 ????????? ?????????????? ?????????? ??????,20000,0-3821-4530-2,0-3821-4534,http://www.citysteelpcl.com
CIVIL,?????? ????????????????? ????? (?????),SET,??????????????????????????,?????????????????????,68/12 ??????????? ???? 7 ???????????? 6 ?????????? ?????????? ?????????????,10900,0-2589-8888-9,0-2589-8886-7,www.civilengineering.co.th
CK,?????? ?.??????? ????? (?????),SET,??????????????????????????,?????????????????????,"???????????????, 587 ??????????????????? ?????????????? ????????? ?????????????",10400,"0-2277-0460, 0-2275-0026",0-2275-7029,http://www.ch-karnchang.co.th
CKP,?????? ???? ???????? ????? (?????),SET,????????,?????????????????????,?????? 587 ??????????????? ???? 19 ??????????????????? ?????????? ????????? ?????????????,10400,0-2691-9720-2,0-2691-9723,www.ckpower.co.th
CM,?????? ????????????????????? ????? (?????),SET,???????????????????????,???????????????????,149/34 ???? 3-4 ??????????????? ?????????? ????????????? ????????? ?????????????,10500,"0-2238-4091, 0-2235-9934, 0-2634-0061-4",0-2238-4090,www.cmfrozen.com
CMAN,?????? ??????? ????? (?????),SET,????????????????,?????????????????????,195/11-12 ????????????? ?????? ?????????? 2 ???? 10-11 ????????????? ??????????? ?????????? ?????????????,10110,0-2661-9734,0-2260-9176,www.chememan.com
CMC,?????? ??????????????? ????? (?????),SET,??????????????????????????,????????????????????,?????? 909/1 ????????????? ???????? ???? 6 ???? 601-602 ?????????????????????? ???????????? ????????? ?????????????,10600,0-2468-9000 Ext.1172,0-2460-2080,http://www.cmc.co.th
CMO,?????? ???????? ????? (?????),mai,??????,-,4/18-19 ?.????????? 56 ????????????? ?????????? ?????????????,10230,0-2088-3888,0-2088-3857,http://www.cmo-group.com
CMR,?????? ?????????????????????????? ????? (?????),SET,??????,????????,?????? 8 ???????????????? ??????????? ??????????????????? ?????????,50200,0-5399-9777,0-5399-9799,http://www.lanna-hospital.com
CNT,?????? ???????????????????? (???) ????? (?????),SET,??????????????????????????,?????????????????????,727 ???????? ???????????? ???????? ?????????????,10260,0-2338-8000,0-2338-8090,http://www.cn-thai.co.th
COCOCO,?????? ??? ??????? ????? (?????),SET,???????????????????????,???????????????????,108/45 ???????????? 20 ???????????? ???????????? ????????????? ???????,11120,0-2584-1777,-,https://www.thaicoconut.com
COLOR,?????? ????? ????????? ????? (?????),mai,????????????????,-,?????? 858 ??????? 2 ??? 1C/1 ??????????????????? ????????????? ????????????????????? ???????????,10280,0-2323-2601-8,0-2323-2227-8,http://www.saleecolour.com
COM7,?????? ????????? ????? (?????),SET,??????,???????,549/1 ??????????? ????????? ???????? ?????????????,10260,0-2017-7777,-,www.comseven.com
COMAN,?????? ???????? ????????????????? ????? (?????),mai,?????????,-,?????? 161 ??????????? 55 (???????) ???????????????? ???????? ?????????????,10110,0-2120-6252,-,www.comancheinternational.com
CPALL,?????? ???? ????? ????? (?????),SET,??????,???????,?????? 313 ????????? ???????? ???? 24 ??????? ???????? ????????? ?????????????,10500,0-2071-9000,0-2071-8617,www.cpall.co.th
CPANEL,?????? ???????? ????? (?????),mai,??????????????????????????,-,?????? 85 ??????? 9 ????????????? ???????????? ??????,20220,0-3811-0868-73,0-3811-0874,https://www.cpanel.co.th
CPAXT,?????? ???? ?????????? ????? (?????),SET,??????,???????,1468 ??????????? ???????????? ?????????? ?????????????,10250,0-2067-8999,0-2067-9888,www.cpaxtra.com
CPF,?????? ?????????????????? ????? (?????),SET,???????????????????????,???????????????????,"????? ??.??. ???????? ???? 15, 313 ??????? ???????? ????????? ?????????????",10500,0-2766-8000,0-2638-2942,www.cpfworldwide.com
CPH,?????? ????????????????????? ????? (?????),SET,??????????????????,??????,899 ??????????? ????????? ???????? ?????????????,10160,0-2455-0300-9,0-2455-0358-9,www.castlepeak.co.th
CPI,?????? ?????????????????????????? ????? (?????),SET,???????????????????????,???????????????????,"??????????????? ???? 30, 1168/91 ????????? 4 ??????? ?????????????",10120,"0-2285-6370-2, 0-2679-9166",0-2285-6369,www.cpi-th.com
CPL,?????? ??????? ????? ????? (?????),SET,??????????????????,??????,700 ???? 6 ?????????????????? ????????????? ?????????? ???????????,10280,0-2709-5633-8,"0-2709-6033, 0-2709-6044",http://www.cpl.co.th
CPN,?????? ????????????? ????? (?????),SET,??????????????????????????,????????????????????,"??????????????????????????? ???? 31-33, 999/9 ????????? 1 ??????????? ?????????? ?????????????",10330,0-2667-5555,0-2264-5593,www.centralpattana.co.th
CPNCG,???????????????????????????????????? CPN ????????????? ????,SET,??????????????????????????,??????????????????????????????????????????????????????????????????,???? 7-8 ????? 1 ?????????? ????? ?????? ?????? 18 ????????????? ??????????? ?????????? ?????????????,10900,0-2949-1500,0-2949-1501,www.cpncg.com
CPNREIT,???????????????????????????????????????????????? CPN ????? ????,SET,??????????????????????????,??????????????????????????????????????????????????????????????????,?????? 999/9 ????????? 1 ??????????? ?????????? ?????????????,10330,0-2667-5555 Ext. 1660,0-2667-5590,www.cpnreit.com
CPR,?????? ???????? ???? ???????????? ????? (?????),mai,????????????????,-,78 ???? 2 ??????????? (??????????? 77.5) ??????????? ???????????? ???????????????,13170,0-3535-2685,"0-3572-3323, 0-3572-3332",www.cprgomu.co.th
CPT,?????? ?????? ???? ????? ???????? ????? (?????),SET,????????????????,?????????????????????????????,?????? 230/7 ?????????????????????? ?????????? ?????????? ?????????????,10900,0-2954-2590-2,0-2580-6332-4,www.CPTthailand.com
CPTREIT,???????????????????????????????????????????????? ??.??.????????,SET,??????????????????????????,??????????????????????????????????????????????????????????????????,?????? ???? ????? ??? ???? ????? ?????? 3 ???????.??.???????? 2 ????????????? ?????????? ?????????????,10400,0-2766-3914,-,https://www.cptreit.com
CPW,?????? ???????? ????? ????? (?????),SET,??????,???????,159/6 ?????????????? ???????? ???? 2 ???? 201 ? 202 ??????????? 21 (????) ???????????????? ???????? ?????????????,10110,0-2665-2950-3,0-2665-2954,www.copperwired.co.th
CRANE,?????? ???? ????? (?????),SET,????????????????,?????????????????????????????,?????? 44/88 ??????? 1 ????????-???? ??. 22 ?????????????????? ????????????? ???????????,10570,0-2715-0000,0-2715-0055,www.chukai.co.th
CRC,?????? ???????? ????? ???????????? ????? (?????),SET,??????,???????,?????? 22 ???????? ??????????? ??????????? ?????????? ?????????????,10330,0-2650-3600,-,https://www.centralretail.com/
CRD,?????? ??????????????? ????? (?????),mai,??????????????????????????,-,?????? 164/34-36 ??????????? ???????????? ??????????????????? ?????????,50100,"0-5327-1420, 0-5327-2429",0-5381-8465,www.cmrd.co.th
CREDIT,??????????????? ????? (?????),SET,?????????????,??????,123 ????? ??.???? ???????? ????????? 9 ???????????? ??????????? ?????????????,10310,0-2697-5300,0-2642-3096,www.thaicreditbank.com
CSC,?????? ????? ????? (?????),SET,????????????????,??????????,5 ?????????-??????? 46 ???????????????? ???????????? ????????,12130,0-2533-0450-9,0-2974-1114,www.crownseal.co.th
CSP,?????? ??????? ????????????? ????? (?????),SET,????????????????,????? ??? ?????????????,475 ????????? 3 ??????????? ???????????? ?????????????,10120,0-2291-6314-21,0-2291-3828,www.cspsteel.com
CSR,?????? ???????????? ????? (?????),SET,??????,?????????????????????????,22 ????????? ????????????? ??????????? ?????????????,10230,"0-2376-1693-5, 0-2376-1034-6",0-2376-1685,www.navatanee.com
CSS,?????? ?????????????? ????? ????????? ???????? ????? (?????),SET,??????,???????,329 ??????? 3 ???????????? ???????????? ????????????? ???????,11120,0-2018-1111,0-2018-1142,www.cssthai.com
CTARAF,????????????????????????????????????????????????????????????,SET,??????????????????????????,??????????????????????????????????????????????????????????????????,?????? 400/22 ??????????????????? ???? 6 ??? 12 ??????????? ???????????? ???????? ?????????????,10400,0-2673-3999,-,-
CTW,?????? ??????????????????????? ????? (?????),SET,????????????????,?????????????????????????????,?????? 589/71 ?????????????????????????? ???? 12 ?? ?????????? ?????????????? ???????? ?????????????,10260,0-2745-6118-30,0-2745-6131-32,www.ctw.co.th
CV,?????? ???????? ???????? ????? (?????),SET,????????,?????????????????????,?????? 159 ????????????? 57/1 (???????? 2) ???????????? ?????????? ?????????????,10250,0-2731-7999,-,www.cloverpower.co.th
CWT,?????? ???????? ????????? ????? ????? (?????),SET,????????????????,???????,"176/1,1480 ???? 1 ?????????? ??????????? ??.30 ???????????? ?????????? ???????????",10280,0-2703-7880,0-2703-7882,www.cwt.co.th
D,?????? ?????? ???????????? ????? (?????),mai,??????,-,512 ???? 5 ???????? ?????????? ????????? ?????????????,10400,0-2245-7198,-,www.dentalcorpthailand.com
DCC,?????? ??????????????? ????? (?????),SET,??????????????????????????,?????????????,37/7 ??????????????????? ????????????? ??????????? ?????????????,10320,0-2276-9275-81,-,www.dynastyceramic.com
DCON,?????? ????????????? ????? (?????),SET,??????????????????????????,?????????????,"??????? ??????? ??????? 8, 3300/57 ?????????????? ??????????? ????????? ?????????? ?????????????",10900,0-2937-3312,0-2937-3328,www.dconproduct.com
DDD,?????? ?? ???? ???? ????? (?????),SET,??????????????????,????????????????????????,?????? 32 ??????????????? ??????????????? ??????????? ?????????????,10240,0-2917-3055,0-2917-3054,http://www.dodaydream.com
DELTA,???????????? ????????????? (?????????) ????? (?????),SET,?????????,??????????????????????,909 ??? 9 ???? 4 ??????????????????? ?????????? ????????????????????? ???????????,10280,0-2709-3200,0-2324-0243,http://www.deltathailand.com
DEMCO,?????? ??????? ????? (?????),SET,??????????????????????????,?????????????????????,59 ???? 1 ?????????????? ?????????? ????????,12000,0-2959-5811,0-2959-5816,http://www.demco.co.th
DEXON,?????? ????????? ????????? ????? (?????),mai,??????,-,?????? 78/4-5 ??????? 6 ??????????? ??????????? ???????????? ?????,21130,033-012-484-7,033-012-530,www.dexon-technology.com
DHOUSE,?????? ????????????? ????? (?????),mai,??????????????????????????,-,?????? 99 ????????? - ???????? ???????? ??????????????????? ?????????,44000,0-4372-2000,0-4372-2272,www.dhousepattana.com
DIF,?????????????????????????????????? ???????,SET,?????????,??????????????????????????????,???? 7-8 ????? 1 ?????????? ????? ?????? ?????? 18 ????????????? ??????????? ?????????? ?????????????,10900,0-2949-1500,0-2949-1501,www.digital-tif.com
DIMET,?????? ????? (????) ????? (?????),mai,??????????????????????????,-,?????? 602 ??????? 2 ??????????????????? ??? 1 ??????????? ????????????? ????????????????????? ???????????,10280,0-2323-2800-6,0-2323-2807,www.dimetsiam.com
DITTO,?????? ?????? (?????????) ????? (?????),SET,?????????,??????????????????????????????,235/1-3 ?????????????? ??????????????? ??????????? ?????????????,10240,0-2517-5555,0-2517-5434,http://www.dittothailand.com/
DMT,?????? ?????????????????? ????? (?????),SET,??????,??????????????????,40/40 ???????????????? ??????????? ??????????? ?????????????,10210,0-2792-6500,0-2552-8065,www.tollway.co.th
DOD,?????? ?????? ??????? ????? (?????),mai,??????????????????,-,?????? 111 ???? 2 ?????????? ??????????????????? ?????????,74000,"0-3444-6333, 0-3444-6444",0-3444-0373,www.dodbiotech.com
DOHOME,?????? ????? ????? (?????),SET,??????,???????,?????? 88/111 ??????? 3 ?????????? ?????????????????? ????????,12000,-,-,https://www.dohome.co.th/
DPAINT,?????? ???????? ????? (?????),mai,??????????????????????????,-,55 ????????????????? ???????????????? ???????????? ??????????? ?????????????,10310,0-2247-2820-9,0-2247-1676,www.deltapaint.co.th
DREIT,????????????????????????????????????????????????????????????,SET,??????????????????????????,??????????????????????????????????????????????????????????????????,?????? 319 ??????????????????? ???? 29 ???????? ??????????? ?????????? ?????????????,10330,0-2200-9999 Ext. 3681-4,0-2636-3545,www.dtcreit.com
DRT,?????? ???????????????? ????? (?????),SET,??????????????????????????,?????????????,69-70 ???? 1 ?????????? ??. 115 ???????????? ?????????? ???????,18000,0-3622-4171-8,0-3622-4185-7,www.dbp.co.th
DTCENT,?????? ??.??.??. ?????????????? ????? (?????),SET,?????????,??????????????????????????????,63 ??????????? 68 ??????????? ?????????????? ???????? ?????????????,10260,1176,0-2744-7667,https://www.dtc.co.th
DTCI,?????? ??.??.??.???????????? ????? (?????),SET,??????????????????,????????????????????????????,176 ????????????????? ??????????? 64 ?????????? ?????????? ?????????????,10260,0-2311-1371-6,"0-2331-5615, 0-2311-7796",www.lancerth.com
DUSIT,?????? ????????? ????? (?????),SET,??????,?????????????????????????,?????? 319 ??????????????????? ???? 29 ???????? ??????????? ?????????? ?????????????,10330,0-2200-9999,-,http://www.dusit.com
DV8,?????? ????8 ????? (?????),mai,??????,-,15 ??????????? 56 ??????????? ?????????? ?????????????,10250,0-2321-6999,0-2321-1789,www.dv8.co.th
EA,?????? ???????????????? ????? (?????),SET,????????,?????????????????????,???? 16 ??????????? ???????? ????????? ?????? 89 ????????????? ????????? ?????????????,10400,"0-2248-2488-92, 0-2002-3667-9",0-2248-2493,http://www.energyabsolute.co.th
EASON,?????? ?????? ????? ?? ????? (?????),SET,????????????????,???????,7/1-2 ???? 1 ?????????? ??????????? ??????,20160,0-3845-1833,0-3845-1825,www.easonplc.com
EAST,?????? ?????????????????????? ????? (?????),SET,?????????????,????????????????????,976/1 ?????????????????? 9 ???????????????? ??????????? ??????????? ?????????????,10310,0-2641-5252,0-2641-5994-5,www.eastautocash.com
EASTW,?????? ???????????????????????????????????? ????? (?????),SET,????????,?????????????????????,"????????????????? ???? 23-26, 1 ???????????????? 5 ???????????????? ????????? ?????????? ?????????????",10900,0-2272-1600,0-2272-1601,http://www.eastwater.com
ECF,?????? ???????????????????? ????? (?????),mai,??????????????????,-,37/9 ???? 10 ?????????? - ???? ????????????? ????????? ?????,21110,"0-3867-1361, 0-3888-6372-4",0-3888-6375,www.eastcoast.co.th
EFORL,?????? ?? ???? ??? ??? ????? (?????),mai,??????????????????,-,?????? 432 ?????????? ????????????? ?????????? ?????????????,10700,0-2883-0871-9,-,www.eforl-aim.com
EGATIF,????????????????????????? ??????????????????? ?????? 1 ?????????????????????????????,SET,????????,?????????????????????,1 ????????????????????? ???? 32 ?????????? ??????????? ??????? ?????????????,10120,0-2686-6100,0-2670-0430,www.ktam.co.th
EGCO,?????? ????????? ????? (?????),SET,????????,?????????????????????,"???????????, 222 ???? 5 ???????????????? ??????????????? ?????????? ?????????????",10210,"0-2998-5000, 0-2998-5999",0-2955-0956-9,http://www.egco.com
EKH,?????? ?????????????? ????? (?????),SET,??????,????????,?????? 99/9 ??????? 4 ????????? ?????????? ??????????????????? ?????????,74000,0-3441-7999 or 1715,0-3441-7903,www.ekachaihospital.com
EMC,?????? ???????? ????? (?????),SET,??????????????????????????,?????????????????????,140/66 ???????????? ???????? ???? 28 ??????? ????????????? ????????? ?????????????,10500,0-2615-6100,0-2615-6128,www.emc.co.th
EMPIRE,?????? ???????? ?????? ??????? ????? (?????),mai,??????????????????????????,-,?????? 89 ????? ?????? ???????? ????????? ???? 9 ???? 901 ????????????? ?????????? ????????? ?????????????,10400,0-2248-1948,0-2248-1949,https://www.orgempire.com
EP,?????? ????????? ???????? ????? ????? (?????),SET,????????,?????????????????????,"?????? 51/29, 51/61 ????????????????66 (???????????) ?????????????? ?????????? ?????????????",10210,0-2551-0541-4,"0-2552-0905, 0-2551-0532",http://www.epco.co.th
EPG,?????? ?????????????????? ????? ????? (?????),SET,??????????????????????????,?????????????,770 ???? 6 ???????????? ?????????? ???????????,10270,0-2383-6599,0-2383-6532,www.epg.co.th
ERW,?????? ?? ??????? ????? ????? (?????),SET,??????,?????????????????????????,"????????????? ????????? ???? 6, 2 ??????????? ??????????? ?????????? ?????????????",10110,0-2257-4588,0-2257-4577,http://www.theerawan.com
ESTAR,?????? ????????? ????? ????? ?????? ????? (?????),SET,??????????????????????????,????????????????????,"????????????????????? ???? 5, 898 ??????????? ??????????? ?????????? ?????????????",10330,0-2263-1010,0-2263-1009,www.estarpcl.com
ETC,?????? ?????? ???? ????????????? ????? (?????),SET,????????,?????????????????????,"88, 88/1 ??????? 1 ???????????? ???????????? ???????",18110,0-3620-0294,0-3620-0295,http://www.etcenvi.com
ETE,?????? ????? ???????? ?????????????? ????? (?????),mai,??????,-,88 ????????????? ???????????? ?????????? ?????????????,10240,0-2158-2000,-,www.eastern-groups.com
ETL,?????? ?????????? ?????? ?????????? ????? (?????),SET,??????,??????????????????,88/8 ???? 4 ???????? ????????????? ?????????? ?????????????,10120,0-2123-1727,-,www.etl.co.th
EURO,?????? ???? ??????????? ????? (?????),mai,??????????????????,-,1050 ???????? 66/1 ??????????? ?????????????? ?????????? ?????????????,10260,0-2744-9624,0-2744-9624,www.eurocreations.co.th
EVER,?????? ???????????? ????? (?????),SET,??????????????????????????,????????????????????,?????? 223/96 ????? ??????? ???????? ???? 21 ??????????? ????????? ???????? ?????????????,10260,0-2361-6156-60,0-2720-7598-9,www.everland.co.th
F&D,?????? ???????????????? ????? (?????),SET,???????????????????????,???????????????????,?????? 183 ????????????? ?????? ??????? 15 ?????????? ??????????? ?????????? ?????????????,10330,0-2253-5232-33,-,www.foodanddrinks.co.th
FANCY,?????? ????????? ?????????? ????? (?????),SET,??????????????????,????????????????????????????,???.??????????????????? ???? 2 ?????? 22 ?????????????????? 23 ?????????????????? ???????????? ??????????? ?????????????,10230,"0-2578-2823 , 0-2578-2824",0-2578-2522,http://www.fancywood.th.com
FE,?????? ????????? ??????? ?????? ????? (?????),SET,??????,????????????????,465/1-467 ???????????? ????????????? ?????????? ?????????????,10400,0-2354-3333,0-2644-9550-2,www.fareastfamelineddb.com
FLOYD,?????? ?????? ????? (?????),mai,??????????????????????????,-,?????? 31/4 ??????? 2 ???????????????? ?????????????? ????????????? ???????????? ???????,11140,"0-2191-6258, 0-2191-6260",0-2191-6262,www.floyd.co.th
FM,?????? ???????????? ????? (?????),SET,???????????????????????,???????????????????,48 ??????? 8 ?????????????? 4 ?????????????? ???????????? ??????,73220,0-2814-3480-9,0-2429-2811,https://www.foodmoments.co.th/
FMT,?????? ???? ??????? ??????????? ????? (?????),SET,????????????????,?????????????????????????????,183 ??????????????????? ???? 14 ???????????? ??????????? ?????????? ?????????????,10330,0-2256-0641-50,0-2256-0651-2,www.fmt.co.th
FN,?????? ??????? ???????? ????????? ????? (?????),SET,??????,???????,?????? 991 ????? ??????? ??????? ????????? 9 ??????????? ?????????? ?????????????,10250,0-2300-4951,0-2300-4681,www.fnoutlet.com
FNS,?????? ?????????? ????????? ????? (?????),SET,?????????????,????????????????????,?????? 345 ????? 345 ??????? ???????? 6 ?????????? ????????????? ????????? ?????????????,10500,0-2697-3700,0-2697-3779,www.fnsplc.com
FORTH,?????? ????? ???????????? ????? (?????),SET,?????????,??????????????????????????????,?????? 1053/1 ??????????? ????????? ???????? ?????????????,10400,"0-2265-6700, 0-2271-2888","0-2265-6799, 0-2279-4888",http://www.forth.co.th
FPI,?????? ??????? ????? ?????????? ????? (?????),mai,????????????????,-,11/22 ???? 20 ???????????? ??????????? ???????????? ????????,12150,0-2993-4970-7,0-2993-4978-9,http://www.fpiautoparts.com
FPT,?????? ????????? ????????????? (?????????) ????? (?????),SET,??????????????????????????,????????????????????,?????? 944 ????????? ?????? ???????? ??????? 22-23 ????????? 4 ??????????? ?????????? ?????????????,10330,0-2483-0000,0-2078-1970,https://www.frasersproperty.co.th
FSMART,?????? ????? ?????? ???????? ????? (?????),mai,??????,-,256 ??????????? ???????????? ???????? ?????????????,10400,0-2278-1777,0-2279-7195,www.boonterm.com
FSX,?????? ????????? ????? ????? (?????),SET,?????????????,????????????????????,999/9 ????? ?? ????????? ??? ?????????????? ???? 18 ????????? 1 ??????????? ?????????? ?????????????,10330,0-2658-9500,0-2658-9149,https://www.finansiax.com
FTE,?????? ?????????????????????? ????? (?????),SET,????????????????,?????????????????????????????,?????? 1198/5 ????????? 9 ???????????? ?????????? ?????????????,10250,0-2026-0470-92,0-2026-0499,www.firetrade.co.th
FTI,?????? ????????? ????????????????? ????? (?????),SET,??????????????????,????????????????????????????,?????? 313 ????????????? ?????????? ???????????? ?????????????,10510,0-2540-6263,0-2907-4100,www.functioninter.co.th
FTREIT,????????????????????????????????????????????????????????????????????????????????? ????????? ?????????????,SET,??????????????????????????,??????????????????????????????????????????????????????????????????,?????? 944 ????????? ?????? ???????? ??????? 22-23 ????????? 4 ??????????? ?????????? ?????????????,10330,0-2483-0000,0-2483-0592,www.ftreit.co.th
FUTURERT,?????????????????????????????????????????????????????????????,SET,??????????????????????????,??????????????????????????????????????????????????????????????????,?????? 175 ?????????????????????? ???? 7 ???? 21 ??? ???? 26 ?????????? ?????????????? ??????? ?????????????,10120,0-2674-6488,-,https://www.bblam.co.th/
FVC,?????? ???????? ?????? ????? (?????),mai,??????,-,95 ???????????? 117 ???????????? ??????????? ?????????? ?????????????,10510,0-2518-2722,0-2518-2723,http://www.filtervision.co.th
GABLE,?????? ???????? ????? (?????),SET,?????????,??????????????????????????????,127/30 ????????????? ??????? 25 ???????? ????????????? ?????????? ?????????????,10120,0-2781-9000,0-2681-0425,www.g-able.com
GAHREIT,???????????????????????????????????? ?????? ????????????,SET,??????????????????????????,??????????????????????????????????????????????????????????????????,"989 ????????????????????????? ???? 9, 24 ????????? 1 ??????????? ?????????? ?????????????",10330,0-2659-8888,0-2659-8860,www.one-asset.com
GBX,?????? ???????? ??????? ???????????? ????? (?????),SET,?????????????,????????????????????,"????? ???????? ??????????? ???? ???? 12, 87/2 ???????? ??????????? ?????????? ?????????????",10330,0-2672-5999,0-2687-7009,https://holding.globlex.co.th
GC,?????? ?????? ????????????? ????? (?????),SET,????????????????,?????????????????????,13/1 ???? 2 ??????????? ???????????? ??????????? ???????????,10540,"0-2763-7921, 0-2763-7999, 0-2763-7923-42","0-2763-7950, 0-2312-4880-1",www.gc.co.th
GCAP,?????? ?? ???????? ????? (?????),mai,?????????????,-,9/9 ????? ??????? ???? 19 ?????????? ??????????? ??????? ?????????????,10120,0-2651-9995,0-2651-9553,www.gcapital.co.th
GEL,?????? ????????? ????????????? ????? (?????),SET,??????????????????????????,?????????????,44/2 ???? 2 ??????????? ???????????? ?????????? ????????,12000,"0-2501-1055, 0-2501-2462-7, 0-2501-2020","0-2501-2134, 0-2501-2468",www.gel.co.th
GENCO,??????????????????????????????????????????????? ?????(?????),SET,??????,??????????????,447 ????????????? ?????????? ????????????? ???????,11120,0-2502-0900,0-2502-0999,http://www.genco.co.th
GFC,?????? ??????? ??????????? ????????? ????? (?????),mai,??????,-,?????? 2292 ????????? 9 ???????????? ?????????? ?????????????,10250,0-2108-6413-4,-,https://www.genesisfertilitycenter.co.th
GFPT,?????? ????????? ????? (?????),SET,???????????????????????,??????????????,312 ????????? 2 ????????? ????????? ?????????????,10150,0-2473-8000,"0-2473-8392, 0-2473-8384",www.gfpt.co.th
GGC,?????? ????????????????? ????? (?????),SET,????????????????,?????????????????????,?????? 555/1 ?????????????????????????? ??????? ???? 4 ???????????????? ??????????? ?????????? ?????????????,10900,0-2558-7300,0-2558-7301,http://www.ggcplc.com
GJS,?????? ?? ?? ???? ????? (?????),SET,????????????????,????? ??? ?????????????,?????? 88 ????? ???????? ???? 24 ??????? ????????????? ????????? ?????????????,10500,0-2267-8222,0-2267-9048,www.gjsteel.co.th
GLAND,?????? ?????? ????? ????? ????? (?????),SET,??????????????????????????,????????????????????,?????? 161 ????????? 9 ???????????? ??????????? ?????????????,10310,0-2246-2323,0-2247-1082,http://www.grandcanalland.com
GLOBAL,?????? ???????????????? ????? (?????),SET,??????,???????,232 ??????? 19 ???????????? ?????????????????? ????????,45000,0-4361-9850-99,0-4351-9777,www.globalhouse.co.th
GLORY,?????? ??????????????? ????? (?????),mai,??????,-,?????? 20 ??????? 6 ?????????????????? ?????????? ????????? ?????????,74000,0-9876-5430-0,-,https://www.glory.in.th
GPI,?????? ??????????? ????????????????? ????? (?????),SET,??????,????????????????,4/299 ??????? 5 ????????????? 66 ????????????? ?????????????? ????????? ?????????????,10220,0-2522-1731-8,0-2971-6462,www.grandprix.co.th
GPSC,?????? ?????? ???????? ??????????? ????? (?????),SET,????????,?????????????????????,555/2 ?????????????????????????? ??????? ???? 5 ???????????????? ??????????? ?????????? ?????????????,10900,0-2140-4600,0-2140-4601,http://www.gpscgroup.com
GRAMMY,?????? ?????????? ??????? ????? (?????),SET,??????,????????????????,"??????????????? ??????? ????, 50 ??????????? 21 (????) ???????????????? ???????? ?????????????",10110,0-2669-9000,0-2669-9009,www.gmmgrammy.com
GRAND,?????? ?????? ?????? ??????? ????? ???????????? ?????(?????),SET,??????,?????????????????????????,?????? 388 ???????????? ???????? ???? 32 ?????????? 3203-4 ??????????? ??????????? ?????????? ?????????????,10110,0-2204-9900,0-2204-9996-9,http://www.grandeasset.com
GREEN,?????? ???? ?????????? ????? (?????),SET,????????,?????????????????????,405 ????????????? ??? 13 ?????????? ????????????? ???????,11120,0-2504-5237-39,-,www.greenresources.co.th
GROREIT,???????????????????????????????????? ?????? ????? ????? ???????????? ????????????????????????,SET,??????????????????????????,??????????????????????????????????????????????????????????????????,"989 ????????????????????????? ???? 9,24 ????????? 1 ??????????? ?????????? ?????????????",10330,0-2659-8888,0-2659-8860,www.one-asset.com
GSTEEL,?????? ?? ???? ????? (?????),SET,????????????????,????? ??? ?????????????,?????? 88 ????? ???????? ???? 18 ??????? ????????????? ????????? ?????????????,10500,0-2634-2222,0-2634-4114,www.gsteel.com
GTB,?????? ??????? ????? (?????),mai,????????????????,-,335/7 ?????????????? ??????????? ????????? ?????????????,10250,0-2366-0400,0-2366-0399,http://www.getabecboiler.com
GTV,?????? ??????? ????????? ????? (?????),mai,????????,-,?????? 944 ?????????????? ?????? ???????? ??????? 26 ?????????? ??? 26059 ????????? 4 ??????????? ?????????? ?????????????,10330,0-2026-8955,0-2677-7152,http://www.greentechventures.co.th
GULF,?????? ????? ????????????? ????? (?????),SET,????????,?????????????????????,87 ???????????? ???????? ????????? ???? ???? 11 ???????? ??????????? ?????????? ?????????????,10330,0-2080-4499,0-2080-4455,www.gulf.co.th
GUNKUL,?????? ???????????????????? ????? (?????),SET,????????,?????????????????????,?????? 548 ????? ??? ????? ????????? (??????) ??????? 44 ??????????? ??????????? ?????????? ?????????????,10330,-,-,http://www.gunkul.com
GVREIT,???????????????????????????????????????????????????????????????,SET,??????????????????????????,??????????????????????????????????????????????????????????????????,?????? 944 ????????? ?????? ???????? ???? 22 ???????????? ??????????? ?????????? ?????????????,10330,0-2483-0000,-,www.gvreit.com
GYT,?????? ??????????(?????????) ????? (?????),SET,????????????????,???????,50/9 ??????? 3 ??????????? ??. 36 ????????????? ????????????? ????????,12120,0-2909-8080,0-2909-8068,www.goodyear.co.th
HANA,?????? ???? ?????????????????? ????? (?????),SET,?????????,??????????????????????,?????? 65/98 ??????????-?????? 64 ??? 2 ?????????????? ?????????? ?????????????,10210,"0-2551-1297, 0-2521-4935-9","0-2551-1299 , 0-2552-4906",www.hanagroup.com
HANN,?????? ?????????????????????????????????? ????? (?????),mai,??????,-,?????? 87 ????/???? ??????????? ?????/??? ????????????? ????????,49000,0-4261-1222 Ext.140,-,https://mukinter.com/
HARN,?????? ??? ?????????????? ?????????? ????? (?????),mai,????????????????,-,?????? 559 ????????????? 4 ????????? 9 ??????????? ??????????? ?????????????,10310,0-2318-9744,0-2318-9744 Ext. 4000,www.harn.co.th
HEALTH,?????? ????? ???????? ???????????? ????? (?????),mai,??????,-,"???????????? ???????? ?????? 9 - ????????, ???? 20 ?????????? OFFICE 2 ?????? 51 ??????????? ??????????? ?????????? ?????????????",10240,0-2514-5000,-,https://www.healthempire.co.th/
HENG,?????? ?????????? ????? ???????? ????? (?????),SET,?????????????,????????????????????,69 ??????? 7 ??????????????? ???????????? ?????????,50210,1361 ???? 0-2153-9587,0-5335-0490,https://www.hengleasing.com/
HFT,?????? ?????? ???????? (????????) ????? (?????),SET,????????????????,???????,317 ??? 6C ???? 4 ??????????????????? ?????????? ????????????????????? ???????????,10280,0-2709-6580,"0-2324-0483-4, 0-2709-6589",www.duro.co.th
HL,?????? ???????? ????? (?????),mai,??????,-,?????? 99/4 ??????? 10 ??????????? ???????????? ???????,11140,0-2118-0884,-,www.healthleadgroup.com
HMPRO,?????? ??? ???????? ????????? ????? (?????),SET,??????,???????,31 ??????????????????? ?????????? ????????????????? ???????,11000,0-2832-1000,0-2832-1400,www.homepro.co.th
HPF,?????????????????????????????????????????????????????????,SET,??????????????????????????,??????????????????????????????????????????????????????????????????,?????? 195 ???????? ??????? ???????? 4 ???? 16-17 ???????? ??????????? ?????????? ?????????????,10330,0-2649-2000,0-2649-2100,www.mfcfund.com
HPT,?????? ??? ????????? ????? (?????),mai,??????????????????,-,?????? 119 ??????? 15 ????????-??? ?????????? ??????????? ?????,52170,0-5432-5180,-,www.homepottery.com
HTC,?????? ???????? ????? (?????),SET,???????????????????????,???????????????????,36/6 ??????????? 21 (?????) ??? 5 ??????????? ????????????? ?????????????,10310,0-2391-4488,0-2392-9985,http://www.haadthip.com
HTECH,?????? ????????? ?????????? ????? (?????),SET,????????????????,?????????????????????????????,41 ???? 14 ???????????????????? ??? 6 ?????????? ??????????? ?????????? ?????????????,10510,0-2906-3259-60,0-2906-3261,www.halcyon.co.th
HUMAN,?????? ?????????? ????? (?????),SET,?????????,??????????????????????????????,?????? 2 ??????????? 5 ??????????? ???????????? ?????????? ?????????????,10330,0-2636-6999,0-2092-9202,www.humanica.com
HYDRO,?????? ????????? ????? (?????),mai,??????????????????????????,-,?????? 1 ????? ???? ????? ?? ???? 14 ???????????????? 19 ??????????? ?????????? ?????????????,10900,0-2936-1661-2,0-2936-1669,www.hydrotek.co.th
HYDROGEN,???????????????????????????????????????????????????????????,SET,??????????????????????????,??????????????????????????????????????????????????????????????????,?????? 989 ????????? 3 ????????????? ?????????? ?????????????,10120,0-2294-9999 Ext. 1542,-,www.hydrogenreit.com
I2,?????? ?? ?? ?????????????? ????? (?????),mai,?????????,-,?????? 104 ??????????? 6 ??????????? ???????????? ??????????? ?????????????,10230,0-2044-0134-5,0-2044-0134-5 Ext. 444,www.i2enterprise.com
ICC,?????? ??.??.??. ????????????????? ????? (?????),SET,??????,???????,530 ??????????????? 58 ????????????? ?????????? ?????????????,10120,"0-2293-9000, 0-2293-9300",0-2294-3024,http://www.icc.co.th
ICHI,?????? ??????? ????? ????? (?????),SET,???????????????????????,???????????????????,?????? 8 ?????????? ???? 42-44 ??????????? 40 ??????????? ?????????? ?????????????,10110,0-2023-1111,0-2020-3999,www.ichitangroup.com
ICN,?????? ????????????? ????? ?????????????? ??????????? ????? (?????),SET,?????????,??????????????????????????????,393 ????? ??.??.?? ???? 5 ?.???????????? ???????????? ??????????? ?????????????,10230,0-2553-0755-6,0-2553-0757,https://www.icn.co.th
IDG,?????? ??????? ????? (?????),mai,?????????,-,?????? 3 ????????/????? ??????????? 3 ???? 11 ???? 1105-1110 ????/??? ???????? 3 ????/????????? ?????/?????????? ?????????????,10900,0-2072-1900,-,www.indigy.com
IFS,?????? ???????? ???????? (?????????) ????? (?????),SET,?????????????,????????????????????,?????? 1168/55 ???? 20 ???????????????????? ????????? 4 ?????????????? ??????? ?????????????,10120,0-2285-6326-32,"0-2285-6335, 0-2679-9159",http://www.ifscapthai.com
IHL,?????? ???????????? ????? (?????),SET,????????????????,???????,678 ?????.??.??. ??????????? ????????????? ?????????? ???????????,10280,0-2028-9728-37,0-2028-9738-39,http://www.interhides.com
IIG,?????? ????????? ????? ????? (?????),mai,?????????,-,475 ?????????????? ????? ?????? 1801 ??????? 18 ???????????? ???????????? ?????????? ?????????????,10400,0-2248-3746,0-2248-3747,www.ii.co.th
III,?????? ???????? ?? ?????????? ????? (?????),SET,??????,??????????????????,628 ???? 3 ????????????? ?? ????????? ???????? ????????????? ?????????? ?????????????,10120,0-2681-8700,0-2681-8701,http://www.iii-logistics.com
ILINK,?????? ?????????????? ?????????????? ????? (?????),SET,?????????,??????????????????????????????,48 ??????????????????? ?.????????? ????????????? ????????????? ??????????? ?????????????,10310,0-2666-1111,0-2666-1193,http://www.interlink.co.th
ILM,?????? ????????? ???????????? ????? (?????),SET,??????,???????,?????? 147 ???????????? 2 ??? 50 ?.????????? 2 ????????? ?????????????? ?????????????,10150,0-2898-6420-5,0-2898-6940,www.indexlivingmall.com
IMH,?????? ???????????????????????? ???? ????? ???? ????? (?????),mai,??????,-,442 ????????? ?????????? ???????????? ?????????????,10160,0-2865-0044-49,0-2410-4284,www.imhhospital.com
IMPACT,???????????????????????????????????????????????,SET,??????????????????????????,??????????????????????????????????????????????????????????????????,?????? 47/569-576 ??????? 3 ???? 10 ?????????????????????? ????????? ???????????? 3 ???????????? ????????????? ???????,11120,0-2833-4455,0-2833-4456,www.impactgrowthreit.com
IND,?????? ????????? ????????????????? ????? ????? (?????),mai,??????????????????????????,-,?????? 1/814 ???? 17 ???????? ??????????? ???????? ???????????? ????????,12130,0-2532-3623,0-2532-3566,www.index.co.th
INET,?????? ????????????????????? ????? (?????),SET,?????????,??????????????????????????????,"?????????????? ???????? ???? 10-12 ??????? IT, 1768 ?????????????????? ??????????? ??????????? ?????????????",10310,0-2257-7000,0-2257-7222,www.inet.co.th
INETREIT,????????????????????????????????????????????????????????????????????????,SET,??????????????????????????,??????????????????????????????????????????????????????????????????,1768 ?????????????? ???????? ??????? 24 ?????????????????? ??????????? ??????????? ?????????????,10310,0-2257-7000,0-2257-1379,www.inetreit.com
INGRS,?????? ??????? ???????????? (????????) ????? (?????),SET,????????????????,???????,?????? 9/141 ???? 14 ??????????? ???????? ????? A1 ??????????? ??????????? ?????????? ?????????????,10250,0-2719-9644-46,0-2719-9647,http://www.ingress.co.th
INOX,?????? ?????-????????? ????? (?????),SET,????????????????,????? ??? ?????????????,622 ???????????????????????? ???? 15/6-8 ??????????? ??????????? ?????????? ?????????????,10110,0-2494-3130-49,0-2494-3178-9,www.poscothainox.com
INSET,?????? ????????? ????? (?????),SET,?????????,??????????????????????????????,?????? 165/37-39 ???????????? ?????????????? ????????? ?????????????,10220,0-2092-7444,0-2092-7448,www.infraset.co.th
INSURE,?????? ?????????????? ????? (?????),SET,?????????????,???????????????????????,?????? 315 ????????????? ???? 3-4 ??????? ???????? ????????? ?????????????,10500,0-2631-1314,-,https:www.indara.co.th
IP,?????? ???????? ?????? ????? (?????),SET,??????????????????,????????????????????????,?????? 140/9 ???????????? ???????? ???? 9 ??????? ????????????? ?????? ?????????????,10500,0-2634-0225,0-2634-0135,www.interpharma.co.th
IRC,?????? ?????? ???????? (?????????) ????? (?????),SET,????????????????,???????,258 ?????????-??????? 49 ???????????????? ???????????? ????????,12130,0-2996-0890-7 (23 Lines),"0-2996-1439, 0-2996-0294",www.ircthailand.com
IRCP,?????? ????????????????? ??????? ???????????? ????? (?????),mai,?????????,-,?????? 1152 ???????? ??????? 16 ?????????? 1605-1608 ???????????? 4 ??????????? ?????????? ?????????????,10110,0-2171-8601,0-2171-8602,www.ircp.co.th
IROYAL,?????? ????????????? ?????????????? ????? (?????),mai,??????,-,?????? 171 ??????????????? ??????????? ?????????? ?????????????,10700,0-2433-2777,0-2433-6445,https://www.interroyalengineering.com
IRPC,?????? ?????????? ????? (?????),SET,????????,?????????????????????,?????? 555/2 ?????????????????????????? ????? ?? ???? 6 ???????????????? ??????????? ?????????? ?????????????,10900,0-2765-7000,0-2765-7001,https://www.irpc.co.th
ISSARA,??????????????????????????????????????????,SET,??????????????????????????,??????????????????????????????????????????????????????????????????,?????? 2922/198 ?????????????????????? 2 ???? 10 ?????????????????? ??????????? ?????????????,10310,0-2308-2022,-,-
IT,?????? ???? ????? ????? (?????),SET,??????,???????,"555 ??????????????????????????????????????????? ???? B2,5 ??????????? ???????????? ?????????? ?????????????",10400,0-2656-5030-39,-,www.itcity.co.th
ITC,?????? ??-??? ???????????? ????? (?????),SET,???????????????????????,???????????????????,?????? 979-92/94 ???? 29 ???????????????????? ??????????? ????????? ???????? ?????????????,10400,"0-2298-0029,0-2298-0433-9",0-2298-0442,www.i-tail.com
ITD,?????? ???????????? ????????????? ????? (?????),SET,??????????????????????????,?????????????????????,"????????????? ????????, 2034/132-161 ?????????????????? ??????????? ??????????? ?????????????",10320,0-2716-1600,0-2716-1488,http://www.itd.co.th
ITEL,?????? ?????????????? ??????? ????? (?????),SET,?????????,??????????????????????????????,?????? 48/66 ???????????? ????????????? ????????????? ??????????? ?????????????,10310,0-2666-2222,0-2666-2299,www.interlinktelecom.co.th
ITNS,?????? ????????????????? ?????????? ??????? ????? (?????),mai,?????????,-,?????? 3300/106-107 ??????? ????? ?? ??????? 20 ??????????? ????????? ?????????? ?????????????,10900,0-2513-7637,0-2513-7686,https://www.itns.co.th
ITTHI,?????? ?????????? ???? ???????????? ????? (?????),mai,??????????????????,-,?????? 89/18-19 ??????? 5 ?.?????????????? ?.?????????????? ?????????,74000,"0-3487-2577,0-3444-6258,0-3444-6265","0-3487-2566,0-3444-6267",www.itthi.co.th
IVF,?????? ???????? ??????? ????? (?????),mai,??????,-,"?????? 2 ???? 5 ????????????? ?????????, ?????????? 05-10B ??????????? 2, ??????? ?????????????",10110,0-2251-8666,-,www.inspireivf.com
IVL,?????? ????????? ????????? ????? (?????),SET,????????????????,?????????????????????,75/102 ????????????????????? 2 ???? 37 ??????????? 19 ??????? ???????????????? ???????? ?????????????,10110,0-2661-6661,0-2661-6664-5,www.indoramaventures.com
J,?????? ??????? ??????? ????? (?????),SET,??????????????????????????,????????????????????,?????? 87 ????????? ??? ????????? ?????????? ??315 ???? 3 ????????????? ?????????????? ????????? ?????????????,10220,0-2012-1277,-,http://www.jasasset.co.th
JAK,?????? ????????? ?????? ????? (?????),mai,??????????????????????????,-,153/3 ???? 6 ?.?????? ?.????????????? ????????,12000,0-2157-1958,0-2157-1959,www.jak.co.th
JAS,?????? ?????? ????????????????? ????? (?????),SET,?????????,??????????????????????????????,"???????????????????????????? ???? 29-30, 200 ???? 4 ???????????? ???????????? ????????????? ???????",11120,0-2100-3000,0-2100-3150-2,http://www.jasmine.com
JCK,?????? ?????? ????????????????? ????? (?????),SET,??????????????????????????,????????????????????,?????? 18 ??????? 11 ??? 9 ???????????? ??????????? ??????? ?????????????,10120,"0-2676-4031-6, 0-2676-3836-9",0-2676-4038-9,www.jck.international
JCT,?????? ?????????????????? (???) ????? (?????),SET,??????????????????,????????????????????????,?????? 114/1 ??????????? 31 ???????????? ???????????? ?????????????,10520,0-2012-0012,"0-2021-0709, 0-2021-0719",www.Jackchia.co.th
JDF,?????? ???????? ????? (?????),SET,???????????????????????,???????????????????,"116, 116/1, 116/2 ??????? 3 ????????????? ???????????????????? ?????????",74000,"0-3444-0681, 0-3444-0682",0-3444-0683,www.jdfthailand.com
JMART,?????? ??????? ????? ????????? ????? (?????),SET,?????????,??????????????????????????????,"?????? 187, 189 ???????????? ??????????? ??????????????? ??????????? ?????????????",10240,0-2308-9000,0-2308-8001,http://www.jaymart.co.th
JMT,?????? ?? ???? ?? ?????????? ???????????? ????? (?????),SET,?????????????,????????????????????,?????? 187 ???????????? ???? 4-6 ??????????? ??????????????? ??????????? ?????????????,10240,0-2308-9999,0-2308-9900,http://www.jmtnetwork.co.th
JPARK,?????? ?????????? ????? (?????),mai,??????,-,944 ?????????????? ?????????????? ???? 1707-1708 ???? 17 ????????? 4 ??????????? ?????????? ?????????????,10330,0-2114-8222,-,https://jpark.co
JR,?????? ??.????.??????????. ????????? ????? (?????),SET,??????????????????????????,?????????????????????,32/288-290 ??????? 8 ???????????? ??????????? ????????? ?????????????,10230,0-2509-7000-2,0-2945-7381,www.jrw.co.th
JSP,?????? ????????????????????? ??????? (?????????) ????? (?????),mai,??????????????????,-,"255,257 ??????????????? 58 ????????????? ?????????? ?????????????",10120,0-2284-1218,0-2294-0705,www.jsppharma.com
JTS,?????? ?????? ????????? ???????? ????? (?????),SET,?????????,??????????????????????????????,"???????????????????????????????????? ???? 9, 200 ???? 4 ???????????? ???????????? ????????????? ???????",11120,0-2100-8300,0-2962-2523,http://www.jts.co.th
JUBILE,?????? ???????? ?????????????? ????? (?????),mai,??????????????????,-,?????? 179 ???????????????? ???????? ???? 10 ?????????? ?????????????? ??????? ?????????????,10120,0-2625-1188,0-2625-1100,www.jubileediamond.co.th
K,?????? ???????? ??.????.??.??. ????? (?????),mai,??????????????????????????,-,9/19 ??????? 7 ?????????????? ???????????? ????????,12150,0-2052-8008,0-2091-6930,http://www.kingsmen-cmti.com
KAMART,?????? ????????? ????? (?????),SET,??????,???????,81-81/1 ??????????? 54 ??? 3 ??????????? ???????????? ?????????????,10160,0-2805-2756-60,0-2805-2751-52,www.karmarts.co.th
KASET,?????? ????? ????? (?????),mai,???????????????????????,-,?????? 140 ???? 5 ????????????? ???????????? ??????,73210,0-2482-1661-6,0-3428-8415,www.kasetbrand.co.th
KBANK,?????????????? ????? (?????),SET,?????????????,??????,?????? 400/22 ??????????? ???????????? ???????? ?????????????,10400,0-2222-0000,0-2470-1144,www.kasikornbank.com
KBS,?????? ???????????? ????? (?????),SET,???????????????????????,???????????????????,?????? 5 ??????????? 57 ???????????????? ???????? ?????????????,10110,0-2725-4888,0-2617-6170,http://www.kbs.co.th
KBSPIF,????????????????????????????????? ?????????????????,SET,????????,?????????????????????,?????? 1 ????????????????????? ???? 32 ?????????? ??????????? ??????? ?????????????,10120,0-2686-6100,0-2670-0430,http://www.kbspif.com
KC,?????? ??.??. ????????????? ????? (?????),SET,??????????????????????????,????????????????????,?????? 1500/2 ???? 2 ??????????? 48/1 ??????????? ?????????????? ????????????? ?????????????,10310,0-2276-5924,0-2276-5924,http://www.kcproperty.co.th
KCAR,?????? ????????????????? ????? ??? ????? (?????),SET,?????????????,????????????????????,455/1 ???????????? 3 ??????????? ???????????? ?????????????,10120,0-2291-8888,0-2291-4488,http://www.krungthai.co.th
KCC,?????? ??? ???? ???????? ??????? ????? (?????),mai,?????????????,-,285/1 ?????????????????? ?????????????? ????????????? ?????????????,10310,0-2957-5600,0-2957-5601-2,http://kccholding.co.th/
KCE,?????? ?????? ????????????? ????? (?????),SET,?????????,??????????????????????,?????? 72-72/1-3 ??????????? 31 ???????????? ???????????? ?????????????,10520,0-2326-0196-9,0-2326-0300,www.kcethai.in.th
KCG,?????? ?????? ???????????? ????? (?????),SET,???????????????????????,???????????????????,3059-3059/1-3 ??????????? ?????????? ?????????? ?????????????,10260,0-2332-8040-7,-,www.kcgcorporation.com
KCM,?????? ??.??.????????? ????? (?????),mai,????????????????,-,567 ??????? 2 ?????????????? ?????????? ????????????????? ???????,40000,0-4330-6999,0-4330-6796,www.kcmetalsheet.co.th
KDH,?????? ?????? ???????? ????????? ????? (?????),SET,??????,????????,337 ????????? ?????????? ????????? ?????????????,10600,0-2438-0040-5,0-2438-5642,www.samitivejthonburi.com
KGEN,?????? ??? ??? ????? (?????),mai,??????,-,?????? 194 ?????????? ???????????? ??????????? ?????????????,10230,0-2056-9445,-,www.kinggen.co.th
KGI,???????????????? ?????? (?????????) ????? (?????),SET,?????????????,????????????????????,?????? 195 ??? ??????? ???????? 4 ???? 18-19 ???????? ??????????? ?????????? ?????????????,10330,0-2658-8888,0-2658-8000,http://www.kgieworld.co.th
KIAT,?????? ?????????? ????? ????? (?????),SET,??????,??????????????????,100 ??????? 3 ????????????? ????????????? ???????,11120,0-2501-7330-8,0-2501-7339,www.kiattana.co.th
KISS,?????? ??????? ????????????????? ????? (?????),SET,??????????????????,????????????????????????,"100/8, 100/51-54 ??????????????????? ?? ???? 12,19 ????????? 9 ???????????? ??????????? ?????????????",10310,0-2645-1155,-,http://www.rojukissinternational.com
KJL,?????? ???????? ?????????????? ????????? ????? (?????),mai,????????????????,-,?????? 61 ??? 61/5 ???? 8 ?????????????? ??????????? ?????????? ??????????????? ?????????,74110,0-2808-5000,-,https://www.kjl.co.th
KK,?????? ????????? ????????????? ??????????? ????? (?????),mai,??????,-,?????? 9/9 ??????? 5 ?????????? ???????????? ?????,90110,"0-7420-5288, 0-7420-5242",0-7420-5289,www.kandksuper.com
KKC,?????? ????????????? ????? (?????),SET,????????????????,?????????????????????????????,126 ??????????? 31 ??????????? ???????????? ???????????? ?????????????,10520,"0-2326-0831, 0-2739-4893","0-2326-0837, 0-2739-4892",www.kulthorn.com
KKP,?????????????????????? ????? (?????),SET,?????????????,??????,?????? 209 ??????????? ???????? ??????????? 21 (????) ???????????????? ???????? ?????????????,10110,0-2165-5555,-,https://bank.kkpfg.com/
KLINIQ,?????? ???????????? ????????????? ????? (?????),SET,??????,????????,?????? 9 ??????? ???????? ?????? ?????? 9 ??????? 12 North Wing ????????? 9 ???????????? ??????????? ?????????????,10310,08-8934-0679,-,https://www.theklinique.com
KOOL,?????? ????? ???????? ????? (?????),mai,??????,-,?????? 88/8 ????????????? ?????? ???????????? ???????? ????????? ?????????????,10500,-,-,www.clv.co.th
KPNREIT,????????????????????????????????????????????,SET,??????????????????????????,??????????????????????????????????????????????????????????????????,?????? 63 ??????? 18 ?????????? 1802 ???????????????????? ???????? ??????????? ?????????? ?????????????,10330,0-2625-3166,-,http://www.kpnreit.com
KSL,?????? ????????????? ????? (?????),SET,???????????????????????,???????????????????,"????? ?? ??? ??? ???????? ???? 9, 503 ???????????? ???????????? ?????????? ?????????????",10400,0-2642-6229-39,0-2642-6097,www.kslgroup.com
KTB,????????????? ????? (?????),SET,?????????????,??????,35 ??????????? ???????????????? ???????? ?????????????,10110,0-2255-2222,0-2255-9391-6,https://krungthai.com
KTBSTMR,?????????????????????????????????????????????????????????????????? ??????????? ?????,SET,??????????????????????????,??????????????????????????????????????????????????????????????????,?????? 87/2 ????????????????????? ??????? 52 ??????????????? ???????? ??????????? ?????????? ?????????????,10330,0-2351-1803,-,www.ktbstmr.com
KTC,?????? ??????????? ????? (?????),SET,?????????????,????????????????????,"???????????????? 2 ???? 14, 591 ???????????????? ???????? ?????????????",10110,"0-2123-5000, 0-2123-5100",0-2828-5064,www.ktc.co.th
KTIS,?????? ???????? ????????????????? ?????? ???????????? ????? (?????),SET,???????????????????????,???????????????????,1/1 ??????? 14 ?????????? ?????????? ?????????,-,0-5633-8123-5,0-5633-8126,www.ktisgroup.com
KTMS,?????? ???? ??????? ???????? ????? (?????),mai,??????,-,95 ????????? 117 ???????????? ??????????? ?????????? ?????????????,10510,0-2517-0274,0-2517-0275,www.ktms.co.th
KUMWEL,?????? ?????? ???????????? ????? (?????),mai,????????????????,-,?????? 358 ????????????????????? ???????????? ????????????????? ???????,11140,0-2954-3455,0-2591-7891,www.kumwell.com
KUN,?????? ?????? ??????? ????? (?????),SET,??????????????????????????,????????????????????,?????? 819 ??????? 7 ??????????? ?????????????? ???????,11110,0-2834-4938-40,0-2834-4954,www.kunalai.co.th
KWC,?????? ??????????? ????? (?????),SET,??????,??????????????????,185 ?????????????? ???????????? ?????????????? ?????????????,10140,"0-2427-0963, 0-2427-3374, 0-2871-3191-5",0-2427-0964,http://www.kwc.co.th
KWI,?????? ??????????? ????? (?????),SET,?????????????,???????????????????????,?????? 43 ???????????? ???????? ???? 26 ?????????? ??????????? ??????? ?????????????,10120,0-2129-5999,0-2129-5998,www.kwiasia.com
KWM,?????? ??. ???????. ??????? ?????? ????? (?????),mai,????????????????,-,?????? 259/83 ??????????? 71 ???????????????? ???????? ?????????????,10110,0-2381-4999,0-2381-4998,www.kw-metalwork.com
KYE,?????? ?????????????? ????? (?????),SET,??????????????????,????????????????????????????,?????? 67 ???? 11 ?????????? ??.20 ??????????? ??????????? ???????????,10540,"0-2337-2900-15, 0-2337-2430-8",0-2337-2439-40,http://www.mitsubishi-kye.com
L&E,?????? ???????? ????? ??????????? ????? (?????),SET,??????????????????,????????????????????????????,"?????????????????? ???? 16-17, 539/2 ???????????? ????????? ?????????? ?????????????",10400,0-2248-8133,0-2248-8144,http://www.lighting.co.th
LALIN,?????? ???? ????????????? ????? (?????),SET,??????????????????????????,????????????????????,222/2 ?????????????? ??????????? ?????????? ?????????????,10240,"0-2732-1041-5, 0-2732-3810-9",0-2377-9656,www.lalinproperty.com
LANNA,?????? ??????????????? ????? (?????),SET,????????,?????????????????????,"????????????????? ???? 9, 888/99 ??????????? ??????????? ?????????? ?????????????",10330,0-2253-8080,0-2253-6822,www.lannar.com
LDC,?????? ??????? ??????? ????? (?????),mai,??????,-,?????? 395-395/1 ???????????? ???? 1 ??????? 5 ?????????????? ?????????????? ????????????????????? ???????????,10270,0-2743-8730,0-2758-6258,www.ldcdental.com
LEE,?????? ???????????????? ????? (?????),SET,???????????????????????,??????????????,"??????????????????????? ???? 28, 33/137 ?????????? ????????????? ????????? ?????????????",10500,0-2632-7300,0-2236-7751,www.leepattana.com
LEO,?????? ???? ?????? ?????????? ????? (?????),mai,??????,-,?????? 251-251/1 ???????? ????????? 3 ????????????? ???????????? ?????????????,10120,0-2079-9888,-,www.leogloballogistics.com
LH,?????????????????????? ????? (?????),SET,??????????????????????????,????????????????????,"?????????????? ??????? ???? 37-38, 1 ?????????? ?????????????? ??????? ?????????????",10120,0-2343-8900,0-2230-8130,www.lh.co.th
LHFG,?????? ??? ??? ???????????? ????? ????? (?????),SET,?????????????,??????,?????? 1 ???? 5 ?????????????? ??????? ?????????? ?????????????? ??????? ?????????????,10120,0-2359-0000,0-2677-7223,https://www.lhfg.co.th
LHHOTEL,???????????????????????????????????????????????? ??? ??? ?????,SET,??????????????????????????,??????????????????????????????????????????????????????????????????,?????? 1 ?????????????? ??????? ???? 14 ?????????? ?????????????? ??????? ?????????????,10120,0-2286-3484,0-2286-3585,www.lhfund.co.th
LHK,?????? ??????? ??????? ????? (?????),SET,????????????????,????? ??? ?????????????,?????? 66/1 ??????? 6 ????????????? 76 ????????????? ?????????? ?????????????? ???????????,10130,0-2463-0158,0-2463-7299,www.lohakit.co.th
LHRREIT,??????????????????????????????????????????????????? ????? ????? ?????? ?????????,SET,??????????????????????????,??????????????????????????????????????????????????????????????????,?????? 1 ?????????????? ??????? ???? 14 ?????????? ?????????????? ??????? ?????????????,10120,0-2286-3484,0-2286-3585,-
LHSC,???????????????????????????????????????????????? ??? ??? ???????? ?????????,SET,??????????????????????????,??????????????????????????????????????????????????????????????????,?????? 1 ?????????????? ??????? ???? 14 ?????????? ?????????????? ??????? ?????????????,10120,0-2286-3484,0-2286-3585,www.lhfund.co.th
LIT,?????? ??? ??? ????? (?????),mai,?????????????,-,?????? 1023 ???????????? ???? ???????? ???? 29 ????????? 3 ????????????? ?????????? ?????????????,10120,0-2163-4260,0-2163-4291-4,www.leaseit.co.th
LOXLEY,?????? ?????????? ????? (?????),SET,??????,???????,102 ??? ? ????? ??????????? ?????????? ?????????????,10110,0-2348-8000,0-2348-8001,www.loxley.co.th
LPH,?????? ????????? ???????? ????? (?????),SET,??????,????????,2699 ??????????? ???????????????????? ????????????? ?????????????,10310,"0-2530-2244, 0-2530-2388, 0-2530-2556-69",0-2539-8490,http://www.ladpraohospital.com
LPN,?????? ???.??.????.????????????? ????? (?????),SET,??????????????????????????,????????????????????,"???????????????????? ???? 36, 1168/109 ????????? 4 ?????????????? ??????? ?????????????",10120,"0-2285-5011-6, 0-2800-9009","0-2679-8699, 0-2285-5017",http://www.lpn.co.th
LRH,?????? ??????? ??????? ????? ?????? ????? (?????),SET,??????,?????????????????????????,"?????? 21/9, 21/31 ??? 21/33 ?????????? 1 ??????? 5 ??? 12 ?????????? ?????????????? ??????? ?????????????",10120,0-2677-4455,0-2285-0733,www.lagunaresorts.com
LST,?????? ?????? (?????????) ????? (?????),SET,???????????????????????,???????????????????,64 ????????-???? 25 ????????? ???????? ?????????????,10260,0-2361-8959-70,0-2361-8988-9,www.lamsoon.co.th
LTMH,?????? ???????????? ????? (?????),mai,??????,-,518/5 ??????????????????? ???? 7 ??????????? ??????????? ?????????? ?????????????,10330,0-2255-5868,-,www.ltmh.com
LTS,?????? ??????? ?????? ???????? ????? (?????),mai,??????????????????,-,1252/1 ??????? 5 ??????????? ??????????? ?????????? ?????????????,10250,0-2117-1553-4,-,https://www.lightuptotal.co.th/
LUXF,???????????????????????????????????,SET,??????????????????????????,??????????????????????????????????????????????????????????????????,???? 9 ????? ????????? ?????? ???????? 944 ????????? 4 ??????????? ?????????? ?????????????,10330,0-2838-1800,0-2838-1808,https://www.eastspring.co.th/
M,?????? ?????? ?????????? ????? ????? (?????),SET,???????????????????????,???????????????????,?????? 1200 ?????????? ???????????? ???????? ?????????????,10260,0-2836-1000,0-2836-1099,www.mkrestaurant.com
MADAME,?????? ????? ??????????? ?????? (?????),SET,???????????????????????,???????????????????,?????? 60 ???? 2 ?????????????????? 19 ?????????????????? ???????????? ??????????? ?????????????,10230,0-2712-5487-88,0-2712-5750,www.glocon.co.th
MAGURO,?????? ??????? ????? ????? (?????),mai,???????????????????????,-,"1706/26 ?????????????? ?????? ?????????? 8, 9, 10, 11 ??????? 2 ????????? 6 ???????????? ?????????? ?????????????",10330,09-1923-5539,-,www.maguro.co.th
MAJOR,?????? ??????? ??????????? ????? ????? (?????),SET,??????,????????????????,"1839,1839/1,1839/6 ??????????? ?????????? ?????????? ?????????????",10900,0-2511-5427-36,0-2511-5220,http://www.majorcineplex.com
MALEE,?????? ????????? ????? (?????),SET,???????????????????????,???????????????????,401/1 ??????? 8 ??????????? ???????? ???????????? ????????,12130,0-2080-7899,0-2080-7800,www.maleegroup.com
MANRIN,?????? ?????????????? ????? (?????),SET,??????,?????????????????????????,662 ????????? 4 ?????????????? ????????? ?????????????,10500,"0-2238-0238, 08-3294-3045",0-2237-1620,www.mandarin-bkk.com
MASTEC,?????? ?????? ?????? ????? (?????),SET,????????????????,?????????????????????????????,?????? 74 ????/??? ???????? 48 ??? ???????? ????/???? ???????? ?????/??? ???????? ?????????????,10230,0-2942-1433,0-2942-1320,https://www.massteclink.com/
MASTER,?????? ???????? ????? ????? (?????),SET,??????,????????,99/19 ?????????? ????????? ???????? ?????????????,10300,0-2241-3246,-,https://www.master-plc.com/th/home
MATCH,?????? ???????? ?????????? ???????? ????? (?????),SET,??????,????????????????,379 ??????????????? 19 ??????????????? ????????????? ?????????? ?????????????,10120,0-2669-4200-9,-,http://www.matchinggroup.com
MATI,?????? ????? ????? (?????),SET,??????,????????????????,12 ???????????????????? 1 ?????????????? ?????????? ?????????? ?????????????,10900,0-2589-0020,0-2589-7049,www.matichon.co.th
MBAX,?????? ?????????? ????? (?????),mai,????????????????,-,211 ??????? 3 ????????????? ???????????? ??????,20230,038-491-725-9,038-492-485,www.multibax.com
MBK,?????? ???? ?? ?? ????? (?????),SET,??????????????????????????,????????????????????,"?????????????????????? ???? 8, 444 ???????? ??????????? ?????????? ?????????????",10330,0-2853-9000,0-2853-7000,www.mbkgroup.co.th
MC,?????? ????????? ????? (?????),SET,??????,???????,"448, 450 ?????????? ?????????? ????????? ?????????????",10250,0-2329-1051-6,0-2727-7287,www.mcgroupnet.com
MCA,?????? ???????? ????????????? ?????? ????? (?????),mai,??????,-,?????? 51/859 ???????????? 34 ????????????? ?????????? ?????????????,10230,0-2118-3999,0-2118-2406,www.marketconnectionsasia.com
M-CHAI,?????? ??????????????? ????? (?????),SET,??????,????????,927/43 ? ??????????? 1 ?????????? ?????????? ?????????,74000,0-3442-4990-4,0-3481-0782,http://www.mahachaihospital.com
MCOT,?????? ???? ????? (?????),SET,??????,????????????????,63/1 ????????? 9 ???????????? ??????????? ?????????????,10320,0-2201-6000,0-2245-1435,www.mcot.net
MCS,?????? ????.??.???.???? ????? (?????),SET,????????????????,????? ??? ?????????????,70 ???? 2 ???????????? ??????????? ???????????????,13290,"0-3537-2961-6, 08-9900-1217-8",0-3537-2967-8,www.mcssteel.com
MDX,?????? ???? ?? ?????? ????? (?????),SET,????????,?????????????????????,"???????????????????? ???? 12A, 199 ????????????? ??????????? ?????????? ?????????????",10110,0-2302-2300,0-2302-2400-1,http://www.mdx.co.th
MEB,?????? ??? ???????????? ????? (?????),mai,??????,-,99/27 ??????????????????? ??????? 8 ??????? 4 ???????????? ????????????? ????????????? ???????,11120,"0-2962-1698,0-2962-1699",-,www.meb.co.th
MEDEZE,?????? ????? ????? ????? (?????),SET,??????,????????,28/9 ???? 8 ?????????????? 4 ?????????????? ???????????? ??????,73220,0-9159-9999-99,0-2009-8889,https://www.medezegroup.com
MEGA,?????? ????? ???????????? ????? (?????),SET,??????,???????,120 ???? 11 ????? ??????? ???????? ???? 9 ??? ???? 10 ?. ?????-???? ????????? ???????? ?????????????,10260,0-2769-4222,0-2769-4244,www.megawecare.com
MENA,?????? ?????????????? ????? (?????),SET,??????,??????????????????,280/8 ??????? 9 ??????????? ???????????? ???????,18260,0-3620-0321,-,www.menatransport.co.th
META,?????? ???? ???????????? ????? (?????),mai,??????????????????????????,-,?????? 33/4 ??????? ???????? ???????? ?????? ?????? 9 ??????? 36 ????????? 9 ???????????? ??????????? ?????????????,10310,0-2013-7096-7,0-2013-7098,www.metacorporation.co.th
METCO,??????????????? ?????????? (?????????) ????? (?????),SET,?????????,??????????????????????,886 ???????????? ???????????? ??????????? ?????????????,10230,0-2518-1280,0-2518-1287,www.metco.co.th
MFC,???????????????????????????? ????????? ????? (?????),SET,?????????????,????????????????????,195 ???????? ??????? ???????? 4 ??????? 16-17 ???????? ??????????? ?????????? ?????????????,10330,0-2649-2000,"0-2649-2100,0-2649-2111",https://www.mfcfund.com
MFEC,?????? ???? ??? ?? ?? ????? (?????),SET,?????????,??????????????????????????????,349 ?????????? ???????? ??? ???????? ?????????? ???????????????? ????????? ?????????? ?????????????,10900,0-2821-7999,0-2618-8188,www.mfec.co.th
MGC,?????? ??????????? ????? ???????????? (??????) ????? (?????),SET,????????????????,???????,?????? 2222/9 ??????????? ??????????? ????????????? ?????????????,10310,0-2935-2000,-,https://www.mgc-asia.com
MGI,?????? ????????? ????????????????? ????? (?????),mai,??????????????????,-,1751 ??????????? 94 (????????) ??????????? ??????????? ????????????? ?????????????,10310,0-2530-9656,-,https://missgrand.com
MGT,?????? ??????? (?????????) ????? (?????),mai,????????????????,-,25 ??????????????????????? ??? ?? 1/9 ??????????? 31 ??????????? ???????????? ???????????? ?????????????,10520,0-2739-6333,0-2739-6332,http://www.megachem.co.th
MICRO,?????? ???????????? ????? (?????),SET,?????????????,????????????????????,863/3 ??????????? ?????????????? ?????????? ??????,73000,0-3410-9200,-,www.microleasingplc.com
MIDA,?????? ????? ??????? ????? (?????),SET,??????,???????,267 ??????????????? ?????????? ?????????? ?????????????,10700,"0-2434-2390-7, 0-2434-2399",0-2879-7904,http://www.midaassets.com
MII,??????????????????????????????????????????????????? ????????? ???????????? ???????????,SET,??????????????????????????,??????????????????????????????????????????????????????????????????,???????????????????????????? ????????? ????? (?????) (????????????) 195 ???????? ??????? ???????? 4 ??????? 16-17 ???????? ??????????? ?????????? ?????????????,10330,0-2649-2000,0-2649-2111,-
MILL,?????? ???????? ???? ????? (?????),SET,????????????????,????? ??? ?????????????,"9,11,13 ???????????? 32 ????????? ?????????????? ?????????????",10150,0-2896-4444,0-2896-4449,www.millconsteel.com
MINT,?????? ??????? ????????????????? ????? (?????),SET,??????,?????????????????????????,88 ?????????????? ???? 12 ????????????? ??????????? ?????????? ?????????????,10110,0-2365-7500,0-2365-7798-9,www.minor.com
MIPF,????????????????????????????????????,SET,??????????????????????????,??????????????????????????????????????????????????????????????????,"?????? 989 ????????????????????????? ???? 9, 24 ????????? 1 ?????????? ?????????????",10330,0-2659-8888,0-2659-8860-1,-
MITSIB,?????? ??????? ??????? ????? (?????),mai,?????????????,-,?????? 895-6 ??????? 5 ?????????????? ?.?????????? ?.???????????????? ???????????,10270,"0-2743-8787, 0-2743-8783",-,http://www.mitsibleasing.com
MJD,?????? ??????? ?????????????? ????? (?????),SET,??????????????????????????,????????????????????,?????? 141 ???????????? ???????? ???? 16 ?????????? 10 (???????? 55) ???????????????? ???????? ?????????????,10110,0-2030-1111,0-2030-1122,www.mjd.co.th
MJLF,???????????????????????????? ??????? ??????????? ?????????,SET,??????????????????????????,??????????????????????????????????????????????????????????????????,?????? 400/22 ??????????????????? ???? 6 ??? 12 ??????????? ???????????? ???????? ?????????????,10400,0-2673-3999,0-2673-3900,-
MK,?????? ????????????? ????? (?????),SET,??????????????????????????,????????????????????,?????? 345 ????? 345 ??????? ??????? 6-8 ?????????? ????????????? ????????? ?????????????,10500,0-2234-8888,0-2234-8880,http://www.mk.co.th
ML,?????? ????? ??????? ????? (?????),SET,?????????????,????????????????????,48/1-5 ???????????? 14 ???????????? ??????????????? ?????????? ?????????????,10210,0-2574-6901,"0-2574-6902, 0-2574-6903",http://www.mida-leasing.com
MMM,?????? ???????????? ???????? ????? (?????),mai,??????????????????????????,-,?????? 89/2 ????????/????? ???????? 205 ???????? 1 ???? 6 ??????? - ????/??? ????? ??? ?????????? ????/?????????? ?????/??? ?????? ?????????????,10400,0-2005-5940,-,https://www.mmmcapitalplc.com/
MNIT,?????????????????????????????????-?????????,SET,??????????????????????????,??????????????????????????????????????????????????????????????????,?????? 195 ???????? ??????? ???????? 4 ???? 16-17 ???????? ??????????? ?????????? ?????????????,10330,0-2649-2000,-,www.mfcfund.com
MNIT2,????????????????????????????????? 2,SET,??????????????????????????,??????????????????????????????????????????????????????????????????,?????? 195 ???????? ??????? ???????? 4 ???? 16-17 ???????? ??????????? ?????????? ?????????????,10330,0-2649-2000,0-2649-2100,www.mfcfund.com
MNRF,?????????????????????????????????????????????????????,SET,??????????????????????????,??????????????????????????????????????????????????????????????????,?????? 195???????? ??????? ???????? 4 ???? 16-17 ???????? ??????????? ?????????? ?????????????,10330,0-2649-2000,0-2649-2100,www.mfcfund.com
MODERN,?????? ?????????????????? ????? (?????),SET,??????????????????,????????????????????????????,699 ?????????????? ???????????? ?????????? ?????????????,10250,0-2094-9999,-,https://www.modernform.co.th/
MONO,?????? ???? ?????? ????? (?????),SET,??????,????????????????,?????? 29/9 ???? 4 ??????????? ??????????? ????????????? ???????,11120,0-2100-8100,0-2100-8101,www.mono.co.th
MOONG,?????? ????????? ?????????????????? ????? (?????),mai,??????????????????,-,?????? 2/97-104 ??????? 18-19 ???????????????????? ?????? ???????? ????????-???? 25 ????????-???? ?????????????? ???????? ?????????????,10260,0-2020-8999,0-2020-8990,www.moongpattana.com
MORE,?????? ???? ???????? ????? (?????),mai,??????,-,?????? 222/148-150 ?????????????????????? ???????????????? 17 ???????????????? ??????????? ?????????? ?????????????,10900,0-2120-6804,-,www.morereturn.co.th
MOSHI,?????? ???? ???? ????? ???????????? ????? (?????),SET,??????,???????,?????? 129 ????????????????????????? ?????? ??????? 9 ????????????? (??????-??????) ?????????? ????????? ?????????????,10600,0-2891-3088,-,www.moshimoshi.co.th
MOTHER,?????? ??????? ???????????? ????? (?????),mai,??????,-,?????? 345 ????/???? ?????? ?????/??? ??????????? ??????,81000,0-7562-0800,-,www.mothermarket.co.th
M-PAT,????????????????????????????????? ?????? ????????,SET,??????????????????????????,??????????????????????????????????????????????????????????????????,???????????????????????????? ????????? ????? (?????) 195 ???????? ??????? ???????? 4 ??????? 16-17 ???????? ??????????? ?????????? ?????????????,10330,0-2649-2000,0-2649-2100,www.mfcfund.com
MPJ,?????? ???? ?? ?? ?????????? ????? (?????),mai,??????,-,244 ???? 5 ?.??????? ?.??????? ??????,20230,0-3806-0764,-,www.mpjlogistics.com
MRDIYT,?????? ????????. ??.??.???. ??????? (?????????) ????? (?????),SET,??????,???????,?????? 777 ????????/????? ???????????? ???????? ???? 12 ??????? 13 ??? ??????? (?????-????) ??.7 ????/???? ??????? ?????/??? ?????? ???????????,10540,0-2316-0004,-,-
MSC,?????? ?????????????????????????? ????? (?????),SET,?????????,??????????????????????????????,400 ?????????????????? ?.9 ??????????? ????????? ?????????????,10250,0-2089-4000,0-2726-2630-4,www.metrosystems.co.th
MST,???????????????? ????????? (?????????) ????? (?????),SET,?????????????,????????????????????,?????? 999/9 ????? ?? ????????? ??? ?????????????? ???? 20-21 ??? 25 ????????? 1 ??????????? ?????????? ?????????????,10330,0-2658-6300,0-2658-6301,www.maybank.co.th
M-STOR,?????????????????????????????????-????????????????????,SET,??????????????????????????,??????????????????????????????????????????????????????????????????,?????? 195 ???????? ??????? ???????? 4 ???? 16-17 ???????? ??????????? ?????????? ?????????????,10330,0-2649-2000,0-2649-2100,www.mfcfund.com
MTC,?????? ???????? ???????? ????? (?????),SET,?????????????,????????????????????,332/1 ??????????????? ??????????? ?????????? ?????????????,10700,0-2483-8888,-,www.muangthaicap.com
MTI,?????? ????????????????? ????? (?????),SET,?????????????,???????????????????????,???????? 1:252 ????????????? ??????????? ?????????????,10310,0-2290-3333,0-2276-2033,www.muangthaiinsurance.com
MTW,?????? ???????? ??????? ????? (?????),mai,????????????????,-,"9/70,9/88 ??????? 3 ???????????? ???????????? ??????",73160,0-3410-0368,0-3410-0368 Ext. 16,www.maketowin.com
MUD,?????? ??? ????? ????? ????? (?????),mai,???????????????????????,-,?????? 206 ??????????? 20 ??????????? ?????????? ?????????????,10250,0-2079-9765,0-2079-9755,www.mudandhound.co.th
MVP,?????? ???? ?????? ????? (?????),mai,??????,-,?????? 11/1 ??????????? 121 ??????????? ??????????? ?????????? ?????????????,10240,"0-2735-1201, 0-2735-1202, 0-2735-1204",0-2735-2719,www.mvisioncorp.com
NAM,?????? ????????? ??????? ???????????? ????? (?????),SET,??????????????????,????????????????????????,999/3-5 ??????? 9 ?????????????-???????? ?????????????????? ??????????????????? ???????????,10290,0-2461-7287-90,0-2461-7291,www.namwiwat.com
NAT,?????? ??? ???????? ??????????? ????? (?????),mai,?????????,-,89 ?????????? 908 ??????? 9 ??????????? ???????? ????????? ????????????? ?????????? ????????? ?????????????,10400,0-2078-6760,-,https://www.natat.co.th/
NATION,?????? ?????? ????? (????????) ????? (?????),SET,??????,????????????????,"?????? 1854 ??????? 9, 10, 11 ?????????? ???????????? ???????? ?????????????",10260,-,-,http://www.nationgroup.com
NC,?????? ???????? (????????) ????? (?????),SET,??????????????????,??????,666 ????????? 3 ????????????? ?????????? ?????????????,10120,0-2294-6999,0-2294-3803,www.newcity.co.th
NCAP,?????? ?????? ???????? ????? (?????),SET,?????????????,????????????????????,163 ????????????? ???? 15 ?????????? ????????????? ????????? ?????????????,10500,0-2096-6990,0-2096-6989,www.nextcapital.co.th
NCH,?????? ????. ??. ?????????? ????? (?????),SET,??????????????????????????,????????????????????,?????? 70 ??????? 5 ?????????????? ???????????? ????????,12150,0-2993-5080-81,-,http://www.ncgroup.co.th
NCL,?????? ????????? ????????????????? ?????????? ????? (?????),mai,??????,-,56/9-10 ????????? 12/1 ?????????????????????? ?????????? ????????? ?????????????,10600,0-2459-4945,-,www.nclthailand.com
NCP,?????? ???? ??? ????? (?????),mai,??????,-,"76/94,96 ???????????? ?????????????? ????????? ?????????????",10220,02-090-5555,02-798-0041,https://www.nicecall.co.th
NDR,?????? ????.??.???????? ????? (?????),mai,????????????????,-,129 ??????? 3 ??????????-???????? ????????????? ???????????? ??????,20220,0-3313-9284,-,www.ndrubber.co.th
NEO,?????? ???? ????????? ????? (?????),SET,??????????????????,????????????????????????,888 ??????????? 54 ?????????????? ?????????? ?????????????,10260,0-2017-8900,0-2017-8901,www.neo-corporate.com
NEP,?????? ???????? ??????????????? ????????????? ????? (?????),SET,????????????????,??????????,41 ??????????? 5 ??????????? ????????? ???????? ?????????????,10400,0-2271-4213-16,0-2271-4416,www.nep.co.th
NER,?????? ???????? ???????? ????? (?????),SET,???????????????????????,??????????????,?????? 398 ???? 4 ?????????? ?????????????? ?????????,31140,"0-4466-6928, 0-4466-6929","0-4466-6212, 0-4466-6213",http://www.nerubber.com
NETBAY,?????? ???????? ????? (?????),mai,?????????,-,"719/5,8-9 ???????????? 6 ??????????? ?????????? ?????????????",10330,0-2620-1800,0-2612-3051,http://www.netbay.co.th
NEW,?????? ????????????? ????? (?????),SET,??????,????????,70/7-8 ?????????????? ???????????? ?????????? ????????,41000,"0-4224-1031-3, 0-4224-6181-3",0-4224-1956,www.wattanahospital.net
NEX,?????? ?????? ????? ????? (?????),SET,????????????????,???????,?????? 999/999 ???? 4 ??????????? ??????????? ???????????,10540,0-2026-3599,0-2116-4878,www.nexpoint.co.th
NFC,?????? ????????? ????? (?????),SET,????????????????,?????????????????????,?????? 88 ?????????? ????? ???? 3 ????????????????? ?????????????? ???????? ?????????????,10260,0-2348-0580-6,0-2348-0578-9,www.nfc.co.th
NKI,?????? ?????????????? ????? (?????),SET,?????????????,???????????????????????,"???????????? ?????????????????? ???? 26-27, 100/50-55, 90/4-6 ???????????? ???????? ????????? ?????????????",10500,"0-2636-7900 , 0-2238-5058","0-2636-7999, 0-2636-7998",www.navakij.co.th
NKT,?????? ?????????????? ????? (?????),SET,??????,????????,?????? 1 ????/??? ????????? 2 ??? 56 ????????? ?????????????? ?????????????,10150,"0-2450-9999,0-2000-9999",0-2415-4340,www.nakornthon.com
NL,?????? ??????? ????????????? ????? (?????),SET,??????????????????????????,?????????????????????,417 ?????????? ??????????? ?????????? ?????????????,10700,0-2435-1054,0-2879-2495,www.nldplc.com
NNCL,?????? ????? ????? (?????),SET,??????????????????????????,????????????????????,?????? 999 ???? 13 ??????????? ?.????????? ?.???????? ????????,12120,0-2529-0031-5,0-2529-2176,www.navanakorn.co.th
NOBLE,?????? ?????? ????????????? ????? (?????),SET,??????????????????????????,????????????????????,??????????? ?????? 1035 ??????????? ??????????? ?????????? ?????????????,10330,0-2251-9955,0-2251-9977,www.noblehome.com
NOVA,?????? ???? ??????? ????? (?????),SET,????????,?????????????????????,?????? 88 ????????-???? 30 ?????????? ???????????? ???????? ?????????????,10260,-,-,https://www.novaempire.co.th
NPK,?????? ?????????????? ????? (?????),mai,??????????????????,-,34 ???? 20 ????????????? ??????????? ?????????????????? ??????????,24000,"0-3859-3129-30 , 0-3859-3133",0-3884-6040,https://www.newplus.co.th/
NRF,?????? ???????? ????????? ???????? ????? (?????),SET,???????????????????????,???????????????????,99/1 ??????? 4 ????????? ??????????????? ?????????,74110,0-3484-9576-80,0-3484-9586,https://www.nrinstant.com/
NSL,?????? ?????????? ?????? ????? (?????),SET,???????????????????????,???????????????????,55/22 ??????? 3 ????????????-???????????? (345) ???????? ?????????????? ???????,11110,0-2525-8520,0-2525-8538,www.nslfoods.com
NTF,?????? ????????? ????????????? (?????????) ????? (?????),mai,???????????????????????,-,?????? 195 ????????/????? ??? ??????? ???????? 4 ???? 12 ???? 1211-1213 ??? ????? ????/???? ??????? ?????/??? ??????? ?????????????,10330,08-2849-2445,-,www.ntfintergroup.com
NTSC,?????? ?????????? ????? ????? (?????),mai,???????????????????????,-,47/2 ??????? 6 ?????????????? 4 ?????????????? ???????????? ??????,73220,0-2840-4333,-,https://nutritionsc.co.th
NTV,?????? ??????????????? ????? (?????),SET,??????,????????,432 ????????????? ?????????? ?????????? ???????,11000,0-2596-7888,0-2589-8753,www.nonthavej.co.th
NUT,?????? ????????? ?????? ????? (?????),mai,??????????????????,-,"1,2 ?????????? 14 (?????????????) ?????????? ????????? ?????????????",10220,0-2022-9400,0-2022-9401,https://www.nutritionprofess.com/th
NV,?????? ???? ????????? ????? (?????),SET,??????????????????,????????????????????????,190/4 ??????? 8 ?????????????????? ??????????????????? ???????????,10290,0-2408-6778,0-2408-6778,https://www.nova-organic.com
NVD,?????? ??????? ?????????????? ????? (?????),SET,??????????????????????????,????????????????????,?????? 343/351 ????????????????? ????????????? ?????????? ?????????????,10230,0-2105-6789,0-2105-6787,https://www.nirvanadevelopment.co.th
NWR,??????????????????????? ????? (?????),SET,??????????????????????????,?????????????????????,"?????????????????? ?? ???? 18-19, 2/3 ???? 14 ????????-???? ??.6.5 ??????????? ??????????? ???????????",10540,"0-2730-2100, 0-2751-9455-74","0-2751-9487, 0-2751-9484-5",www.nawarat.co.th
NYT,?????? ????? ?????????? ????? (?????),SET,??????,??????????????????,1168/52 ???????????????????? ???? 19 ????????? 4 ?????????????? ??????? ?????????????,10120,0-2679-7357,0-2285-6642,www.namyongterminal.com
OCC,?????? ?? ?? ?? ????? (?????),SET,??????????????????,????????????????????????,729/4-7 ????????????? ????????????? ?????????? ?????????????,10120,"0-2295-4545, 0-2295-4567",0-2295-0415,www.occ.co.th
OGC,?????? ??????????? ????? (?????),SET,??????????????????,????????????????????????????,75/88-90 ???? 34 ????????????????????? 2 ??????????? 19 (????????) ???????????????? ???????? ?????????????,10110,0-2661-6556,0-2661-6550,http://www.oceanglass.com
OHTL,?????? ?????????? ????? (?????),SET,??????,?????????????????????????,48 ???????? ???????????? ?????????? ????????? ?????????????,10500,0-2659-9000,0-2659-0000,https://www.mandarinoriental.com/en/bangkok
OKJ,?????? ?????????????????? ????? (?????),SET,???????????????????????,???????????????????,?????? 411 ???? 2 ???????????? ???????????? ?????????,50210,0-5208-0744,-,www.okjgroup.com
ONEE,?????? ???? ??? ?????????????? ????? (?????),SET,??????,????????????????,50 ????? ?????????? ??????????? ??????????? 21(?????????) ???????????????? ???????? ?????????????,10110,0-2669-9697,-,www.theoneenterprise.com
ONSENS,?????? ??????? ?????? ????? ??? ????? ????? (?????),SET,??????,?????????????????????????,?????? 120/5 ????/??? ???????? 26 ????/???? ??????? ?????/??? ??????? ?????????????,10110,0-2024-8595,-,www.onsengroup.co.th
OR,?????? ???. ??????????????????? ????? (?????),SET,????????,?????????????????????,555/2 ??????????????????????????? ??????? ??????? 12 ???????????????? ??????????? ?????????? ?????????????,10900,0-2196-5959,-,www.pttor.com
ORI,?????? ???????? ????????????? ????? (?????),SET,??????????????????????????,????????????????????,496 ??????? 9 ?????????????? ????????????????????? ???????????,10270,0-2030-0000,0-2029-1939,https://origin.co.th/
ORN,?????? ??????? ??????? ?????? (?????),SET,??????????????????????????,????????????????????,?????? 79 ??????? 8 ???????????? ?????????????? ?????????,50220,0-5333-3666,-,https://www.ornsirin.co.th
OSP,?????? ??????? ????? (?????),SET,???????????????????????,???????????????????,348 ??????????? ??????????? ?????????? ?????????????,10240,0-2351-1000,0-2351-1125,www.osotspa.com
PACO,?????? ???????????? ????????? ??????????? ????? (?????),mai,????????????????,-,88/8 ??????? 9 ??? ???. 11 (?????) ??????????? ??????????????? ?????????,74110,0-2810-9900,"0-2810-0526-8 ext. 321, 307",www.paco.co.th
PAF,?????? ???????????????? ????? (?????),SET,??????????????????,??????,?????? 507/2 ???? 11 ???? ??????? ????? ??????? ??????,20230,0-3848-0020,-,http://www.panasiafootwear.com
PANEL,?????? ?????????????? ?????????? ????? (?????),mai,??????????????????????????,-,36 ??????? 7 ??????????? ????????????? ???????,11120,"0-2965-5578-80,82-84 Ext.312",0-2965-5584,www.panelesmatic.com
PAP,?????? ??????????? ????? (?????),SET,????????????????,????? ??? ?????????????,"???????????????????? ???? 26, 1168/74 ????????? 4 ?????????????",10120,0-2679-9000,0-2679-9075,http://www.pacificpipe.co.th
PATO,?????? ?????????????????? ????? (?????),SET,????????????????,?????????????????????,3388 ?????????????????? ??????????? ??????????? ?????????????,10310,"0-2318-5612-19, 0-2318-0360-9",0-2318-0367,www.patochemical.com
PB,?????? ?????????? ???????? ????? (?????),SET,???????????????????????,???????????????????,"???????? ???? ??? ???????? ???? 29, 121/84-85 ????????????? ?????????? ????????? ?????????????",10400,02-209-3000,02-209-3091,http://www.farmhouse.co.th
PCC,?????? ?????? ???????????? ????? (?????),SET,????????????????,?????????????????????????????,1842 ??????????-??????? ????????????? ?????????? ?????????????,10800,02-910-9700,-,http://www.precise.co.th
PCE,?????? ???????????? ?????????????? ????? (?????),SET,???????????????????????,??????????????,?????? 99/19 ??????? 4 ???????????? ??????????? ?????????????????????? ????????????,84000,0-7728-4917-9,-,https://www.pce-th.com
PCSGH,?????? ??.??.???.????? ???????????? ????? (?????),SET,????????????????,???????,?????? 2/1-9 ???? 3 ??????????? ???????????????????? ??????????,30000,0-4470-1300,0-4470-1399,www.pcsgh.com
PDG,?????? ???????? ????? (?????),mai,????????????????,-,7/3 ??????? 3 ????????????? ?????????????? ??????,73120,0-3433-2611-2,0-3433-2613,www.prodigy.co.th
PDJ,?????? ??????? ????????? ????? (?????),SET,??????????????????,??????,28 ????????-???? 28 ???????????? ???????? ?????????????,10260,"0-2769-9999, 0-2361-3311","0-2398-2143, 0-2399-4874",www.pranda.com
PEACE,?????? ??????????????? ????? (?????),SET,??????????????????????????,????????????????????,231/14 ????????? 7 ??????????? 63 ???????????????? ???????? ?????????????,10110,0-2392-1066-8,-,http://www.peaceandliving.co.th
PEER,?????? ?????? ???? ?? ????? (?????),mai,??????,-,?????? 944 ?????????????? ?????? ???????? ??????? 28 ?????????? 2807-2810 ???????????? 4 ??????????? ?????????? ?????????????,10330,-,-,www.peerforyou.co.th
PERM,?????? ?????????????????? ????? (?????),SET,????????????????,????? ??? ?????????????,"?????? 4, 95-96 ??????? 6 ?????????? ??????????????????? ?????????",74000,0-3482-5090-100,"0-3482-5078, 0-3482-5079, 0-3482-5081",www.permsin.com
PF,?????? ????????????? ???????? ????? (?????),SET,??????????????????????????,????????????????????,"????????????? ???? 17, 100/1 ????????? 9 ???????????? ??????????? ?????????????",10320,0-2245-6640-7,0-2247-3328,www.pf.co.th
PG,?????? ??????????? ????? (?????),SET,??????????????????,??????,666 ????????? 3 ????????????? ?????????? ?????????????,10120,0-2685-6500,0-2294-5159,www.pg.co.th
PHG,?????? ????????????????????????? ????? (?????),SET,??????,????????,733/345 ??? 733/359 ???? 8 ??? ???????? ???????? ???????????? ????????,12130,0-2998-9999,-,www.patrangsit.com
PHOL,?????? ??????? ????? (?????),mai,????????????????,-,1/11 ??????? 3 ?.??????? ?.??????? ?.??????? ????????,12150,0-2791-0111,0-2791-0100-2,http://www.pdgth.com
PICO,?????? ???? (????????) ????? (?????),mai,??????,-,10 ???????? 56 ???????????? ???????? ?????????????,10260,0-2748-7007,"0-2745-8521, 0-2748-7591",https://www.picothai.com
PIMO,?????? ?????????? ??????? ????? (?????),mai,????????????????,-,"?????? 78,78/4,78/5 ???? 3 ?????????-????????? ?????????? ?????????????? ??????",73120,0-3426-5111-8,0-3426-5119,www.pioneermotor.th.com
PIN,?????? ??????? ???????????? ????? ????? (?????),SET,??????????????????????????,????????????????????,?????? 789 ??????? 1 ?????????????-???????? ??????????? ???????????? ??????,20230,0-2294-0066 Ext. 291,-,https://www.pinthongindustrial.com/
PIS,?????? ??? ??????? ????? (?????),mai,?????????,-,?????? 55 ????/???? ?????? ?????/??? ?????? ?????????????,10400,0-2029-7875,0-2029-7879,www.proinside.co.th
PJW,?????? ???????????????? ????? (?????),SET,????????????????,??????????,"?????? 19, 21 ????????? 63 ????????? ?????????? ????????? ?????????????",10150,0-2415-1894,0-2415-0951,www.pjw.co.th
PK,?????? ??????? ????? (?????),SET,????????????????,?????????????????????????????,348 ?????????????????? ?.9 ??????????? ????????? ?????????????,10250,0-2328-1032-49,-,www.patkol.com
PL,?????? ??????????? ????? (?????),SET,?????????????,????????????????????,"??????????????????????????? 1 ???? 29, 252/6 ????????????? ??????????? ?????????????",10320,0-2693-2288,0-2693-2298-99,www.pl.co.th
PLANB,?????? ???? ?? ?????? ????? (?????),SET,??????,????????????????,?????? 1700 ????????? ?? ???????? ?????????????????? ???????????? ?????????? ?????????????,10400,0-2530-8053-6,0-2530-8057,www.planbmedia.co.th
PLANET,?????? ???????? ?????????????? ?????? ????? (?????),mai,?????????,-,157 ???????????? 34 ???????????? ??????????? ????????? ?????????????,10230,0-2792-2400,0-2792-2499,www.planetcomm.com
PLAT,?????? ???? ???????? ????? ????? (?????),SET,??????????????????????????,????????????????????,?????? 111 ????? ?????? 111 (M2) ???? 21 ???????????? ??????????? ?????????? ?????????????,10330,0-2121-9999,-,http://theplatinumgroup.co.th
PLE,?????? ???????????? ?????????????? ????? (?????),SET,??????????????????????????,?????????????????????,2 ??????????? 81 (????????) ??????????? ?????????? ?????????? ?????????????,10260,0-2332-0345,0-2311-0851,http://www.ple.co.th
PLT,?????? ??????? ????? ????? (?????),mai,??????,-,84/1-4 ???????????? ?????? ??? ???????? ???? 1-4 ??????????? 37 ?????????? ?????????? ?????????????,10900,0-2930-1801-10,0-2512-2365,www.pilatusmarine.co.th
PLUS,?????? ????? ???? ????? (?????),SET,???????????????????????,???????????????????,84/3-7 ???????????? 2 ??? 69 ????????? ?????????????? ?????????????,10150,0-2416-9209,0-2416-0219,www.royalplus.co.th
PM,?????? ????????? ???????????? ????? (?????),SET,???????????????????????,???????????????????,?????? 1 ???????????????????????? ???????????? 2 ?????????????? ??????????? ????????? ?????????????,10250,0-2301-1000,0-2301-1020,www.premier-marketing.co.th
PMC,?????? ???????? ?????? ???????????? ????? (?????),mai,????????????????,-,30/28 ??????? 2 ?????????? ?????????? ?????????,74000,0-3445-2000,-,www.pmclabel.com
PMTA,?????? ?????? ??????? ?????? ????????? ????? (?????),SET,????????????????,?????????????????????,26/26-27 ???????????? ??????? 8 ???????? ??????????? ??????????? ?????????? ?????????????,10330,0-2250-0569,0-2657-1040,http://www.pmthoresenasia.com
POLY,?????? ???????? ????? (?????),SET,????????????????,???????,888 ??????? 11 ???????????? ????????????? ???????????,10570,0-2397-9094,0-2397-9097,https://www.polynet.co.th
POPF,???????????????????????????????????????????????,SET,??????????????????????????,??????????????????????????????????????????????????????????????????,???? 7-8 ????? 1 ?????????? ????? ?????? ?????? 18 ????????????? ??????????? ?????????? ?????????????,10900,0-2949-1500,0-2949-1501,www.scbam.com
PORT,?????? ????? ?????????? ????? (?????),SET,??????,??????????????????,51/1 ??????? 3 ?????????????????? ??????????????? ?????????????? ???????????,10130,0-2386-8000,0-2386-8008,http://sahathaiterminal.com/
PPM,?????? ????????????? ????? (?????),mai,????????????????,-,?????? 205/1 ????????????? ????????? ???????? ?????????????,10300,0-2628-6100,0-2628-6006,www.ppm.co.th
PPP,?????? ????????? ???????? ????? (?????),SET,??????????????????????????,?????????????,?????? 2 ????????????? ???????????? 2 ?????????????? ??????????? ????????? ?????????????,10250,"0-2301-2100, 0-2301-2101",0-2398-1301,www.premier-products.co.th
PPPM,?????? ???? ????? ????? (?????),SET,???????????????????????,??????????????,?????? 62-62/1 ??????? 2 ??????.???????? ????????????? ???????????? ????????,76140,0-3289-9881-4,0-3289-9885,https://www.ppprime.co.th/
PPS,?????? ?????? ???????? ???????? ????? (?????),mai,??????????????????????????,-,381/6 ????????????? 58 (??? 7 ???? 7) ????????????? ??????????? ?????????? ?????????????,10250,0-2718-2785-9,0-2300-5545-6,www.pps.co.th
PQS,?????? ??????????????????????? ????? (?????),SET,???????????????????????,???????????????????,?????? 185 ??????? 14 ????????????? ?????????????????? ????????,49000,0-4264-3818,0-4264-3819,https://www.pqstarch.com
PR9,?????? ??????????????????? ????? (?????),SET,??????,????????,?????? 99 ????????? 9 ??????????? ??????????? ?????????????,10310,0-2202-9999,0-2202-9998,http://www.praram9.com
PRAKIT,?????? ?????? ????????? ????? (?????),SET,??????,????????????????,88 ??????????? 62 ??? 3 ?????????????? ?????????? ?????????????,10260,0-2332-8555,"0-2332-8522, 0-2332-8544",http://www.prakit.com
PRAPAT,?????? ???????? ????????? ????? (?????),mai,????????????????,-,406 ????????????? ????????????? ??????????? ?????????????,10310,0-2290-1234,0-2290-1249,https://www.peerapat.com
PREB,?????? ???????? ????? (?????),SET,??????????????????????????,?????????????????????,503 ????1 ????????????? ?????????? ????????????? ???????,11120,0-2960-1380-89,0-2960-1392,www.prebuilt.co.th
PRECHA,?????? ?????????? ????? (?????),SET,??????????????????????????,????????????????????,1919 ??????????? ??????????? ?????????? ?????????????,10250,0-2722-8855,0-2722-8844,www.preecha.com
PRG,?????? ?? ???? ?? ???????????? ????? (?????),SET,???????????????????????,???????????????????,88 ??????? 2 ??????????? ?????????? ????????,12000,0-2501-2175,0-2501-2176,www.prg.co.th
PRI,?????? ????? ???????? ???????? ????? (?????),mai,??????????????????????????,-,496 ???? 9 ????????? 16 ??????????? 107 ?????????????? ?????????? ???????????,10270,0-2081-0000,-,www.primo.co.th
PRIME,?????? ????? ??? ???????? ????? (?????),SET,????????,?????????????????????,?????? 1 ???????????????? ???? 22 ????????????????19 ???????????????? ??????????? ?????????? ?????????????,10900,0-2105-8686,0-2257-7006,www.primeroadpower.com
PRIN,?????? ???????? ????? (?????),SET,??????????????????????????,????????????????????,246 ????????? ??????????? ????????? ?????????????,10220,0-2022-8988,-,http://www.prinsiri.com
PRINC,?????? ??????????? ??????? ????? (?????),SET,??????,????????,?????? 29 ???? 23 ??????????? ????????????????? ??????????? 63 ???????????????? ???????? ?????????????,10110,0-2714-2171-3,0-2714-2185,www.principalcapital.co.th
PRM,?????? ????? ????? ????? (?????),SET,??????,??????????????????,?????? 80 ????????-???? 30 ???????????? ???????? ?????????????,10260,0-2016-0190-4,0-2016-0199,www.primamarine.co.th
PROEN,?????? ??????? ????? ????? (?????),mai,?????????,-,"72 ?????????????? ?????? ???? 4, 18 ???????????? ?????????? ????????? ?????????????",10500,"0-2690-3888, 0-2639-7888","0-2639-7892, 0-2691-1898",https://www.proen.co.th/
PROS,?????? ????????? ?????????????? ????? (?????),mai,??????????????????????????,-,?????? 11 ??????????? 20 ??????????? ???????????? ??????????? ?????????????,10230,0-2514-3113,-,www.prosperengineering.co.th
PROSPECT,?????????????????????????????????????????????????????????????????? ??????? ?????????????????????????,SET,??????????????????????????,??????????????????????????????????????????????????????????????????,?????? 345 ????? 345 ??????? ???? 5 ?????????? ????????????? ????????? ?????????????,10500,0-2697-3788,0-2697-3794,www.prospectreit.com
PROUD,?????? ???? ????? ?????? ????? (?????),SET,??????????????????????????,????????????????????,?????? 548 ????? ??? ????? ????????? ???? 19 ?????????? 1902-1903 ??????????? ??????????? ?????????? ?????????????,10330,0-2035-0999,0-2035-0998,www.proudrealestate.co.th
PRTR,?????? ???????????? ????? ????? (?????),SET,??????,??????????????,2034/82 ????????????? ???????? ???? 18 ?????????????????? ??????????? ??????????? ?????????????,10310,0-2716-0000,-,https://www.prtr.com/
PSGC,?????? ??????? ???????????? ????? (?????),mai,??????????????????????????,-,?????? 11/1 ??????????? ???? ???????? ???? 9 ?????????? ??????????? ??????? ?????????????,10120,0-2018-7190-8,0-2018-7199,www.psgcorp.co.th
PSH,?????? ????? ??????? ????? (?????),SET,??????????????????????????,????????????????????,?????? 1177 ????? ?????? ????????? ??????????? ????????? ???????? ?????????????,10400,0-2080-1739,0-2080-1700,http://www.psh.co.th
PSL,?????? ???????? ??????? ????? (?????),SET,??????,??????????????????,"?????? 8 ??????? ??, 7, 8, ??? 9 ???????????? ???????? ????????? ?????????????",10500,0-2696-8800,"0-2236-7654, 0-2633-8460",www.preciousshipping.com
PSP,?????? ??.???.??.????????????? ????? (?????),SET,????????????????,?????????????????????????????,?????? 1 ????????????? ???????????????? ????????????? ?????????????,10700,0-2434-0540,0-2433-6016,www.psp.co.th
PSTC,?????? ???????? ???????? ????????? ????? (?????),mai,????????,-,?????? 389 ?????????????? ??? ????????????? ???? ???????? ???????? ?????????????,10400,0-2526-9999,0-2408-6235,http://www.pst.co.th
PT,?????? ????????? ????????? ????? (?????),SET,?????????,??????????????????????????????,"?????????????????????????????, 1 ???????????? 2 ?????????????? ??????????? ????????? ?????????????",10250,"0-2301-1000,0-2301-1550",0-2398-2816,www.premier-technology.co.th
PTC,?????? ????????? ????? ???????????? ????? (?????),mai,????????,-,?????? 2034/69 ????????????? ???????? ???? 15 ?????????????????? ??????????? ??????????? ?????????????,10310,0-2318-4013,0-2318-4014,www.premiertankcorp.com
PTECH,?????? ???? ??? ??????????? ????? (?????),SET,??????,????????????????,41/1 ???????????? ?????????????????? ???????????? ?????????????? ???????????,10130,"0-2394-4374-5, 0-2754-2650",0-2384-0917,www.plustech.co.th
PTG,?????? ?????? ????????? ????? (?????),SET,????????,?????????????????????,?????? 90 ????????????????? ???????? ?? ??????? 33 ????????????? ???????????? ??????????? ?????????????,10310,"0-2168-3377, 0-2168-3388","0-2168-3379, 0-2168-3389",www.ptgenergy.co.th
PTL,?????? ??????????? (?????????) ????? (?????),SET,????????????????,??????????,"????????????????????? 2 ???? 18, 75/26 ???????? 19 (????) ???????????????? ???????? ?????????????",10110,0-2665-2706-8,0-2665-2705,www.polyplexthailand.com
PTT,?????? ???. ????? (?????),SET,????????,?????????????????????,555 ???????????????? ??????????? ?????????? ?????????????,10900,0-2537-2000,0-2537-3498-9,http://www.pttplc.com
PTTEP,?????? ???.?????????????????????? ????? (?????),SET,????????,?????????????????????,555/1 ?????????????????????????? ????? A ???? 19-36 ???????????????? ??????????? ?????????? ?????????????,10900,0-2537-4000,0-2537-4444,www.pttep.com
PTTGC,?????? ?????? ?????? ??????? ????? (?????),SET,????????????????,?????????????????????,?????? 555/1 ?????????????????????????? ????? ?? ???? 18 ???????????????? ??????????? ?????????? ?????????????,10900,0-2265-8400,0-2265-8500,www.pttgcgroup.com
PYLON,?????? ????? ????? (?????),SET,??????????????????????????,?????????????????????,252 ???????????? ???????? ??????? 14 ??????????? ???????????? ???????? ?????????????,10400,0-2615-1259,0-2615-1258,www.pylon.co.th
Q-CON,?????? ???????????????????????????? ????? (?????),SET,??????????????????????????,?????????????,"??????????????????????, 144 ???? 16 ?????????????? ?????????????? ????????????? ???????????????",13160,"0-3522-1271, 0-3525-9134","0-3521-2270, 0-3522-1273",www.qcon.co.th
QDC,?????? ??????? ?? ?? ????? (?????),mai,???????????????????????,-,????? TFD 18 ??????? 11 ??? 9 ??????????? ??????? ?????????????,10120,0-2286-9959,-,https://qdc-th.listedcompany.com/home.html/page/home
QH,?????? ?????????????? ????? (?????),SET,??????????????????????????,????????????????????,"?????????????? ??????? ???? 7, 1 ?????????? ?????????????? ??????? ?????????????",10120,"0-2343-8888, 0-2677-7000",-,www.qh.co.th
QHBREIT,???????????????????????????????????????????????? ???????? ?????? ???????? ??????????,SET,??????????????????????????,??????????????????????????????????????????????????????????????????,?????? 1 ?????????????? ??????? ???? 14 ?????????? ?????????????? ??????? ?????????????,10120,0-2286-3484,0-2286-3585,-
QHHRREIT,??????????????????????????????????????????????????? ???????? ?????? ????? ????? ?????????,SET,??????????????????????????,??????????????????????????????????????????????????????????????????,?????? 1 ?????????????? ??????? ???? 14 ?????????? ?????????????? ??????? ?????????????,10120,0-2286-3484,0-2286-3585,http://www.lhfund.co.th
QHOP,???????????????????????????????????????????? ?????????????,SET,??????????????????????????,??????????????????????????????????????????????????????????????????,"???? 23A, 25 ???????????????????? ?????? 173/27-30, 32-33 ?????????? ?????????????? ??????? ?????????????",10120,0-2786-2000,0-2786-2370-74,-
QLT,?????? ????????? ????? (?????),mai,??????,-,21/3 ?????????? ???????????? ?????????? ?????,21150,0-3869-1408-10,0-3869-2028,www.qualitechplc.com
QTC,?????? ??????? ??????????? ????? (?????),SET,????????????????,?????????????????????????????,?????? 2/2 ?. ???????????? 8 ??? 5 ??????????? ?????????? ?????????????,10240,0-2379-3089-92,0-2379-3097,www.qtc-energy.com
QTCG,?????? ????????? ????? (?????),mai,??????????????????????????,-,?????? 42 ??????????? 187 ??? 2 ??????????? ?????????? ?????????????,10510,02-917-5888,-,www.qtcg.co.th
RABBIT,?????? ?????? ????????? ????? (?????),SET,??????????????????????????,????????????????????,?????? 1000/9 ???????????? ????????? ????? - ????? ???????? ?????????? 2404-2407 ??????? 24 ??????????? ????????? ?????????? ?????????????,10900,0-2027-8778,0-2273-8858,www.rabbitholdings.co.th
RAM,?????? ????????????????? ????? (?????),SET,??????,????????,436 ??????????? ??????????? ?????????? ?????????????,10240,0-2743-9999,0-2374-0804,www.ram-hosp.co.th
RATCH,?????? ??? ????? ????? (?????),SET,????????,?????????????????????,72 ????????????? ?????????? ????????????????? ???????,11000,0-2794-9999,0-2794-9998,www.ratch.co.th
RBF,?????? ???? ????? ?? ???? ??????? ????? (?????),SET,???????????????????????,???????????????????,?????? 9 ???????????? 3 ??? 17 ???????????? ?????????? ?????????????,10240,0-2946-6813-18,-,https://www.rbfoodsupply.co.th
RCL,?????? ???? ?? ??? ????? (?????),SET,??????,??????????????????,"????????????????????? ???? 30, 127/35 ????????????? ????????????? ?????????? ?????????????",10120,"0-2296-1096, 0-2296-1093",0-2296-1098,http://www.rclgroup.com
READY,?????? ?????????????? ????? (?????),mai,?????????,-,?????? 51 ???????????? ???????? ?????? 9 - ???????? ???? 17 ???? 1701-1706 ????????? 9 ??????????? ?????????? ?????????????,10240,0-2016-6789,0-2016-6901,www.readyplanet.com
RICHY,?????? ????? ???? 2002 ????? (?????),SET,??????????????????????????,????????????????????,?????? 667/15 ?????????????? ???? 7 ??????????????? ???????????????? ????????????? ?????????????,10700,0-2886-1817,0-2886-1060,www.richy.co.th
RJH,?????? ???????????????? ????? (?????),SET,??????,????????,?????? 111 ??????? 3 ???????? ?????????????? ???????????????????? ???????????????,13000,0-3533-5555-71,0-3533-5555 ext 878,www.rajthanee.com
RML,?????? ????? ????? ????? (?????),SET,??????????????????????????,????????????????????,?????? 548 ????? ??? ????? ????????? ??????? 54 ??????????? ??????????? ?????????? ?????????????,10330,0-2029-1889,0-2029-1891,www.raimonland.com
ROCK,?????? ???????? ????? (?????),SET,??????????????????,????????????????????????????,"294-300 ???????-?????? ???????????, ??????????? ?????????????",10310,0-2123-8888,-,www.rockworth.com
ROCTEC,?????? ??????? ?????? ????? (?????),SET,?????????,??????????????????????????????,?????? 1000/9 ????? ??????? ????????? ????? - ????????????? ?????????? 1801 - 1807 ??????? 18 ??????????? ????????? ?????????? ?????????????,10900,0-2938-3388,0-2938-3489,https://www.roctecglobal.co.th
ROH,?????? ??????????? ????? (?????????) ????? (?????),SET,??????,?????????????????????????,2 ????????????? ???????????? ?????????? ????????? ?????????????,10500,0-2266-0123,0-2236-6646,www.royalorchidsheraton.com
ROJNA,?????? ?????????????????? ????? (?????),SET,??????????????????????????,????????????????????,?????? 2034/115 ???? 26 ????????????? ???????? ?????????????????? ??????????? ??????????? ?????????????,10310,0-2716-1750-7,0-2716-1758-9,www.rojana.com
RP,?????? ??????????????????? ????? (?????),mai,??????,-,25/1 ???? 8 ?????????? ?????????? ??????????? ????????????,84220,"0-7737-2800-2, 0-2277-4488","0-7737-2804, 0-2277-8521",http://www.rajaferryport.com
RPC,?????? ?????????? ????? (?????),SET,????????,?????????????????????,?????? 86/2 ???????????????? ??????????? ???????????? ??????????? ?????????????,10240,0-2372-3600,0-2372-3327,www.rpcthai.com
RPH,?????? ????????????????? ????? (?????),SET,??????,????????,?????????? 456 ?????? 14 ?????????? ??????????? ????????????????? ???????,40000,0-4333-3555,-,http://www.rph.co.th
RS,?????? ??????? ????? (?????),SET,??????,???????,?????? 27 ????????????????? ???????? ?? ????????????????? ???????????? ?????????? ?????????????,10900,0-2037-8888,-,http://www.rs.co.th
RSP,?????? ??? ?????? ????? (?????),SET,??????,???????,1152 ???????? ???? 18 ?????????? 1801 - 1805 ??? 1808 ???????????? 4 ??????????? ?????????? ?????????????,10110,0-2249-8709,0-2249-8711,www.richsport.co.th
RT,?????? ???????????????? ????? (?????),SET,??????????????????????????,?????????????????????,?????? 292 ???? 4 ????????-???? (??. 26) ?????????? ??????????? ???????????,10560,0-2313-4848,"0-2313-4849, 4787",https://www.rtco.co.th/
RWI,?????? ????????? ??????????? ????? (?????),mai,????????????????,-,"?????????????????????? ?????? 5 ?????-???, ???????????? ??????????????? ?????",21150,0-3868-4522-7,0-3868-4490,www.rwi.co.th
S,?????? ????? ?????? ????? (?????),SET,??????????????????????????,????????????????????,?????? 123 ????????????????? ?? ??????? 40 ???????????????? ????????? ?????????? ?????????????,10900,0-2050-5555,0-2617-6444-5,http://www.singhaestate.co.th
S&J,?.??? ????? ?? ????????????????? ????????????? ????? (?????),SET,??????????????????,????????????????????????,?????? 549/2 ??????????????? ????????????? ?????????? ?????????????,10120,0-2676-2727,0-2676-2726,www.snjinter.com
S11,?????? ??? 11 ????? ????? (?????),SET,?????????????,????????????????????,888 ?????????? 10 ?????????? ?????????? ????????? ?????????????,10220,"0-2790-0888 , 0-2022-8888",0-2158-7948,http://www.sgroup.co.th
SA,?????? ????? ?????? ????? (?????),SET,??????????????????????????,????????????????????,1077/48 ??????????? ????????? ??????? ?????????????,10400,"0-2617-1555, 1306",0-2617-1591,www.siameseasset.co.th
SAAM,?????? ??????????? ????????????? ????? (?????),mai,????????,-,?????? 141 ???????????? ???????? ??????? ???? 10 ???? 2.2 ??????????? 63 (??????) ??????????? ???????????????? ???????? ?????????????,10110,0-2096-1936-7 Ext. 105,0-2096-1936-7 Ext. 111,www.saam.co.th
SABINA,?????? ??????? ????? (?????),SET,??????????????????,??????,177 ???? 8 ???????????????? ?????????? ??????,17130,"0-5643-7156-8, 0-2422-9400","0-5643-7159, 0-2434-5911",www.sabina.co.th
SAF,?????? ???.??.???. ???????? ???? ????? (?????),mai,????????????????,-,110 ???????????? 24 ????????????????????? ??????????? ?????????????? ?????????????,10150,0-2897-4800-3,0-2897-4805,https://www.saf.co.th/
SAFE,?????? ??? ???????????? ????? ????? (?????),SET,??????,????????,496-502 ?????????????? ?????????? 17 ??????????? ?????????? ?????????????,10330,0-2252-3833,0-2252-3833,www.safefertilitygroup.com
SAK,?????? ????????????????? ????? (?????),SET,?????????????,????????????????????,49/47 ??????????????? ?????????? ??????????????????? ?????????,53000,0-5544-4495,0-5544-0371,www.saksiam.com
SALEE,?????? ??????????????? ????? (?????),mai,????????????????,-,18 ???? 10 ??????????? ????????????? ????????,12120,0-2529-5968-99,0-2529-5958-59,www.saleeind.com
SAM,?????? ?????? ???? ????????? ????? (?????),SET,????????????????,????? ??? ?????????????,"75/14,75/17, 85 ???? 5 ?????????????? ????????? ?????????? ?????????? ?????????",74000,0-3483-3891-3,0-3483-3895,www.samchaisteel.com
SAMART,?????? ?????????????????? ????? (?????),SET,?????????,??????????????????????????????,"??????????????????? ???? 35, 99/1 ???? 4 ???????????? ????????????? ????????????? ???????",11120,"0-2502-6000, 0-2975-5777",0-2502-6186,www.samartcorp.com
SAMCO,?????? ??????? ????? (?????),SET,??????????????????????????,????????????????????,?????? 188 ?????????? ???????? ???? 21 ???????? ????????????? ?????????? ?????????????,10400,0-2106-8300,-,www.sammakorn.co.th
SAMTEL,?????? ???????????? ????? (?????),SET,?????????,??????????????????????????????,"??????????????????? ???? 29, 99/7 ??????? 4 ???????????? ????????????? ????????????? ???????",11120,0-2502-6000,0-2583-8696,www.samtel.com
SANKO,?????? ?????? ????????? (?????????) ????? (?????),mai,????????????????,-,3/14 ???? 2 ?????????????????? ??????????? ????????????? ?????,21120,"0-3301-0701-5, 0-2597-9780-2",0-3301-0706-8,www.sankothai.net
SAPPE,?????? ??????? ????? (?????),SET,???????????????????????,???????????????????,?????? 9/3 ???????????????????? ?????????? 56 ?????????? ???????????? ??????????? ?????????????,10230,0-2319-4949,0-2319-7337,www.sappe.com
SAT,?????? ??????? ????????? ????????? ????? (?????),SET,????????????????,???????,215 ??????? 2 ?????????? ??????????? ??????????? ???????????,10540,0-2080-8123,0-2080-8268,www.satpcl.co.th
SAUCE,?????? ???????? ????? (?????),SET,???????????????????????,???????????????????,208 ???? 6 ??????????? ???????????? ?????????? ???????????,10280,0-2703-4444,0-2387-1163,www.gmsauce.com
SAV,?????? ?????? ?????????? ?????????? ????? (?????),SET,??????,??????????????????,99/11 ??????? 4 ??????????????????? ???? 25 ???????????? ????????????? ????????????? ???????,11120,0-2502-6000,-,www.samartaviation.com
SAWAD,?????? ?????????? ???????????? ????? (?????),SET,?????????????,????????????????????,"99/392 ??????????????? ???? 4, 6 ???????????? 10 ??? 3 ???????????? ??????????????? ?????????? ?????????????",10210,0-2693-5555,0-2573-1565,http://www.meebaanmeerod.com
SAWANG,?????? ???????????????? ????? (?????),SET,??????????????????,??????,"307-307/1-4, 56, 305 ?????????? ????????????? ????????? ?????????????",10500,"0-2266-5571, 0-2266-4422","0-2236-5271, 0-2237-7824",-
SC,?????? ????? ?????? ???????????? ????? (?????),SET,??????????????????????????,????????????????????,1010 ???????????????? ??????????? ?????????? ?????????????,10900,0-2949-2000,0-2949-2134,www.scasset.com
SCAP,?????? ?????????? ???????? 1969 ????? (?????),SET,?????????????,????????????????????,"99/392 ??????????????? ???? 1,5,6 ???????????? 10 ??? 3 ???????????? ??????????????? ?????????? ?????????????",10210,0-2073-0677,0-2073-0670,www.srisawadcapital.co.th
SCB,?????? ??????? ????? ????? (?????),SET,?????????????,??????,9 ????????????? ?????????? ?????????????,10900,0-2180-8155,0-2937-7931,www.scbx.com
SCC,?????? ????????????? ????? (?????),SET,??????????????????????????,?????????????,1 ???????????????? ??????????? ?????????? ?????????????,10800,"0-2586-3333, 0-2586-4444","0-2587-2199, 0-2587-2201",www.scg.com
SCCC,?????? ????????????????? ????? (?????),SET,??????????????????????????,?????????????,"???? 3, 10, 12 ???????????????????? ?????? 199 ????????????? ??????????? ?????????? ?????????????",10110,0-2797-7000,0-2797-7001-2,http://www.siamcitycement.com
SCG,?????? ???????? ??????????? ????? (?????),SET,????????,?????????????????????,636 ???? 11 ???????????? 8 ??????????? ???????????? ??????,20230,0-3848-1555,0-3848-1551,https://www.ratchpathana.com
SCGD,?????? ??????? ??????? ????? (?????),SET,??????????????????????????,?????????????,1 ???????????????? ??????????? ?????????? ?????????????,10800,"0-2586-3333,0-2586-5474",-,www.scgdecor.com
SCGP,?????? ??????? ?????????? ????? (?????),SET,????????????????,??????????,?????? 1 ???????????????? ??????????? ?????????? ?????????????,10800,0-2586-2894,0-2586-3007,www.scgpackaging.com
SCI,?????? ??????? ????????? ????? (?????),SET,????????????????,?????????????????????????????,107/1 ??????? 1 ????????-???? ??.27 ????????????? ??????????? ???????????,10560,0-2338-1414-9,0-2708-0326-7,http://www.sci-mfgr.com
SCL,?????? ???.??.???.??????? ????? ????? (?????),mai,????????????????,-,58-60-62-64 ????????????? 3 ?????????????????? ???????????????????? ?????????????,10100,0-2226-1909,0-2224-4122,https://www.sclmotorpart.com
SCM,?????? ?????????? ???????? ????? (?????),SET,??????,???????,?????? 10/1-2 ????????????? ??????????? ?????????? ?????????????,10900,0-2511-5955,0-2511-5944,http://www.successmore.com
SCN,?????? ???? ???????? ????? (?????),SET,????????,?????????????????????,355 ????????????? ?????????? ????????????? ???????,11120,0-2503-4116-21,0-2503-4400,www.scan-inter.com
SCP,?????? ????????????? ????? (?????),SET,??????????????????????????,?????????????,"???????? ??? ?? ???????? ???? 17, 555 ??????????? 63 ???????????????? ???????? ?????????????",10110,0-2711-5134,0-2382-0351-2,www.scp.co.th
SDC,?????? ?????? ??????? ????? (?????),SET,?????????,??????????????????????????????,?????? 99/2 ???? 4 ??????????????????? ???? 34 ???????????? ????????????? ????????????? ???????,11120,0-2502-6000,0-2502-6900,www.samartdigital.com
SE,?????? ????????? ???????? ????? (?????),SET,????????????????,?????????????????????????????,15/1 ?????????????????? 3191 ???????????? ??????????????? ?????,21150,0-3868-2540,0-3868-2539,www.siameastsolutions.com
SEAFCO,?????? ?????? ????? (?????),SET,??????????????????????????,?????????????????????,144 ???????????????? ?????????? ???????????? ?????????????,10510,"0-2919-3354-6, 0-2919-0090-7","0-2919-0098, 0-2518-3088",http://seafco.co.th
SEAOIL,?????? ??????? ????? (?????),SET,????????,?????????????????????,88 ???????? - ???? 30 ?????????? ???????????? ???????? ?????????????,10260,0-2398-9850-1,0-2398-9852,www.seaoilthailand.com
SECURE,?????? ????????? ??????? ????? (?????),mai,?????????,-,9/2 ????????????????????? ????????????? 18 ????????????? ???????????? ??????????? ?????????????,10310,0-2274-0984,-,www.nforcesecure.com
SE-ED,?????? ?????????????? ????? (?????),SET,??????,????????????????,?????? 1858/87-90 ?????????? ???????????? ???????? ?????????????,10260,0-2826-8000,0-2826-8999,www.se-ed.com
SEI,?????? ??????? ??????? ????? (?????),mai,??????????????????,-,?????? 546 ????????????? ???? 7 ????????????? ????????????? ?????????? ?????????????,10900,0-2561-3691-3,0-2561-3694,www.sei.co.th
SELIC,?????? ????? ????? ????? (?????),SET,????????????????,?????????????????????????????,?????? 270 ???????????????????????????? ??????????? ?????????? ?????????????,10160,0-2807-3347-9,0-2807-9453,http://seliccorp.com/
SENA,?????? ?????????????????? ????? (?????),SET,??????????????????????????,????????????????????,?????? 448 ????? ?????????????? ????????????? ????????????? 26 ????????????? ??????????? ?????????????,10310,02-541-4642,02-541-5164,www.sena.co.th
SENX,?????? ???? ????? ????? (?????),mai,??????????????????????????,-,?????? 542 ????????????????????????? ???? 1 ??????????? ?????????????? ?????????? ?????????????,10600,0-2897-8888,0-2897-8822,http://www.senxgroup.com
SFLEX,?????? ???????????? ????? (?????),SET,????????????????,??????????,189/48-49 ??????? 3 ????????????? ??????????? ???????????,10560,0-2708-2555,0-2708-2355,www.starflex.co.th
SFT,?????? ???????????? (?????????) ????? (?????),mai,????????????????,-,?????? 88/8 ???? 12 ??????????? ???????????? ??????????,24130,0-3808-6483,-,www.shrinkflexthailand.com
SGC,?????? ????? ???????? ????? (?????),SET,?????????????,????????????????????,?????????????? ?????? ???? 20 ?????? 72 ???????????? ?????????? ????????? ?????????????,10500,0-2028-2828,-,www.sgcapital.co.th
SGF,?????? ???????? ???????? ????? (?????),mai,?????????????,-,89/1 ???? 3 ??????????????? ???????????????? ????????? ?????????? ?????????????,10900,0-2232-1789,0-2232-1790,www.sgfcap.com
SGP,?????? ???????? ????? ?????????????? ????? (?????),SET,????????,?????????????????????,553 ?????????????????? ????? A ???? 30 ??????????? ???????????? ?????????? ?????????????,10400,0-2120-9999,0-2250-6008,www.siamgas.com
SHANG,?????? ??????-?? ?????? ????? (?????),SET,??????,?????????????????????????,89 ???????????? ???????????? ?????????? ????????? ?????????????,10500,0-2236-7777,0-2236-8579,www.shangri-la.com
SHR,?????? ??? ????? ????? ??????? ????? (?????),SET,??????,?????????????????????????,123 ????????????????? ?? ???? 10 ???????????????? ????????? ?????????? ?????????????,10900,0-2617-6467,-,http://www.shotelsresorts.com
SIAM,?????? ????????????????????????? ????? (?????),SET,??????????????????,????????????????????????????,51 ???? 2 ?????????????????? ??????????????? ?????????????? ???????????,10130,"0-2384-2876, 0-2384-3000, 0-2384-3040",0-2384-2330,http://www.siamsteel.com
SICT,?????? ??????? ?????? ????????? ????? (?????),mai,?????????,-,40 ?????????????????????? ?????????? ?????????? ?????????????,10900,0-2589-9991,0-2589-8881,www.sic.co.th
SIMAT,?????? ????? ????????? ????? (?????),mai,?????????,-,?????? 123/143-144 ??????????? ????????????? ???????????? ?????????????,10520,0-2326-0999,0-2326-1666,www.simat.co.th
SINGER,?????? ????????????????? ????? (?????),SET,??????,???????,"????? ??? ????????? ???? 17, 72 ???????????? ?????????? ????????? ?????????????",10500,0-2352-4777,0-2352-4799,www.singerthai.co.th
SINO,?????? ???? ?????????? ???????????? ????? (?????),SET,??????,??????????????????,?????? 1011 ???????????? ?????? ???????? ???? 7 ????? 05 ????????? 3 ????????????? ?????????? ?????????????,10120,0-2687-0477,0-2687-0486,www.sinologistics.co.th
SIRI,?????? ??????? ????? (?????),SET,??????????????????????????,????????????????????,????? ???? ?????? ?????? 59 ????????????????? ???????????????? ???????? ?????????????,10110,0-2027-7888,0-2109-5479,http://www.sansiri.com
SIRIPRT,?????????????????????????????????????????????,SET,??????????????????????????,??????????????????????????????????????????????????????????????????,?????? 90 ??????? 1 ??????????? ?????????????????? ????????????? ?????????????? ???????????,10130,0-2183-4567,-,-
SIS,?????? ???????? ????????????? (?????????) ????? (?????),SET,?????????,??????????????????????????????,?????? 9 ??????????? ??????? 9 ?????????? 901 ????????????? ?????????? ????????? ?????????????,10400,0-2020-3000,0-2020-3780,www.sisthai.com
SISB,?????? ?????????? ????? (?????),SET,??????,??????????????,498/12 ??????????? 39 (??????? 1) ?????????????? ????????????? ?????????????,10310,0-2158-9072,0-2158-9091,http://www.sisb.ac.th
SITHAI,?????? ?????????????????? ????? (?????),SET,????????????????,??????????,15 ????????????? ??? 36 ???????????? ?????????????? ?????????????,10140,0-2427-0088,"0-2427-7168, 0-2428-4418",www.srithaisuperware.com
SJWD,?????? ??????? ?????????????? ?????????? ????? (?????),SET,??????,??????????????????,?????? 36 ??????????????? ??????????? ?????????? ?????????????,10240,0-2710-4000,0-2710-4009,www.scgjwd.com
SK,?????? ????? ????? (?????),mai,??????????????????????????,-,53/35 ??????? 8 ???????????? ????????????????? ???????,11000,0-2035-7100-3,0-2035-7104-5,http://www.sirakorn.co.th
SKE,?????? ???? ???????? ????? (?????),SET,????????,?????????????????????,?????? 15 ??????? 1 ???????????????? ??????????? ????????,12160,0-2026-3451,0-2026-3452,www.sakolenergy.com
SKIN,?????? ???? ??????????? ????? (?????),mai,??????????????????,-,?????? 89 ????????/????? ??????????? ????? ???? 8 ????? P ??? ???????????? ????/???? ???????? ?????/??????????? ???????,11120,08-3597-9797,-,https://www.skinlabth.com
SKN,?????? ?.?????? ?????????????? ????? (?????),SET,??????????????????????????,?????????????,99/9 ??????? 7 ??????????? ????????? ?????,21110,0-3892-8188,0-3892-8189,http://www.skn.co.th
SKR,?????? ????????? ????? (?????),SET,??????,????????,?????? 976 ???????? ???????????? ???????? ?????????????,10260,-,-,http://www.sikarin.com
SKY,?????? ???? ?????? ????? (?????),SET,?????????,??????????????????????????????,?????? 55 ????? ??.??.???????? ????? ??????? 6-7 ????????????? ?????????? ????????? ?????????????,10400,0-2029-7888,0-2029-7879,www.skyict.co.th
SLP,?????? ????? ??????????? ????? (?????),SET,????????????????,??????????,?????? 19 ??????? 10 ??????????? ????????????? ????????,12120,0-2529-6000,0-2529-6010-11,www.saleeprinting.com
SMART,?????? ????????????? ????? (?????),mai,??????????????????????????,-,11 ??????? 9 ??????????-???? ????????????? ???????????? ??????,20220,0-3844-2500,0-3844-2521,www.smartblock.co.th
SMD100,?????? ????????? ???? ????? (?????),mai,??????????????????,-,"222, 222/1-2 ??????? 1 ????????????? ?????????? ???? 10 ??????????????? ?????????????? ?????????????? ???????",11110,"0-2527-8075-8, 0-2966-6467-8",0-2966-6471,www.smdrise.com
SMIT,?????? ??????????????? ????? (?????),SET,????????????????,????? ??? ?????????????,"42,48 ????????????????? ????????? 3 ????????????? ?????????? ?????????????",10120,"0-2295-1000-8, 0-2295-1901-9","0-2295-1009, 0-2295-1020",www.sahamit.co.th
SMO,?????? ??????????? ????? (?????),SET,???????????????????????,??????????????,?????? 119/1 ??????? 10 ????/???? ??????? ?????/??? ?????? ????????????,84170,0-7795-1470,0-7795-1471,www.smothonggroup.com
SMPC,?????? ????????????? ????? (?????),SET,????????????????,??????????,92 ???????????? 7 ??? 4 ??????????????-??????? ????????? ?????????????? ?????????????,10150,"0-2895-4139-58, 0-2416-5568-9","0-2416-5534, 0-2895-4163",www.smpcplc.com
SMT,?????? ?????? ??????????????????? (?????????) ????? (?????),SET,?????????,??????????????????????,?????? 586 ??????? 2 ??????????? ????????????? ???????????????,13160,0-3525-8555,0-3522-1778,www.starsmicro.com
SNC,?????? ??? ???? ?? ????????? ????? (?????),SET,????????????????,?????????????????????????????,?????? 333/3 ???? 6 ????????????? ??????????? ???????????,10560,"0-2108-0360-61,0-2108-0370-72",-,http://www.sncformer.com
SNNP,?????? ????????? ???????????? ????? (?????),SET,???????????????????????,???????????????????,325/6-9 ??????????? 7 ??????????? ???????????????? ???????? ?????????????,10300,0-2628-0408,0-2281-5161,https://www.snnp.co.th/
SNP,?????? ??? ????? ?? ???????? ????? (?????),SET,???????????????????????,???????????????????,?????? 2034/100-103 ????????????? ???????? ??????? 23 ?????????????????? ??????????? ??????????? ?????????????,10310,0-2785-4000,0-2785-4040,www.snpfood.com
SNPS,?????? ???????????? ???????? ???????? ????? (?????),SET,??????????????????,????????????????????????,700/364 ??????? 6 ?????????????? ?????????? ??????,20000,0-3845-8698,0-3845-8697,www.snpspcl.com
SO,?????? ??????????? ????? (?????),SET,??????,??????????????,329 ???? 10 ?????????????? ??? 1 ??????????????? ????????? ?????????????? ???????????,10130,0-2363-9300,0-2363-9377,https://www.siamrajathanee.com/page-for-ir/
SOLAR,?????? ?????????? ????? (?????),SET,??????????????????????????,?????????????????????,"77/31,32,33 ???????????? 15 ??? 2 ??????????????? ?????????? ?????????????",10210,0-2055-9101-3,0-2055-9104,http://www.solartron.co.th
SONIC,?????? ????? ???????????? ????? (?????),mai,??????,-,79/349-350 ???? 1-2 ??????????????? ????????????? ?????????? ?????????????,10120,0-2213-2999,0-2213-2533,www.sonic.co.th
SORKON,?????? ?. ????????????? ????? (?????),SET,???????????????????????,???????????????????,259/13 ???????? ??????? 13 ??????????? 71 (????? ???????) ???????????????? ???????? ?????????????,10110,0-2391-1010,0-2391-1792,http://www.sorkon.co.th
SPA,?????? ??????????????? ????? (?????),SET,??????,?????????????????????????,"?????? 565,567 ????? ??.??.???? ???? 22 ?????????? ????????????????? ?????????? ????????? ?????????????",10400,0-2641-6619-20,0-2641-6621,http://www.siamwellnessgroup.com
SPACK,?????? ???. ???? ????? ??????? ????? (?????),SET,????????????????,??????????,119 ???? 1 ???????????? ??????????? ???????????? ?????,90110,0-7426-0602-9,"0-7426-0600-1,0-7444-7128",www.spack.co.th
SPALI,?????? ??????? ????? (?????),SET,??????????????????????????,????????????????????,?????????????????????????? 1011 ????????? 3 ????????????? ?????????? ?????????????,10120,0-2725-8888,0-2683-2177,http://www.supalai.com
SPC,?????? ??????????? ????? (?????),SET,??????,???????,2156 ?????????????????? ??????????? ??????????? ?????????????,10310,0-2318-0062,0-2319-1678,www.sahapat.co.th
SPCG,?????? ????????? ????? (?????),SET,????????,?????????????????????,?????? 1 ????????????? ?????? ???? ???? 10 ????????????? ???????????????? ???????? ?????????????,10110,0-2011-8100-10,0-2011-8112,www.spcg.co.th
SPG,?????? ?????????????? ????? (?????),SET,????????????????,???????,488 ???????????? ???????????????? ???????? ?????????????,10300,0-2280-0202-17,0-2280-6305,http://www.siampangroup.com
SPI,?????? ?????????????????????? ????? (?????),SET,??????,???????,?????? 989 ????????? 3 ????????????? ?????????? ?????????????,10120,0-2294-9999,-,www.spi.co.th
SPRC,?????? ????? ?????????? ?????????? ????? (?????),SET,????????,?????????????????????,?????? 1 ????? - ????? ???????????? ??????????????? ?????,21150,0-3869-9000,0-3869-9999,www.sprc.co.th
SPREME,?????? ?????? ???????????? ????? (?????),SET,?????????,??????????????????????????????,?????? 2/1 ?????????????????? 5 ?????????????????? ??????????? ????????? ?????????????,10230,0-2943-8182,0-2943-8191,www.supreme.co.th
SPRIME,???????????????????????????????????????????????? ??? ????? ????,SET,??????????????????????????,??????????????????????????????????????????????????????????????????,?????? 123 ????????????????? ?? ???? 37 ???????????????? ????????? ?????????? ?????????????,10900,"0-2617-6465,0-2050-5555-259",-,-
SPTX,?????? ??????? ????? ????? (?????),mai,??????,-,944 ??????????????????????? ??????? 28 ?????????? 2807-2810 ????????? 4 ??????????? ?????????? ?????????????,10330,0-2273-8351,0-2273-8359,www.newsnetwork.co.th
SPVI,?????? ??? ?? ?? ?? ????? (?????),mai,?????????,-,"?????? 2 ?????????????????? ???? 1 ??? A, 3 ??? A, ??? B ???????????? 2 ?????????????? ??????????? ????????? ?????????????",10250,0-2559-2901-10,0-2559-2488,http://www.spvi.co.th
SQ,?????? ??????????????? ????? (?????),SET,??????????????????????????,?????????????????????,?????? 47/10 ??????????? 4 ???????????????? ?????????? ?????????? ?????????????,10900,0-2941-0888,0-2941-0881,www.sahakol.com
SR,?????? ??????? ????? (?????),mai,????????,-,289/9 ?.10 ?.???????????? ????????? ?????????????? ???????????,10130,0-2743-5010-25,0-2743-5007-8,www.siamrajplc.com
SRICHA,?????? ??????????????????? ????? (?????),SET,??????????????????????????,?????????????????????,?????? 97 ??????? 3 ????????????? ???????????? ??????,20110,0-3831-7555,0-3831-7577,www.sricha.com
SRIPANWA,??????????????????????????????????????????????????,SET,??????????????????????????,??????????????????????????????????????????????????????????????????,?????? 2922/198 ?????????????????????? 2 ???? 10 ?????????????????? ??????????? ??????????? ?????????????,10310,0-2308-2022,0-2308-2022,www.cireit.com
SRS,?????? ????????? ????? (?????),mai,?????????,-,89 ??????????? ???????? ????????? ???? 15 ????????????? ?????????? ????????? ?????????????,10400,"0-2006-5397,0-2006-3098",-,https://www.sirisoft.co.th/
SSF,?????? ??????????? ????? (?????),SET,???????????????????????,???????????????????,247 ???? 1 ???????????? ????????????? ?????????? ???????????,10270,0-2385-3038-54,"0-2385-3176, 0-2385-3179",www.surapon.com
SSP,?????? ?????????? ???????? ???????????? ????? (?????),SET,????????,?????????????????????,325/14 ??????????? ???????????????? ???????? ?????????????,10300,0-2628-0991-2,0-2628-0993,www.sermsang.com
SSPF,???????????????????????????????????,SET,??????????????????????????,??????????????????????????????????????????????????????????????????,898 ????????????????????? ???? 1 - 2 ????? ??????? 12 ??????????? ??????????? ?????????? ?????????????,10330,0-2657-5757,-,-
SSSC,?????? ???????????????????? ????? (?????),SET,????????????????,????? ??? ?????????????,51/3 ???? 2 ?????????????????? ??????????????? ?????????????? ???????????,10130,"0-2385-9251-2, 0-2385-9258-66, 0-2754-5845-9","0-2385-9241, 0-2385-9253",http://www.ssscth.com
SST,?????? ???????????? ????? (?????),SET,???????????????????????,???????????????????,?????? 206 ??????????? ???? 4 ??????????? 20 ??????????? ?????????? ?????????????,10250,0-2318-5514-5,-,http://www.subsrithai.co.th
SSTRT,????????????????????????????????????????????????,SET,??????????????????????????,??????????????????????????????????????????????????????????????????,?????? 206 ??????????? ???? 4 ??????????? 20 ??????????? ?????????? ?????????????,10250,0-2318-5514-5,-,www.sstrm.co.th
STA,?????? ????????????????????? ????? (?????),SET,???????????????????????,??????????????,10 ??? 10 ??????????? ??????????? ???????????? ?????,90110,0-7434-4663,"0-7434-4676, 0-7434-4677, 0-7423-7423",www.sritranggroup.com
STANLY,?????? ??????????????????? ????? (?????),SET,????????????????,???????,29/3 ???? 1 ?????????-?????? ???????????? ?????????? ????????,12000,0-2581-5462,0-2581-5397,www.thaistanley.com
STARM,?????? ????? ?????? ????? (?????),SET,?????????????,????????????????????,?????? 204/1-8 ??????????? ????????????? ????????? ?????,21110,06-1393-9988,-,www.starmoney.co.th
STC,?????? ??????? ??????????????? ????? (?????),mai,??????????????????????????,-,220/26 ??????? 6 ??????????? ??????????? ????????????? ??????,20150,0-3842-3115-6,0-3842-6519,http://www.stc.co.th/
STECH,?????? ????????????????? ????? (?????),SET,??????????????????????????,?????????????,50 ????????????? 47 ??? 20 (?????? 2/18) ????????????? ??????????????? ?????????? ?????????????,10210,0-2589-3888,0-2589-8911,www.stec.co.th
STECON,?????? ?????? ????? ????? (?????),SET,??????????????????????????,?????????????????????,32/59-32/60 ?????????-??? ???????? ??????? 29 - 30 ??????????? 21 (???????) ???????????????? ???????? ?????????????,10110,0-2260-1321,-,https://www.stecongroup.co.th
STELLA,?????? ??????? ?????? ????? (?????),SET,??????????????????????????,????????????????????,?????? 2922/209 ?????????????????????? 2 ???? 13 (12 ??) ?????????????????? ??????????? ??????????? ?????????????,10310,0-2030-1399,-,www.nusasiri.com
STGT,?????? ????????????? (?????????) ????? (?????),SET,??????????????????,????????????????????????,?????? 110 ???????????? ???????? ???????????? ?????,90230,0-2207-4500,0-2108-2241-44,www.sritranggloves.com
STI,?????? ?????????? ???????? ????? (?????),SET,??????????????????????????,?????????????????????,163 ????????????????? (????? 19) ?????????? ????????? ?????????????,10400,0-2690-7462,0-2690-7463,www.sti.co.th
STOWER,?????? ???? ???????? ????? (?????),mai,????????,-,?????? 247 ??????????? ?????????? ?????????? ?????????????,10510,0-2543-9020-8,0-2543-9029,www.skytower.co.th
STP,?????? ?????????????????????????? ????? (?????),mai,????????????????,-,200/1 ??????????????? 42 ????????????? ?????????? ?????????????,10700,0-2423-0051-2,0-2424-7027,http://sahathaiprinting.com
STPI,?????? ??????? ????? ?? ????? (?????),SET,??????????????????????????,?????????????????????,32/24 ?????????-??? ???????? ???? 3 ?.???????? 21 (????) ???????????????? ???????? ?????????????,10110,0-2260 -1181,0-2260 -1182,www.stpi.co.th
STX,?????? ??????? ????? (?????),mai,??????????????????????????,-,29 ??????????? ???????? ????????? ???? 14 ??????????? 63 ???????????????? ???????? ?????????????,10110,0-2391-9301,0-2391-9302,https://www.stoneone.co.th
SUC,?????? ?????????? ????? (?????),SET,??????????????????,??????,1828 ??????????? ?????????????? ?????????? ?????????????,10260,0-2311-5111-9,0-2311-6867,www.sahaunion.co.th
SUN,?????? ??????? ????? (?????),SET,???????????????????????,???????????????????,9 ??????? 1 ????????????? ?????????????? ?????????,50120,0-5310-6538-40,0-5310-6541,www.sunsweetthai.com
SUPER,?????? ???????? ?????????? ????????????? ????? (?????),SET,????????,?????????????????????,223/61 ???????????? ?????????? ??????? ???? 14 ??????????? ???????????? ???????? ?????????????,10260,0-2361-5599,0-2361-5036,www.supercorp.co.th
SUPEREIF,????????????????????????????????? ???????? ??????????,SET,????????,?????????????????????,175 ?????????????????????? ???? 7 ???? 21 ??????? 26 ?????????? ?????????????? ??????? ?????????????,10120,0-2674-6488,0-2679-5996,http://www.supereif.com
SUSCO,?????? ?????? ????? (?????),SET,????????,?????????????????????,139 ?????????????? ???????????? ?????????????? ?????????????,10140,0-2428-0029,"0-2427-6270, 0-2427-6460",www.susco.co.th
SUTHA,?????? ?????????? ????? (?????),SET,????????????????,?????????????????????,89 ?????????? ?????? ????? ???? 6 ???????? ???????????? ???????????? ????????????? ???????,11120,0-2017-7461-3,0-2017-7460,www.goldenlime.co.th
SVI,?????? ??????? ????? (?????),SET,?????????,??????????????????????,?????? 141-142 ??????? 5 ??????????? ??????????? ?????????? ????????,12000,0-2105-0456,0-2105-0466,www.svi.co.th
SVOA,?????? ????????? ????? (?????),SET,?????????,??????????????????????????????,?????? 1023 ????????? ??? ???????????? ???? 31 ????????? 3 ????????????? ?????????? ?????????????,10120,0-2686-3000,0-2682-6300,www.svoa.co.th
SVR,?????? ???????? ??????????? ????? (?????),mai,??????????????????????????,-,?????? 662/45 ????????? 3 ????????????? ?????????? ?????????????,10120,02-295-3361,-,www.sivarom.co.th
SVT,?????? ?????????? ????????? ????? (?????),SET,??????,???????,?????? 34 ??????????????? ??????????? ?????????? ?????????????,10240,0-2295-4284,0-2683-6548,www.sunvending.co.th
SWC,?????? ????????? ???????????? (?????????) ????? (?????),mai,????????????????,-,?????? 1252 ???????? ???????? 2 ????? 1 ??????? 2 ??????????? ??????????? ?????????? ?????????????,10250,0-2320-2288,0-2320-2670,www.sherwood.co.th
SYMC,?????? ???????? ????????????? ????? (?????),SET,?????????,??????????????????????????????,123 ???????????? ??????? ???? 35-36 ???????????????? ????????? ?????????? ?????????????,10900,0-2101-1111,0-2101-1133,www.symphony.net.th
SYNEX,?????? ??????? (?????????) ????? (?????),SET,?????????,??????????????????????????????,?????? 433 ??????????????? ???????????? ??????????? ?????????????,10230,0-2553-8888,0-2578-8181,http://www.synnex.co.th
SYNTEC,?????? ??????? ???????????? ????? (?????),SET,??????????????????????????,?????????????????????,555/7-11 ??????????? 63 (??????) ??????????? 63 ???????????????? ???????? ?????????????,10110,0-2381-6333,0-2711-5183,www.synteccon.com
TACC,?????? ??.??.??. ?????????? ????? (?????),mai,???????????????????????,-,9/231-233 ??????????????????? ???? 23 ??????????? ??????????? ?????????? ?????????????,10250,0-2717-2898,0-2717-2899,www.tacconsumer.com
TAE,?????? ??? ????? ???????????? ????? (?????),SET,????????,?????????????????????,888/114 ????????????????? ???? 11 ??????????? ??????????? ?????????? ?????????????,10330,0-2627-3890-4,0-2627-3889,www.thaiagroenergy.com
TAKUNI,?????? ?????? ????? ????? (?????),mai,????????,-,?????? 46/7 ??????????????????? A ???? 12 ????????????? ???????????? ??????????? ?????????????,10310,0-2455-2888,0-2455-2763,www.takunigroup.com
TAN,?????? ?????? ????? ???????????? ????? (?????),SET,??????,???????,999/9 ??????? ????????? ??? ?????????????? ?????????? ???????????? 2807 ??? ???????????? 2812 ???? 28 ????????? 1 ??????????? ?????????? ?????????????,10330,0-2264-5081,-,www.tanachira.co.th
TAPAC,?????? ??????? ????? (?????),mai,??????????????????????????,-,789/40 ???? 1 ??????????? ???????????? ??????,20230,0-3829-6339-41,0-3829-6342,www.tapaco.com
TASCO,?????? ?????????????? ????? (?????),SET,??????????????????????????,?????????????,118/1 ????????? 6 ????????? ???????? ?????????????,10400,0-2273-6000,0-2273-6030,http://www.tipcoasphalt.com
TATG,?????? ??? ???? ????? ????? ??? ????? (?????),mai,????????????????,-,"45/6, 45/9 ???? 11 ????????????? ???????????????? ????????",12140,0-2598-3876-9,-,www.thaiautotools.co.th
TBN,?????? ???????? ???????????? ????? (?????),mai,?????????,-,54 ????? ??.??.??????? ???? 1501 - 1502 ???? 15 ??????????? 21 (????) ???????????????? ???????? ?????????????,10110,0-2258-5841,0-2258-5842,www.tbn.co.th
TC,?????? ??????????????? (?????????) ????? (?????),SET,???????????????????????,???????????????????,1/1 ???? 2 ???????????? ???????????? ???????????? ?????,90110,0-7427-3600,0-7427-3691-4,www.tropical.co.th
TCAP,?????? ???????? ????? (?????),SET,?????????????,??????,444 ????????????? ???????? ???? 16-17 ???????? ??????????? ?????????? ?????????????,10330,"0-2217-8000, 0-2217-8199, 0-2217-8444",0-2217-8312,www.thanachart.co.th
TCC,?????? ??? ???????? ???????????? ????? (?????),SET,????????,?????????????????????,87/2 ????????????????????? ???? 45 ??????????????? ???????? ??????????? ?????????? ?????????????,10330,0-2685-3600,0-2685-3607,www.thaicapital.co.th
TCJ,?????? ??.??.??.?????? ????? (?????),SET,????????????????,?????????????????????????????,3/4 ???? 9 ????????- ???? ?? 18 ??????????? ??????????? ???????????,10540,0-2312-6699,0-2312-6711,www.tcjasia.com
TCMC,?????? ???????? ???????????? ????? (?????),SET,??????????????????,????????????????????????????,?????? 2054 ?????????????????? ??????????? ??????????? ?????????????,10310,0-2318-3960-2,0-2318-3962,www.tcm-corporation.com
TCOAT,?????? ????????????????????????????? ????? (?????),SET,????????????????,??????????,99/9 ???? 8 ?????? 304 ???????????? ??????????????? ??????????,25140,0-2464-3260-6,0-2463-5845,-
TEAM,?????? ???????????? ????? (?????),SET,?????????,??????????????????????,198 ???? 13 ??????????? ?????????????? ?????????? ??????????,25000,0-3740-3336-40,0-3740-3345,www.teampcba.com
TEAMG,?????? ??? ?????????? ????????????? ????? ?????????? ????? (?????),SET,??????????????????????????,?????????????????????,151 ???????????? ????????????? ?????????? ?????????????,10230,0-2509-9000,0-2509-9090,www.teamgroup.co.th
TEGH,?????? ???????????? ????? ????????? ????? (?????),SET,???????????????????????,??????????????,?????? 171 ??????? 2 ?????????-???? ????????? ????????????? ??????,20190,0-3816-8555,0-3816-8560,www.thaieasterngroup.com
TEKA,?????? ???????????? ????? (?????),SET,??????????????????????????,?????????????????????,28 ????????????? 6 ?????????? ????????????????? ???????,11000,0-2965-9995,-,https://www.tekacon.com
TERA,?????? ??????????? ???? ????? (?????),mai,?????????,-,?????? 230 ??????? ??? ???????? ???? 12 ????????????? ???????????? ??????????? ?????????????,10310,0-2692-8731 Ext. 4,0-2692-8738,https://www.terabyteplus.com
TFFIF,????????????????????????????????????????????,SET,??????,??????????????????,?????? 1 ????????????????????? ???? 32 ?????????? ??????????? ??????? ?????????????,10120,0-2686-6100,0-2670-0430,www.tffif.com
TFG,?????? ????????? ????? ????? (?????),SET,???????????????????????,???????????????????,?????? 1010 ???????????????????? 3 ???? 12 ???????????????? ??????????? ?????????? ?????????????,10900,0-2513-8989,0-2513-9060,www.tfg.co.th
TFI,?????? ?????????????????????????? ????? (?????),SET,????????????????,??????????,73/3 ???? 4 ????????-???? ?.?.13 ??????????? ??????????? ???????????,10540,"0-2316-9558 , 0-2750-1350-67","0-2316-9687,0-2316-6225",http://www.thaifutureinc.com
TFM,?????? ??????????? ???????? ????? (?????),SET,???????????????????????,??????????????,?????? 89/1 ??????? 2 ????????? 2 ????????? ?????????? ?????????,74000,0-3441-7222,0-3441-7255,www.thaiunionfeedmill.com
TFMAMA,?????? ?????????????????? ????? (?????),SET,???????????????????????,???????????????????,304 ?????????????? ??????????? ?????????? ?????????????,10240,0-2374-4730,0-2374-7743,http://www.mama.co.th
TGE,?????? ?????? ???? ???????????? ????? (?????),SET,????????,?????????????????????,159 ??????? 3 ?????????? ??????????? ????????????,84150,0-7727-7790,0-7727-7711,https://www.tge.co.th
TGH,?????? ???????? ????????? ????? (?????),SET,?????????????,???????????????????????,?????? 315 ????????????? ??????? 12 ??????? ???????? ????????? ?????????????,10500,0-2632-1224,-,https://www.tgh.co.th
TGPRO,?????? ???-??????? ???????? ????? (?????),SET,????????????????,????? ??? ?????????????,99 ???????????-??????? ???????????? ?????????? ?????,21150,0-3860-6061-5,0-3860-6066,www.tgpro.co.th
TH,?????? ?????? ??????? ????? (?????),SET,?????????????,????????????????????,877-881 ???????????? ???????????? ?????????????? ?????????????,10100,0-2236-9171-6,0-2238-5286,www.thaizhonghua.com
THAI,?????? ????????? ????? (?????),SET,??????,??????????????????,89 ???????????????? ????????? ?????????? ?????????????,10900,0-2356-1111,0-2513-0203,http://www.thaiairways.com
THANA,?????? ??????? ????? ????? (?????),mai,??????????????????????????,-,"650, 652 ????????????? ???????????? ?????????? ?????????????",10700,0-2886-4888,0-2886-4878,http://www.thanasiri.com
THANI,?????? ?????????????? ????? (?????),SET,?????????????,????????????????????,"???????????????????? ???? 11 UP, 77/35-36 ????????????? ?????????????? ?????????? ?????????????",10600,0-2431-9000,-,www.ratchthani.com
THCOM,?????? ????? ????? (?????),SET,?????????,??????????????????????????????,87/1 ????????????? ???????? ???? 23 ???????? ??????????? ?????????? ?????????????,10330,0-2591-0736-49,"0-2591-0705, 0-2299-5252",www.thaicom.net
THE,?????? ???? ???? ????? (?????),SET,????????????????,????? ??? ?????????????,1401 ????????? ????????????? ????????? ?????????????,10150,0-2894-8889-90,0-2408-0272-4,www.thesteel.co.th
THG,?????? ?????? ????????? ????? ????? (?????),SET,??????,????????,34/1 ?????????? 44 ???????????? ?????????? ?????????????,10700,0-2487-2000,0-2159-0336,http://www.thg.co.th/
THIP,?????? ?????????????????? ????? (?????),SET,????????????????,??????????,123 ???????????????? ?????????? ?????????????,10900,0-2273-8333,0-2617-6868-70,www.thantawan.com
THMUI,?????? ??????? ???????????? ????? (?????),mai,??????,-,759 ???????????? ???????????? ?????????????? ?????????????,10100,0-2235-2940-9,"0-2236-8336, 0-2639-4022",www.thaimui.co.th
THRE,?????? ?????????????????? ????? (?????),SET,?????????????,???????????????????????,100/3-4 ???????????? ???????? ??????? 3-4 ???????????? ???????? ????????? ?????????????,10500,"0-2660-6111, 0-2666-8088","0-2660-6100, 0-2666-8080",www.thaire.co.th
THREL,?????? ???????????????? ????? (?????),SET,?????????????,???????????????????????,?????? 92/7 ????????????? 2 ??????? 6 ???????????? ???????? ????????? ?????????????,10500,0-2666-9000,0-2277-6227,www.thairelife.co.th
TIDLOR,?????? ?????? ????????? ????? (?????),SET,?????????????,????????????????????,428 ??????????? ????? ???? 15 ??????????? ???????????? ???????? ?????????????,10400,08-8088-0880,-,-
TIF1,??????????????????????????????????????? 1,SET,??????????????????????????,??????????????????????????????????????????????????????????????????,"?????? 989 ????????????????????????? ???? 9, 24 ????????? 1 ?????????? ?????????????",10330,0-2659-8888,0-2659-8860-1,-
TIGER,?????? ??? ???????? ??????? ????? (?????),mai,??????????????????????????,-,88 ??????? 4 ???????????? ???????????? ???????,11130,0-2886-7608,0-2886-7609,www.thaienger.com
TIPCO,?????? ??????????? ????? (?????),SET,???????????????????????,???????????????????,118/1 ????????? 6 ????????? ???????? ?????????????,10400,0-273-6200,"0-2271-4304,0-2271-1600",http://www.tipco.net
TIPH,?????? ???? ????? ????????? ????? (?????),SET,?????????????,???????????????????????,?????? 1115 ????????? 3 ????????????? ?????????? ?????????????,10120,0-2239-2200,0-2239-2049,www.dhipayagroup.co.th
TISCO,?????? ????????????????????? ????? (?????),SET,?????????????,??????,48/49 ??????????????????? ???? 21 ???????????? ???????? ????????? ?????????????,10500,0-2633-6888,0-2633-6880,http://www.tisco.co.th
TITLE,?????? ???????? ????????????? ????? (?????),SET,??????????????????????????,????????????????????,?????? 444 - 444/1 ????????????? ???????????? ??????????? ?????????????,10310,0-2103-6444,0-2103-2444,www.thetitleresidence.com
TK,?????? ?????? ????? (?????),SET,?????????????,????????????????????,69 ??????????? ??????????? ?????????? ?????????????,10240,0-2310-7000,0-2318-3339,www.tk.co.th
TKC,?????? ?????????? ????????????? ???????? ????? (?????),SET,?????????,??????????????????????????????,44/44 ???????????????? 60 ??? 18-1-2 ?????????????? ?????????? ?????????????,10210,0-2401-8222,0-2940-9868,www.tkc-services.com
TKN,?????? ??????????? ????????????????????? ????? (?????),SET,???????????????????????,???????????????????,?????? 337 ????????????? ?????????? ????????????? ???????,11120,0-2984-0666,0-2984-0118,www.taokaenoi.co.th
TKS,?????? ??.??.???. ????????? ????? (?????),SET,??????,????????????????,30/88 ???? 1 ???????????? ?????????? ?????????? ?????????,74000,0-2784-5888 (50 Lines),"0-2784-5858, 0-2784-5860",http://www.tks.co.th
TKT,?????? ??.????????????????? ????? (?????),SET,????????????????,???????,23 ????????? 43 ??? 21 ?????????????? ??????? ?????????????,10120,"0-2211-2762, 0-2211-3732, 0-2212-4719",0-2212-4864,www.tkrungthai.com
TL,?????? ?????? ?????????? ????? (?????),SET,???????????????????????,??????????????,1319 ?????????? ???????? ??????? 26 ??????????? ???????????????? ???????? ?????????????,10110,0-2392-9750,-,https://www.techleadnpn.co.th/
TLHPF,???????????????????????? ???????? ????????????,SET,??????????????????????????,??????????????????????????????????????????????????????????????????,"?????? 989 ????????????????????????? ???? 9, 24 ????????? 1 ?????????? ?????????????",10330,0-2659-8888,0-2659-8860-1,www.one-asset.com
TLI,?????? ?????????????? ????? (?????),SET,?????????????,???????????????????????,?????? 123 ??????????????????? ????????????? ?????????? ????????? ?????????????,10400,0-2247-0247,0-2246-9946,http://www.thailife.com
TM,?????? ???????????? ????? (?????),mai,??????????????????,-,?????? 29 ??????????? 92 ??????????? ????????????? ?????????????,10310,"0-2933-6112, 0-2933-6119",0-2933-9763,www.technomedical.co.th
TMAN,?????? ??.??? ????????????? ????? (?????),SET,??????????????????,????????????????????????,69/1 ?????????????? 14 ?????????????? ????????? ?????????????? ?????????????,10150,0-2415-1007,0-2416-1241,www.tmanpharmaceutical.com
TMC,?????? ??.????.??. ?????????? ????? (?????),mai,????????????????,-,125/10 ????5 ?.??????? ?.????? ??????,20000,0-3827-1933,0-3827-1931,www.tmc.co.th
TMD,?????? ???????????????????? ????? (?????),SET,????????????????,??????????,"????????????? ?????? ?????????? ???? 35, 193/142 ????????????? ??????????? ?????????? ?????????????",10110,0-2264-0817-9,0-2264-0820,www.thaimetaldrum.com
TMI,?????? ???????? ?????????? ????? (?????),mai,????????????????,-,46/67 - 69 ??????????????? ??????? 3 ?????????????????????????? ????????????? ?????????? ?????????,74000,0-3485-4629,0-3485-4630,www.thaiballast.com
TMILL,?????? ?? ??? ????????? ????? (?????),mai,???????????????????????,-,90/9 ???? 1 ?.??????????????? ?.????????? ?.????????? ???????????,10130,0-2017-9999,"0-2017-9999 Ext.111,0-2017-9999 Ext. 222",www.tmill.co.th
TMT,?????? ???????? ???? ????? (?????),SET,????????????????,????? ??? ?????????????,"???????????????????????? ???? 22, 179 ?????????? ?????????????? ??????? ?????????????",10120,0-2685-4000,0-2670-9090-2,www.tmtsteel.co.th
TMW,?????? ?????????? ????? (?????),mai,????????????????,-,31 ??????? 2 ?????????????? ?????????? ????????,12000,"0-2581-5558-60, 0-2581-2157-61","0-2581-6160, 0-2581-3796",http://www.thaimitsuwa.com
TNDT,?????? ??? ???? ?? ?? ????? (?????),mai,??????,-,19 ???????? 8 ??????????? ??????????? ?????????? ?????????????,10240,0-2735-0801,0-2735-1941,www.tndt.co.th
TNH,?????? ???????????????????? ????? (?????),mai,??????,-,?????? 345 ?????????? ?????????????? ???????? ?????????????,10260,"0-2340-6488, 0-2340-6499, 0-2340-7777",0-2340-6431,www.thainakarin.co.th
TNITY,?????? ???????? ????? ????? (?????),SET,?????????????,????????????????????,?????? 1 ?????????? ???? ??????? 22 ??????????? ???????? ????????? ?????????????,10500,0-2088-9100,0-2088-9399,www.trinitythai.com
TNL,?????? ????????? ????? (?????),SET,?????????????,????????????????????,989 ?????????????? ???????? ??????? 33 ????????? 3 ????????????? ?????????? ?????????????,10120,0-2080-0649,-,www.tnl.co.th
TNP,?????? ???????? ????? (?????),mai,??????,-,?????? 329 ???? 8 ??????????? ?????????????????? ????????,57100,0-5377-6144,-,www.thanapiriya.co.th
TNPC,?????? ??????????????? ????? (?????),SET,????????????????,???????,40 ???? 7 ??????????? ??.23 ???????????? ??????????????? ?????????,74130,"0-2810-3000, 0-2420-9968-74","0-2810-3933, 0-2420-1827, 0-2420-9967",www.thainam.com
TNPF,???????????????????????????????????????????????,SET,??????????????????????????,??????????????????????????????????????????????????????????????????,44 ??????????????? ??? ???? 16 ?????????? ??????????? ?????????? ?????????????,10330,0-2686-9500,0-2657-3167,www.cimb-principal.co.th
TNR,?????? ??????????????????????????? ????? (?????),SET,??????????????????,????????????????????????,?????? 1 ?????????????? ?????????????? ??????? ?????????????,10120,0-2210-8888,0-2210-8821,www.tnrcondom.com
TOA,?????? ?????? ?????? (?????????) ????? (?????),SET,??????????????????????????,?????????????,31/2 ???? 3 ????????-???? ???????????? ????????????? ???????????,10570,0-2335-5555,0-2312-8919,www.toagroup.com
TOG,?????? ??????????? ????? ????? (?????),SET,??????????????????,????????????????????????,15/5 ???? 6 ????????????-?????????? ????????? ?????????????? ???????,11110,0-2194-1145-50,-,http://www.thaiopticalgroup.com
TOP,?????? ???????? ????? (?????),SET,????????,?????????????????????,?????? 555/1 ???????????????? ?????????? ??????? ???? 11 ???????????????? ??????????? ?????????? ?????????????,10900,"0-2797-2999, 0-2299-0000",0-2797-2970,www.thaioilgroup.com
TOPP,?????? ??? ??.??.??. ????? (?????),SET,????????????????,??????????,1741 ????????? ?????????????? ??????? ?????????????,10120,"0-2678-1051-5, 0-2285-4940","0-2285-4991, 0-2285-4942",www.topp.co.th
TPA,?????? ??????????????? ????? (?????),SET,????????????????,?????????????????????,60-61 ???? 9 ?????????????? 4 ?????????????? ???????????? ??????,73220,"0-2429-2020, 0-2429-2487-8, 0-2889-8720-5","0-2429-2541, 0-2429-2534, 0-2888-5951",http://www.thaipolyacrylic.com
TPAC,?????? ??????? ???????????? ????? (?????),SET,????????????????,??????????,77 ???????????? 30 ??????????????-??????? ??????????? ?????????????? ?????????????,10150,0-2897-2250-1,0-2897-2426,www.thaiplaspac.com
TPBI,?????? ???????? ????? (?????),SET,????????????????,??????????,42/174 ??????? 5 ??????????????????? ??????????? ?????????? ???????????? ??????,73210,0-2429-0354-7,"0-2429-0358, 0-2812-5030",www.tpbigroup.com
TPCH,?????? ?????? ??????????????? ????? (?????),mai,????????,-,4/2 ????????????????? 29 ??? 8 ????????????????? ???????????? ??????????? ?????????????,10230,0-2943-2935-6,-,http://www.tpcpower.co.th
TPCS,?????? ????????? ????? (?????),SET,????????????????,?????????????????????????????,?????? 489 ???????????? 3 ??????????? ???????????? ?????????????,10120,0-2294-0071,-,www.tpcsplc.com
TPIPL,?????? ?????? ????? ????? (?????),SET,??????????????????????????,?????????????,26/56 ???????????????? ?????????????? ??????? ?????????????,10120,"0-2213-1039-49, 0-2285-5090-9","0-2213-1035, 0-2213-1038",http://www.tpipolene.co.th
TPIPP,?????? ?????? ????? ???????? ????? (?????),SET,????????,?????????????????????,?????? 26/56 ???????????????? ?????????????? ??????? ?????????????,10120,"0-2285-5090-9, 0-2213-1039",0-2213-1035,www.tpipolenepower.co.th
TPL,?????? ??????????? ????? (?????),mai,??????,-,?????? 1018 ??????????? ?????????? ???????????? ?????????????,10520,0-2360-7788,0-2360-7525,www.thaiparcels.com
TPLAS,?????? ???????????????????? (1994) ????? (?????),mai,????????????????,-,?????? 53/1 ??????? 4 ?????????????? ????????????? ???????????? ???????,11140,0-2191-8288-9,0-2191-8290,http://www.tpic.co.th
TPOLY,?????? ???????????? ????? (?????),SET,??????????????????????????,?????????????????????,"2,4 ?.?????????????? 29 ??? 8 ????????????????? ???????????? ??????????? ?????????????",10230,"0-2942-6491-6, 0-2943-2930-8",0-2942-6497-8,www.thaipolycons.co.th
TPP,?????? ???????????????????????? ????? (?????),SET,????????????????,??????????,9/9 ???? 6 ??????????? ???????????? ??????????? ???????????,10540,"0-2175-2201-8, 0-2175-2210-6","0-2175-2209, 0-2175-2218",www.tpppack.com
TPRIME,??????????????????????????????????????????????????????????? ????? ?????????????,SET,??????????????????????????,??????????????????????????????????????????????????????????????????,388 ???????????? ???????? ???? 39 ???? 3903 ??????????? ??????????? ?????????? ?????????????,10110,0-2258-4515,0-2258-4519,www.tprimereit.com
TPS,?????? ?????????????????????? ????? (?????),mai,?????????,-,?????? 99 ????????????? ????????????? ?????????? ?????????? ?????????????,10900,0-2112-9999,0-2112-9998,https://www.thepractical.co.th
TQM,?????? ????????? ????? ????? (?????),SET,?????????????,???????????????????????,123 ????????????? ???????????? ??????????? ?????????????,10230,0-2119-8888,0-2119-9000,https://www.tqmalpha.com
TQR,?????? ?? ??? ???? ????? (?????),mai,?????????????,-,46/7 ??????????????????? ???? 8 ????????????? ???????????? ??????????? ?????????????,10310,0-2150-8560,0-2150-8563,https://www.tqr.co.th
TR,?????? ???????? ????? (?????),SET,??????????????????,??????,"????????????????? ???? 16, 888/160-161 ??????????? ??????????? ?????????? ?????????????",10330,"0-2626-6377,0-2626-6383,0-2253-6749-53",-,www.thairayon.com
TRC,?????? ???????? ???????????? ????? (?????),SET,??????????????????????????,?????????????????????,?????? 8 ???????????? 5 ??? 32 ??????????? ????????? ?????????????,10220,0-2022-7777,0-2022-7788,www.trc-con.com
TRITN,?????? ?????? ??????? ????? (?????),SET,??????????????????????????,?????????????????????,?????? 60 ?????????????????? 19 ?????????????????? ???????????? ??????????? ?????????????,10230,0-2553-5000,0-2553-5091,www.triton.co.th
TRP,?????? ???????? ?????? ????? (?????),mai,??????,-,?????? 549 ?????????????????????? ?????????? ????????? ?????????????,10600,0-2438-4444,-,teerapornclinic.com
TRT,?????? ?????? ????? (?????),mai,????????????????,-,"???????????????????, 516/1 ???? 4 ??????????? ?????????? ?????????? ???????????",10280,0-2769-7699,-,www.tirathai.co.th
TRU,?????? ?????????????????? ????? (?????),SET,????????????????,???????,304 ?????????? ??????????????? ?????????? ?????????????,10160,"0-2420-0076, 0-2431-0065, 0-2431-0071-2","0-2812-0844, 0-2420-3664, 0-2814-5030",http://www.thairung.co.th
TRUBB,?????? ???????????????????????? ????? (?????),SET,???????????????????????,??????????????,99/1-3 ???? 13 ???????? 21 ????????-???? ??.7 ??????????? ??????????? ???????????,10540,"0-2033-2333, 0-2033-2300-88",0-2033-2389-99,www.thaitex.com
TRUE,?????? ??? ???????????? ????? (?????),SET,?????????,??????????????????????????????,18 ???????? ???????? ????????????? ???????????? ??????????? ?????????????,10310,0-2859-1111,-,http://www.truecorp.co.th
TRV,?????? ??.????.??. ???????? ???????? ????? (?????),mai,????????????????,-,"40,88/8-9 ????????? 76 ??? 1-3-1 ??????????????? ????????? ?????????????",10150,0-2451-1562-3,0-2451-2885,www.trvrubber.co.th
TSC,?????? ????????????? ????? (?????),SET,????????????????,???????,?????? 700/737 ??????? 1 ?????????? ??????????? ??????,20160,0-3844-7200-205,-,www.tscpcl.com
TSE,?????? ??? ??????? ???????????? ????? (?????),SET,????????,?????????????????????,?????? 725 ???????? ????? ??????? 19 ??????????? ???????????????? ???????? ?????????????,10110,0-2258-4530-3,0-2258-4534,http://www.thaisolarenergy.com
TSI,?????? ???????????????????? ????? (?????),SET,?????????????,???????????????????????,?????? 87 ????.??? ???????? ??????????? ???? ????15 ?????????? 1 ??? 4-6 ???????? ??????????? ?????????? ?????????????,10330,0-2853-8888,0-2853-8889,www.tsi.co.th
TSR,?????? ????????? ??????? ???????? ????? (?????),SET,??????????????????,????????????????????????????,43/9 ??????? 7 ???????????????? 4 ??????????? ????????????? ???????,11120,0-2819-8899,0-2962-6675,https://www.tsrplc.com
TSTE,?????? ????????? ????? (?????),SET,??????,??????????????????,90 ???? 1 ??????????? ?????????????????? ????????????? ?????????????? ???????????,10130,0-2183-4567,"0-2183-4561, 0-2183-4562",www.tstegroup.com
TSTH,?????? ???? ???? (?????????) ????? (?????),SET,????????????????,????? ??? ?????????????,?????? 555 ????? ??? ??? (????? ??) ???? 20 ??????????? ??????????? ?????????? ?????????????,10900,0-2937-1000,0-2937-1223-4,www.tatasteelthailand.com
TTA,?????? ?????????? ??????????? ????? (?????),SET,??????,??????????????????,"???????????? ???? 8, 26/26-27 ???????? ??????????? ??????????? ?????????? ?????????????",10330,0-2250-0569-74,"0-2657-1038, 0-2655-5631",http://www.thoresen.com
TTB,?????????????????? ????? (?????),SET,?????????????,??????,3000 ??????????? ????????? ?????????? ?????????????,10900,"0-2299-1111, 0-2617-9111",0-2299-2758,https://www.ttbbank.com
TTCL,?????? ????????? ????? (?????),SET,??????????????????????????,?????????????????????,"159/42-44 ?????????????????????? ???? 28 - 30, ???????? 21 (????) ???????????????? ???????? ?????????????",10110,0-2260-8505,0-2260-8525-6,www.ttcl.com
TTI,?????? ???????????? ????? (?????),SET,??????????????????,??????,385 ????1 ???????????? ??????????? ???????????? ?????????? ???????????,10280,0-2703-8484,"0-2387-1983, 0-2387-0894",www.tti.co.th
TTLPF,??????????????????????????????????????????,SET,??????????????????????????,??????????????????????????????????????????????????????????????????,?????? 1 ????????????????????? ???? 32 ?????????? ??????????? ??????? ?????????????,10120,0-2686-6100,0-2670-0430,-
TTT,?????? ???? ?????????? (?????????) ????? (?????),SET,??????????????????,??????,???????????? ???? 5 ?????? 20 ???????????? ???????? ????????? ?????????????,10500,0-2266-6600-7,0-2238-3957-8,www.toray.co.th
TTW,?????? ??????????? ????? (?????),SET,????????,?????????????????????,30/130 ???? 12 ?????????????? 5 ?????????? ???????????? ??????,73210,"0-2019-9490-3, 0-2019-9484-9",0-2420-6064,http://www.ttwplc.com
TU,?????? ??????????? ????? ????? (?????),SET,???????????????????????,???????????????????,"???????? ???? ???????? ???? M, 979/12 ??????????? ????????? ???????? ?????????????",10400,"0-2298-0024, 0-2298-0537-41",0-2298-0553,thaiunion.com
TU-PF,???????????????????????????????????? ?? ?? ??? ??????????????? ??????????,SET,??????????????????????????,??????????????????????????????????????????????????????????????????,"???? 23A, 25 ???????????????????? ?????? 173/27-30, 32-33 ?????????? ?????????????? ??????? ?????????????",10120,0-2786-2000,0-2786-2370-74,-
TURBO,?????? ??????????? ????? (?????),SET,?????????????,????????????????????,?????? 500 ??????? 3 ????/???? ???????? ?????/??? ???????? ???????,11120,09-6294-1835,-,https://www.turbo.co.th/
TURTLE,?????? ???????? ????????? ????? (?????),mai,??????,-,1000/9 ??????? ????????? ????? - ????? ???????? ??????? 19 ?????????? 1901-1907 ??????????? ????????? ?????????? ?????????????,10900,0-2091-5900,0-2091-5928,www.superturtle.co.th
TVDH,?????? ?????? ????????? ????? (?????),mai,??????,-,?????? 25 ?.?????? ??????????? ????????? ?????????????,10230,0-2666-0999,0-2666-0488,http://www.tvdirect.tv
TVH,?????? ?????????? ????????? ????? (?????),SET,?????????????,???????????????????????,?????? 2 ?????????????? ????????? ???????????? ???????? ?????????????,10400,"0-2200-7307-8,0-2200-7412",0-2248-4406,https://thaivivatholdings.com
TVO,?????? ???????????? ????? (?????),SET,???????????????????????,???????????????????,149 ????????????? (??????-??????) ?????????? ????????? ?????????????,10600,0-2477-9020,"0-2477-9880, 0-2477-9894",www.tvothai.com
TVT,?????? ???? ???????? ????? (?????),mai,??????,-,1213/309-310 ??????????? 94 (????????) ????????? ??????????? ????????????? ?????????????,10310,0-2559-0022,0-2559-3609,http://www.tvthunder.co.th
TWP,?????? ??????????????? ????? (?????),SET,????????????????,????? ??? ?????????????,?????? 101/88 ??????? 20 ??????????????????? ?.????????? ?.???????? ????????,12120,0-2520-3855-64,0-2520-3865-66,www.thaiwireproducts.com
TWPC,?????? ????? ????? (?????),SET,???????????????????????,???????????????????,"?????? 21/11, 21/13 ?????????? 1 ???? 6 ?????????? ?????????????? ??????? ?????????????",10120,0-2285-0040,0-2285-0268,www.thaiwah.com
TWZ,?????? ???????????? ???????????? ????? (?????),SET,?????????,??????????????????????????????,?????? 269 ????????????? ?????????????? ????????? ?????????????,10400,0-2275-9789,0-2275-9798,www.twz.co.th
TYCN,???????????? ?????????? ????? (?????????) ????? (?????),SET,????????????????,????? ??? ?????????????,99 ???? 1 ????????????? ?????????????? ?????,21180,0-3365-8558,0-3863-6969,www.tycons.com
UAC,?????? ?????? ?????? ????? (?????),SET,????????????????,?????????????????????,?????? 1 ????? ???? ????? ?? ???? 19 ???????????????? 19 ???????????????? ??????????? ?????????? ?????????????,10900,0-2936-1701,0-2936-1700,www.uac.co.th
UBA,?????? ????????? ??????? ??????????? ????? (?????),mai,??????,-,???? 21 ????? ???????????? ?? ?????? 123 ???????????????? ????????? ?????????? ?????????????,10900,0-2789-3232,0-2617-8130,www.uba.co.th
UBE,?????? ???? ???? ??????? ????? (?????),SET,????????,?????????????????????,130-132 ?????????? ???????? 2 ???? 7 ???????? ??????????? ?????????? ?????????????,10330,0-2273-8666,0-2273-8668,www.ubonbioethanol.com
UBIS,?????? ????? (??????) ????? (?????),mai,????????????????,-,?????? 238 ????????????????? ???? 15 ???????? 4-6 ?????????????????????? ????????????? ?????????? ?????????????,10120,0-2683-0008,0-2294-2013,www.ubisasia.com
UEC,?????? ??????? ????????????? ????? (?????),mai,????????????????,-,109/92-95 ???? 19 ????????????? 66 ????????????? ??????????? ?????????????? ???????????,10130,0-2463-0100,0-2463-1910,www.unimit.com
UKEM,?????? ???????? ???????????? ????? (?????),mai,????????????????,-,"???????????????????, 728 ????????????? ????????? ?????????? ?????????????",10700,0-2881-8288,0-2433-7243-4,http://www.unionpetrochemical.com
UMI,?????? ????????????????? ????? (?????),SET,??????????????????????????,?????????????,"?????????? ???????? ?????? ????????? ???? 29, 65 ????????? 9 ??????????? ?????????????",10320,0-2248-7007-65,0-2248-7005-6,www.umi-tiles.com
UMS,?????? ????? ?????? ??????????? ????? (?????),mai,????????,-,26/23 ????? ??????? ???? 7 ???????? ??????????? ??????????? ?????????? ?????????????,10330,0-2655-7501-2,0-2655-7501-2,www.umspcl.com
UNIQ,?????? ????? ?????????????? ????? ???????????? ????? (?????),SET,??????????????????????????,?????????????????????,"?????? ????????????????????????? ???? 15, 200 ???? 4 ???????????? ???????????? ????????????? ???????",11120,0-2582-1888,0-2582-3196,http://www.unique.co.th
UOBKH,???????????????? ?????? ????????? (?????????) ????? (?????),SET,?????????????,????????????????????,?????? 130-132 ?????????? ???????? 1 ???? 3 ???????? ??????????? ?????????? ?????????????,10330,"0-2659-8000,0-2090-3333",-,https://www.utrade.co.th/
UP,?????? ??????????????? ????? (?????),SET,????????????????,?????????????????????,11/1 ???? 14 ???????????????????? ?????????? ??????????? ?????????? ?????????????,10510,0-2517-0109-14,0-2517-0529,www.unionplastic.co.th
UPF,?????? ?????????????????? ????? (?????),SET,??????????????????,??????,?????? 1 ?????????? 62 ??????????? ?????????? ?????????????,10510,0-2517-0105-8,"0-2517-0345, 0-2517-9056",www.unionpioneer.co.th
UPOIC,?????? ??????????????????????? ????? (?????),SET,???????????????????????,??????????????,64 ???? 1 ????????-???? 25 ????????? ???????? ?????????????,10260,0-2744-1046-8,0-2744-1049,www.upoic.co.th
UREKA,?????? ?????? ?????? ????? (?????),mai,????????????????,-,?????? 19 ??????? 11 ??????????? ???????????? ????????,12150,0-2192-3737,0-2192-3743-44,http://www.eurekadesign.co.th
UTP,?????? ???????? ??????? ????? (?????),SET,????????????????,??????????????????????,?????? 17 ??????????? ????????????? ?????????? ?????????????,10800,0-2910-2700-8,0-2910-2709,www.unitedpaper.co.th
UV,?????? ???????????? ????? (?????),SET,??????????????????????????,????????????????????,57 ????????????? ??????????? ???? 22 ???????? ??????????? ?????????? ?????????????,10330,0-2643-7100,0-2256-0505,www.univentures.co.th
UVAN,?????? ???????????????????? ????? (?????),SET,???????????????????????,??????????????,?????? 258 ??????????-??????? ?.?????????? ?.??????? ??????,81110,"0-7568-1116,0-7568-1126",-,www.univanich.com
VARO,?????? ???????? ????? (?????),SET,????????????????,?????????????????????????????,181 ?????? ????????????? ????????????? ?????????? ?????????????,10120,"0-2213-2514-7, 0-2231-2544",0-2287-2031,http://www.varopakorn.com
VCOM,?????? ???????? ????????? ????? (?????),mai,?????????,-,?????? 159/21 ?????????????? ???????? ???? 14 ???? 1401 ??????????? 21 (????) ???????????????? ???????? ?????????????,10110,0-2661-7979,0-2661-7969,www.vintcom.co.th
VGI,?????? ?????? ????? (?????),SET,??????,????????????????,?????? 1000/9 ???????????? ????????? ????? - ????? ???????? ??????? 27 ??????????? ????????? ?????????? ?????????????,10900,0-2273-8884,0-2273-8883,www.vgi.co.th
VIBHA,?????? ???????????????? ????? (?????),SET,??????,????????,51/3 ????????????? ?????????? ?????????? ?????????????,10900,"0-2579-9680-4, 0-2561-1258-67, 0-2941-2800","0-2561-1466, 0-2561-1462",http://www.vibhavadi.com
VIH,?????? ?????????????????? ????? (?????),SET,??????,????????,?????? 74/5 ???? 4 ??????????? ???????????? ??????????????? ?????????,74130,"0-2431-0070,1792",0-2431-1404,http://www.vichaivej.com
VL,?????? ??.???.?????????????? ????? (?????),mai,??????,-,41 ???????-?????? ???????????? ?????????? ?????????????,10400,0-2254-6604,0-2254-8749,www.vltanker.com
VNG,?????? ????? ????? ????? (?????),SET,??????????????????????????,?????????????,"2/1 ???????????? ?????????????, ?????????? ?????????????",10800,"0-2585-4900-3, 0-2913-2180-9",0-2587-9556,www.vanachai.com
VPO,?????? ????????????????????? ????? (?????),SET,???????????????????????,??????????????,2044 ?????????????? ?????????????????? ??????????? ??????????? ?????????????,10240,0-2314-4101-5,0-2319-7989,www.vcbpalmoil.com
VRANDA,?????? ??????? ??????? ????? (?????),SET,??????,?????????????????????????,?????? 555 ???????????????? ????? 2701-2704 ???? 27 ??????????? ??????????? ?????????? ?????????????,10900,0-2513-3003,0-2513-6844,https://www.verandaresort.com/
VS,?????? ???????? ?????????????? ????? (?????),mai,??????,-,?????? 1252 ??? ???????? 2 ????? 1 ???? 14-15 ?.???????? ??????????? ?????????? ?????????????,10250,0-2765-3999,-,www.gsc-servicecenter.com
WACOAL,?????? ???????? ????? (?????),SET,??????????????????,??????,132 ?????????????? 7 ??????????? ???????????? ?????????????,10120,"0-2289-3100-9, 0-2689-8300",0-2291-1788,www.wacoal.co.th
WARRIX,?????? ??????? ?????? ????? (?????),mai,??????????????????,-,849/6-8 ???????????? 6 ??????????? ?????????? ?????????????,10330,0-2117-1300,-,www.warrix.co.th
WASH,?????? ??????? ?? ????? (?????),mai,??????,-,?????? 689 ??????? 10 ????/???? ?????????? ?????/??? ???????????????? ???????????,10270,0-2666-4646,-,https://www.washxpressth.com/
WAVE,?????? ??? ??????????????? ????? (?????),SET,??????,??????????????,"?????? 2445/19,21 ????????????? ???????? ???????? ???? 14 ??? ??????????????? ??????????? ??????????? ?????????????",10310,0-2665-6705,-,http://www.wave-groups.com
WELL,?????? ??? ??????????? ???????????? ????? (?????),mai,??????????????????????????,-,?????? 21/2 ???????????????????? ???? 3 ?????????? 19 ?????????? ??????????? ?????????? ?????????????,10240,0-2121-7819,-,http://www.wellmanagement.co.th
WFX,?????? ????????????? ????? (?????),SET,??????????????????,??????,?????? 1/7 ?????????????? ??????? 3 ???? 3B ????????-???? 34 ???????????? ???????? ?????????????,10260,0-2398-7188,0-2398-7187,https://www.worldflex.net/
WGE,?????? ??? ???? ?????????????? ????? (?????),SET,??????????????????????????,?????????????????????,?????? 50/1203 ???? 9 ?????????? ????????????? ???????,11120,0-2981-7992?4,"0-2981-7995, 0-2981-7970",www.well-graded.com
WHA,?????? ???????????? ???????????? ????? (?????),SET,??????????????????????????,????????????????????,?????? 777 ????????????????? ???????? ???? 23-25 ??????? 13 ?????????? (?????-????) ??.7 ??????????? ??????????? ???????????,10540,0-2753-3750,0-2753-2750,https://www.wha-group.com
WHABT,??????????????????????????????????????????????????????????????? ???????? ??????????,SET,??????????????????????????,??????????????????????????????????????????????????????????????????,777 ????????????????? ???????? ???? 22 ??????? 13 ?????????? (?????-????) ??.7 ??????????? ??????????? ???????????,10540,0-2753-3159,0-2753-3527,www.whabt.com
WHAIR,???????????????????????????????????????????????????????????? ????????????,SET,??????????????????????????,??????????????????????????????????????????????????????????????????,?????? 777 ????????????????? ???????? ???? 2101 ???? 21 ???? 13 ?????????? (?????-????) ??. 7 ??????????? ??????????? ???????????,10540,0-2719-9557,-,https://wha-ir.com/
WHART,??????????????????????????????????????????????????????????????? ????????? ????,SET,??????????????????????????,??????????????????????????????????????????????????????????????????,777 ????????????????? ???????? ???? 22 ??????? 13 ?????????? (?????-????) ??.7 ??????????? ??????????? ???????????,10540,0-2753-3159,0-2753-3527,www.whareit.com
WHAUP,?????? ???????????? ??????????? ????? ???????? ????? (?????),SET,????????,?????????????????????,?????? 777 ????????????????? ???????? ???? 22 ?????????? 2203-2205 ??????? 13 ?????????? (?????-????) ??.7 ?. ??????? ?. ?????? ???????????,10540,0-2719-9559,0-2719-9558,www.wha-up.com
WICE,?????? ???? ?????????? ????? (?????),SET,??????,??????????????????,????? WICE PLACE ?????? 88/8 ???????? ????????????? ?????????? ?????????????,10120,0-2681-6181,0-2681-6173-75,www.wice.co.th
WIIK,?????? ??? ????? (?????),SET,??????????????????????????,?????????????,?????? 90 ????????????????? ???????? ?? ???? 21 ????????????? ???????????? ??????????? ?????????????,10310,0-2612-8600,0-2645-2828-9,www.wiik.co.th
WIN,?????? ????????????? ???????? ????? (?????),SET,??????????????????????????,????????????????????,?????? 105 ??????? 3 ????????-???? ??????????? ???????????? ??????????,24130,0-3857-3162-3,0-3857-3218,www.wyncoast.com
WINDOW,?????? ??????? ?????? ????? (?????),SET,??????????????????????????,?????????????,15/1 ??????? 1 ???????????? 2 ????????????? ??????????????????? ?????????,74000,02-123-1734-5,02-123-7333,http://windowasia.com
WINMED,?????? ??????????? ??????? ????? (?????),mai,??????????????????,-,634/4 ??????????? 39 (??????? 1) ????????????? ?????????????? ????????????? ?????????????,10310,0-2725-0888,0-2725-0880,http://www.winnergymedical.co.th
WINNER,?????? ????????????? ?????????????? ????? (?????),mai,???????????????????????,-,43 ???????????????????? ???? 21 ???? 214-219 ?????????? ??????????? ??????? ?????????????,10120,0-2675-6525,0-2675-6544,www.winnergroup.co.th
WORK,?????? ??????????? ????????????????? ????? (?????),SET,??????,????????????????,99 ???? 2 ?????????? ?????????? ????????,12000,0-2833-2000,0-2833-2999,http://www.workpoint.co.th
WP,?????? ????????? ???????????? ????? (?????),SET,????????,?????????????????????,?????? 1 ?????????? ??????? ???? 15 ???????????????? 5 ???????????????? ????????? ?????????? ?????????????,10900,0-2272-3322,0-2272-0655,www.wp-energy.co.th
WPH,?????? ?????????????????? ???? ????? (?????),SET,??????,????????,247/2 ????????? ????????????? ?????????? ????,92000,0-7520-5555,0-7520-5460,http://www.wattanapat.co.th/
WSOL,?????? ??????? ??? ?? ??? ????? (?????),SET,??????,???????,?????? 238 ??????????????-??????? ????????? ?????????????? ?????????????,10150,0-2451-5335,0-2451-5338,https://wsol.co.th
XBIO,?????? ?????? ??????????? ????? (?????),SET,???????????????????????,???????????????????,?????? 304 ?????????? ???? ?????? (?????A) ??????? 18 ?????????? 1803-1806 ??????????? ???????????? ???????? ?????????????,10400,0-2278-5456,-,http://www.xbio.co.th
XO,?????? ????????? ???? ????? (?????),mai,???????????????????????,-,?????? 130-132 ?????????? ???????? 2 ???? 9 ???????? ??????????? ?????????? ?????????????,10330,0-2650-7779,-,www.exoticfoodthailand.com
XPG,?????? ??????????? ???????? ????? (?????),SET,?????????????,????????????????????,?????? 59 ???? ?????? ????? ?? ???? 2 ????????????????? ???????????????? ???????? ?????????????,10110,0-2030-3730,-,www.xspringcapital.com
XYZ,?????? ??????????????????? ????? (?????),SET,?????????,??????????????????????????????,?????? 27 ????????????? ???????? ?? ??????? 9 ????????????????? ???????????? ?????????? ?????????????,10900,0-2037-8122,-,www.rsxyz.com
YGG,?????? ?????????? ????? ????? (?????),mai,??????,-,348 ??????????? 94 (????????) ??????????? ????????????? ?????????????,10310,0-2934-4364,0-2934-4560,http://www.ygg-cg.com
YONG,?????? ????????? ????? (?????),mai,??????????????????????????,-,?????? 148/9 ??????? 3 ??????????? ???????????? ?????????,71110,0-3451-0561-65,0-3451-0561 ext. 501,www.yongconcrete.co.th
YUASA,?????? ??????????????? ????????? ????? (?????),mai,????????????????,-,164 ???? 5 ????????? 55 ??????????? ???????????????? ????????????????????? ???????????,10280,0-2769-7300,0-2769-7349,www.yuasathai.com
ZAA,?????? ????????? ????? (?????),SET,??????,????????????????,29 ???????????? ?????????????? 15 ????? ?? ???????? ??????????? ??????????? ?????????? ?????????????,10330,0-2254-5662,0-2254-5662,www.zalekta.com
ZEN,?????? ???? ???????????? ????? ????? (?????),SET,???????????????????????,???????????????????,?????? 662 ?????????? 17 ??????????? ?????????? ?????????????,10250,0-2019-5000 Ext.982,0-2030-5322,www.zengroup.co.th
ZIGA,?????? ????? ??????????? ????? (?????),mai,????????????????,-,?????? 8 ???? 10 ?????????????????? ??????????????????? ???????????,10290,0-2096-5977,-,www.ziga.co.th
